date,latitude,longitude,iceberg,size
2000-05-04,-78.157,-169.888,b15b,3821.02
2000-05-05,-78.171,-170.278,b15b,3839.12
2000-05-06,-78.178,-170.474,b15b,3857.21
2000-05-07,-78.145,-170.702,b15b,3875.31
2000-05-08,-78.145,-170.702,b15b,3893.41
2000-05-09,-78.145,-170.702,b15b,3911.5
2000-05-10,-78.145,-170.702,b15b,3929.6
2000-05-11,-78.145,-170.702,b15b,3947.7
2000-05-12,-78.151,-170.897,b15b,3965.79
2000-05-13,-78.178,-170.474,b15b,3983.89
2000-05-14,-78.178,-170.474,b15b,4001.99
2000-05-15,-78.191,-170.866,b15b,4020.08
2000-05-16,-78.191,-170.866,b15b,4038.18
2000-05-17,-78.191,-170.866,b15b,4060.14
2000-05-18,-78.191,-170.866,b15b,4079.8
2000-05-19,-78.191,-170.866,b15b,4099.49
2000-05-20,-78.191,-170.866,b15b,4116.93
2000-05-21,-78.191,-170.866,b15b,4133.23
2000-05-22,-78.191,-170.866,b15b,4148.4
2000-05-23,-78.191,-170.866,b15b,4072.74
2000-05-24,-78.191,-170.866,b15b,4004.62
2000-05-25,-78.244,-171.228,b15b,3987.93
2000-05-26,-78.198,-171.062,b15b,3938.11
2000-05-27,-78.21,-171.455,b15b,3893.62
2000-05-28,-78.205,-170.877,b15b,3864.83
2000-05-29,-78.256,-171.623,b15b,3841.76
2000-05-30,-78.256,-171.623,b15b,3822.44
2000-05-31,-78.256,-171.623,b15b,3791.68
2000-06-01,-78.222,-171.849,b15b,3770.53
2000-06-02,-78.222,-171.849,b15b,3751.42
2000-06-03,-78.228,-172.046,b15b,3729.52
2000-06-04,-78.244,-172.639,b15b,3711.11
2000-06-05,-78.254,-173.035,b15b,3692.07
2000-06-06,-78.268,-173.63,b15b,3673.61
2000-06-07,-78.268,-173.63,b15b,3660.68
2000-06-08,-78.268,-173.63,b15b,3652.24
2000-06-09,-78.192,-173.872,b15b,3647.74
2000-06-10,-78.196,-174.069,b15b,3646.37
2000-06-11,-78.178,-173.295,b15b,3652.63
2000-06-12,-78.175,-173.34,b15b,3661.46
2000-06-13,-78.168,-173.382,b15b,3670.41
2000-06-14,-78.16,-173.518,b15b,3682.95
2000-06-15,-78.131,-173.662,b15b,3696.93
2000-06-16,-78.121,-173.694,b15b,3712.37
2000-06-17,-78.096,-173.831,b15b,3730.11
2000-06-18,-78.091,-173.761,b15b,3749.5
2000-06-19,-78.082,-173.795,b15b,3766.55
2000-06-20,-78.129,-173.708,b15b,3782.34
2000-06-21,-78.19,-173.815,b15b,3798.91
2000-06-22,-78.119,-174.307,b15b,3825.7
2000-06-23,-78.083,-174.522,b15b,3853.23
2000-06-24,-78.083,-174.522,b15b,3881.32
2000-06-25,-78.289,-173.813,b15b,3908.08
2000-06-26,-78.079,-174.326,b15b,3934.3
2000-06-27,-78.079,-174.326,b15b,3958.91
2000-06-28,-78.079,-174.326,b15b,3981.63
2000-06-29,-78.079,-174.326,b15b,3999.05
2000-06-30,-78.079,-174.326,b15b,4007.68
2000-07-01,-78.038,-174.345,b15b,4016.15
2000-07-02,-78.169,-174.173,b15b,4019.45
2000-07-03,-78.038,-174.345,b15b,4019.68
2000-07-04,-78.038,-174.345,b15b,4019.64
2000-07-05,-78.002,-174.559,b15b,4021.61
2000-07-06,-78.002,-174.559,b15b,4017.58
2000-07-07,-78.002,-174.559,b15b,4013.06
2000-07-08,-78.002,-174.559,b15b,4008.74
2000-07-09,-77.965,-174.772,b15b,4002.94
2000-07-10,-77.965,-174.772,b15b,3996.29
2000-07-11,-77.965,-174.772,b15b,3989.99
2000-07-12,-77.965,-174.772,b15b,3981.48
2000-07-13,-77.965,-174.772,b15b,3971.48
2000-07-14,-77.965,-174.772,b15b,3965.51
2000-07-15,-77.965,-174.772,b15b,3963.96
2000-07-16,-77.733,-174.636,b15b,3957.84
2000-07-17,-77.714,-174.741,b15b,3953.66
2000-07-18,-77.696,-174.846,b15b,3948.32
2000-07-19,-77.696,-174.846,b15b,3942.77
2000-07-20,-77.675,-174.854,b15b,3938.28
2000-07-21,-77.675,-174.854,b15b,3934.97
2000-07-22,-77.657,-174.958,b15b,3931.68
2000-07-23,-77.657,-174.958,b15b,3929.42
2000-07-24,-77.773,-175.432,b15b,3932.62
2000-07-25,-77.733,-175.447,b15b,3938.4
2000-07-26,-77.733,-175.447,b15b,3944.49
2000-07-27,-77.733,-175.447,b15b,3952.65
2000-07-28,-77.692,-175.462,b15b,3961.81
2000-07-29,-77.692,-175.462,b15b,3971.62
2000-07-30,-77.692,-175.462,b15b,3983.68
2000-07-31,-77.652,-175.477,b15b,3995.4
2000-08-01,-77.655,-175.667,b15b,4010.55
2000-08-02,-77.614,-175.681,b15b,4024.79
2000-08-03,-77.536,-175.897,b15b,4038.12
2000-08-04,-77.458,-176.11,b15b,4053.34
2000-08-05,-77.458,-176.11,b15b,4068.63
2000-08-06,-77.417,-176.123,b15b,4082.72
2000-08-07,-77.299,-176.344,b15b,4098.23
2000-08-08,-77.22,-176.551,b15b,4111.47
2000-08-09,-77.139,-176.573,b15b,4119.61
2000-08-10,-77.139,-176.573,b15b,4133.3
2000-08-11,-77.139,-176.573,b15b,4142.69
2000-08-12,-77.139,-176.573,b15b,4149.28
2000-08-13,-77.119,-176.386,b15b,4156.68
2000-08-14,-77.085,-176.392,b15b,4164.11
2000-08-15,-77.067,-176.392,b15b,4155.73
2000-08-16,-77.048,-176.392,b15b,4155.29
2000-08-17,-77.01,-176.397,b15b,4153.2
2000-08-18,-76.994,-176.397,b15b,4151.56
2000-08-19,-76.963,-176.403,b15b,4150.0
2000-08-20,-76.959,-176.403,b15b,4147.62
2000-08-21,-76.977,-176.616,b15b,4141.5
2000-08-22,-76.977,-176.616,b15b,4135.26
2000-08-23,-76.936,-176.626,b15b,4129.46
2000-08-24,-76.936,-176.626,b15b,4119.8
2000-08-25,-76.936,-176.626,b15b,4110.9
2000-08-26,-76.898,-176.816,b15b,4097.69
2000-08-27,-76.817,-176.835,b15b,4085.9
2000-08-28,-76.777,-176.845,b15b,4077.86
2000-08-29,-76.777,-176.845,b15b,4062.74
2000-08-30,-76.736,-176.855,b15b,4046.39
2000-08-31,-76.736,-176.855,b15b,4030.23
2000-09-01,-76.736,-176.855,b15b,4006.72
2000-09-02,-76.696,-176.865,b15b,3985.28
2000-09-03,-76.881,-176.669,b15b,3965.39
2000-09-04,-76.631,-177.088,b15b,3945.39
2000-09-05,-76.601,-177.264,b15b,3926.72
2000-09-06,-76.569,-177.409,b15b,3910.07
2000-09-07,-76.53,-177.469,b15b,3892.65
2000-09-08,-76.479,-177.182,b15b,3873.86
2000-09-09,-76.463,-177.71,b15b,3869.97
2000-09-10,-76.449,-177.485,b15b,3857.66
2000-09-11,-76.44,-177.538,b15b,3846.5
2000-09-12,-76.402,-177.629,b15b,3832.2
2000-09-13,-76.404,-177.975,b15b,3817.29
2000-09-14,-76.424,-178.055,b15b,3803.0
2000-09-15,-76.406,-178.155,b15b,3789.02
2000-09-16,-76.372,-177.843,b15b,3776.0
2000-09-17,-76.391,-177.108,b15b,3761.68
2000-09-18,-76.382,-177.793,b15b,3745.25
2000-09-19,-76.383,-177.89,b15b,3724.92
2000-09-20,-76.362,-177.814,b15b,3706.63
2000-09-21,-76.403,-177.891,b15b,3690.91
2000-09-22,-76.402,-177.891,b15b,3670.88
2000-09-23,-76.403,-177.881,b15b,3656.49
2000-09-24,-76.403,-177.881,b15b,3642.28
2000-09-25,-76.412,-177.837,b15b,3629.79
2000-09-26,-76.369,-177.586,b15b,3622.59
2000-09-27,-76.407,-178.226,b15b,3613.55
2000-09-28,-76.384,-178.055,b15b,3604.82
2000-09-29,-76.401,-177.717,b15b,3593.06
2000-09-30,-76.379,-177.457,b15b,3583.05
2000-10-01,-76.328,-176.609,b15b,3574.06
2000-10-02,-76.32,-176.531,b15b,3563.67
2000-10-03,-76.31,-176.509,b15b,3556.55
2000-10-04,-76.325,-176.797,b15b,3552.24
2000-10-05,-76.295,-176.794,b15b,3549.61
2000-10-06,-76.247,-176.88,b15b,3552.62
2000-10-07,-76.251,-176.918,b15b,3551.83
2000-10-08,-76.258,-176.939,b15b,3552.59
2000-10-09,-76.306,-177.34,b15b,3559.12
2000-10-10,-76.277,-177.48,b15b,3570.17
2000-10-11,-76.305,-177.255,b15b,3582.3
2000-10-12,-76.285,-177.259,b15b,3591.1
2000-10-13,-76.278,-177.481,b15b,3604.71
2000-10-14,-76.235,-177.389,b15b,3622.47
2000-10-15,-76.259,-177.654,b15b,3639.91
2000-10-16,-76.26,-177.741,b15b,3654.93
2000-10-17,-76.26,-177.737,b15b,3674.21
2000-10-18,-76.289,-177.685,b15b,3689.74
2000-10-19,-76.22,-177.834,b15b,3706.52
2000-10-20,-76.221,-178.002,b15b,3722.84
2000-10-21,-76.22,-177.906,b15b,3740.73
2000-10-22,-76.226,-177.609,b15b,3757.89
2000-10-23,-76.196,-177.792,b15b,3774.99
2000-10-24,-76.19,-177.443,b15b,3793.04
2000-10-25,-76.174,-177.317,b15b,3810.85
2000-10-26,-76.112,-177.068,b15b,3828.17
2000-10-27,-76.083,-177.029,b15b,3846.55
2000-10-28,-75.991,-176.739,b15b,3862.52
2000-10-29,-75.974,-176.728,b15b,3877.59
2000-10-30,-76.048,-176.756,b15b,3892.51
2000-10-31,-76.048,-176.756,b15b,3899.15
2000-11-01,-76.048,-176.756,b15b,3910.2
2000-11-02,-76.048,-176.756,b15b,3920.04
2000-11-03,-76.048,-176.756,b15b,3924.01
2000-11-04,-75.957,-176.76,b15b,3924.01
2000-11-05,-75.957,-176.76,b15b,3922.75
2000-11-06,-75.957,-176.76,b15b,3924.46
2000-11-07,-75.957,-176.76,b15b,3926.15
2000-11-08,-75.957,-176.76,b15b,3926.77
2000-11-09,-75.881,-176.935,b15b,3922.04
2000-11-10,-75.794,-177.056,b15b,3915.58
2000-11-11,-75.794,-177.056,b15b,3910.07
2000-11-12,-75.747,-176.928,b15b,3906.06
2000-11-13,-75.748,-176.837,b15b,3896.25
2000-11-14,-75.748,-176.837,b15b,3882.97
2000-11-15,-75.748,-176.837,b15b,3867.08
2000-11-16,-75.684,-176.781,b15b,3852.3
2000-11-17,-75.684,-176.781,b15b,3827.88
2000-11-18,-75.684,-176.781,b15b,3799.95
2000-11-19,-75.684,-176.781,b15b,3769.16
2000-11-20,-75.684,-176.781,b15b,3749.75
2000-11-21,-75.625,-176.928,b15b,3719.92
2000-11-22,-75.625,-176.928,b15b,3683.66
2000-11-23,-75.549,-176.964,b15b,3656.89
2000-11-24,-75.549,-176.964,b15b,3624.7
2000-11-25,-75.468,-176.91,b15b,3580.09
2000-11-26,-75.468,-176.91,b15b,3532.57
2000-11-27,-75.468,-176.91,b15b,3499.58
2000-11-28,-75.356,-176.884,b15b,3449.25
2000-11-29,-75.356,-176.884,b15b,3397.75
2000-11-30,-75.356,-176.884,b15b,3345.19
2000-12-01,-75.275,-177.032,b15b,3293.85
2000-12-02,-75.275,-177.032,b15b,3240.81
2000-12-03,-75.181,-177.209,b15b,3188.22
2000-12-04,-75.181,-177.209,b15b,3140.3
2000-12-05,-75.213,-176.963,b15b,3093.24
2000-12-06,-75.213,-176.963,b15b,3042.32
2000-12-07,-75.008,-177.04,b15b,2994.76
2000-12-08,-74.978,-176.972,b15b,2952.53
2000-12-09,-74.885,-177.135,b15b,2913.67
2000-12-10,-74.73,-177.208,b15b,2877.16
2000-12-11,-74.681,-177.031,b15b,2842.58
2000-12-12,-74.681,-177.031,b15b,2817.9
2000-12-13,-74.678,-176.879,b15b,2796.31
2000-12-14,-74.598,-176.892,b15b,2778.34
2000-12-15,-74.598,-176.892,b15b,2748.97
2000-12-16,-74.419,-177.075,b15b,2731.46
2000-12-17,-74.419,-177.075,b15b,2719.97
2000-12-18,-74.377,-177.007,b15b,2697.91
2000-12-19,-74.377,-177.007,b15b,2681.02
2000-12-20,-74.28,-177.72,b15b,2679.49
2000-12-21,-74.179,-177.738,b15b,2684.62
2000-12-22,-74.226,-177.695,b15b,2676.54
2000-12-23,-74.003,-177.654,b15b,2690.66
2000-12-24,-73.81,-177.474,b15b,2708.07
2000-12-25,-73.741,-177.62,b15b,2726.61
2000-12-26,-73.62,-177.638,b15b,2749.7
2000-12-27,-73.62,-177.638,b15b,2769.5
2000-12-28,-73.613,-177.736,b15b,2789.66
2000-12-29,-73.518,-177.582,b15b,2814.65
2000-12-30,-73.326,-177.712,b15b,2840.69
2000-12-31,-73.304,-177.648,b15b,2866.3
2001-01-01,-73.265,-177.654,b15b,2890.95
2001-01-02,-73.274,-177.338,b15b,2916.09
2001-01-03,-73.223,-177.237,b15b,2942.83
2001-01-04,-73.2,-177.168,b15b,2969.51
2001-01-05,-73.121,-177.258,b15b,2994.74
2001-01-06,-73.119,-177.174,b15b,3019.64
2001-01-07,-73.064,-177.866,b15b,3045.3
2001-01-08,-73.028,-177.032,b15b,3070.37
2001-01-09,-73.037,-177.122,b15b,3094.78
2001-01-10,-73.037,-177.122,b15b,3119.07
2001-01-11,-73.037,-177.122,b15b,3143.6
2001-01-12,-73.037,-177.122,b15b,3169.65
2001-01-13,-73.037,-177.122,b15b,3199.34
2001-01-14,-73.037,-177.122,b15b,3232.87
2001-01-15,-72.938,-177.513,b15b,3262.79
2001-01-16,-72.932,-177.506,b15b,3293.85
2001-01-17,-72.932,-177.506,b15b,3319.67
2001-01-18,-72.952,-177.547,b15b,3349.31
2001-01-19,-72.872,-177.962,b15b,3374.3
2001-01-20,-72.872,-177.962,b15b,3393.0
2001-01-21,-72.886,-177.781,b15b,3416.41
2001-01-22,-72.886,-177.792,b15b,3437.85
2001-01-23,-72.864,-177.596,b15b,3455.58
2001-01-24,-72.864,-177.639,b15b,3471.87
2001-01-25,-72.852,-177.835,b15b,3489.1
2001-01-26,-72.852,-177.891,b15b,3506.3
2001-01-27,-72.852,-177.948,b15b,3520.18
2001-01-28,-72.852,-178.001,b15b,3535.31
2001-01-29,-72.804,-177.802,b15b,3547.51
2001-01-30,-72.804,-177.802,b15b,3557.87
2001-01-31,-72.857,-178.068,b15b,3569.77
2001-02-01,-72.857,-178.068,b15b,3576.59
2001-02-02,-72.857,-178.068,b15b,3584.31
2001-02-03,-72.857,-178.068,b15b,3589.51
2001-02-04,-72.857,-178.068,b15b,3592.98
2001-02-05,-72.857,-178.068,b15b,3597.81
2001-02-06,-72.857,-178.068,b15b,3604.61
2001-02-07,-72.857,-178.068,b15b,3608.34
2001-02-08,-72.857,-178.068,b15b,3609.06
2001-02-09,-72.791,-178.354,b15b,3607.2
2001-02-10,-72.813,-178.907,b15b,3603.22
2001-02-11,-72.925,-179.469,b15b,3598.75
2001-02-12,-72.956,-179.747,b15b,3588.8
2001-02-13,-72.964,-179.822,b15b,3582.93
2001-02-14,-72.978,179.857,b15b,3576.65
2001-02-15,-72.987,179.781,b15b,3568.1
2001-02-16,-72.995,179.707,b15b,3564.56
2001-02-17,-73.024,179.438,b15b,3557.87
2001-02-18,-73.046,179.249,b15b,3547.84
2001-02-19,-72.992,179.398,b15b,3537.26
2001-02-20,-72.993,179.175,b15b,3525.87
2001-02-21,-72.993,179.175,b15b,3516.75
2001-02-22,-72.993,179.175,b15b,3500.72
2001-02-23,-72.993,179.175,b15b,3486.89
2001-02-24,-72.975,178.685,b15b,3477.62
2001-02-25,-72.975,178.685,b15b,3464.91
2001-02-26,-72.975,178.685,b15b,3456.85
2001-02-27,-72.975,178.685,b15b,3444.31
2001-02-28,-72.975,178.685,b15b,3429.4
2001-03-01,-72.975,178.685,b15b,3413.8
2001-03-02,-73.012,178.148,b15b,3398.8
2001-03-03,-73.012,178.148,b15b,3380.03
2001-03-04,-73.056,178.024,b15b,3361.21
2001-03-05,-73.054,177.975,b15b,3339.96
2001-03-06,-73.05,177.924,b15b,3320.89
2001-03-07,-73.033,177.648,b15b,3301.4
2001-03-08,-73.024,177.595,b15b,3282.63
2001-03-09,-73.015,177.544,b15b,3263.91
2001-03-10,-72.993,177.369,b15b,3244.81
2001-03-11,-72.984,177.326,b15b,3227.31
2001-03-12,-72.968,177.451,b15b,3210.19
2001-03-13,-72.968,177.451,b15b,3184.68
2001-03-14,-72.883,177.139,b15b,3160.94
2001-03-15,-72.815,176.965,b15b,3138.3
2001-03-16,-72.815,176.965,b15b,3119.6
2001-03-17,-72.815,176.965,b15b,3103.75
2001-03-18,-72.815,176.965,b15b,3087.61
2001-03-19,-72.815,176.965,b15b,3073.72
2001-03-20,-72.767,176.641,b15b,3060.1
2001-03-21,-72.767,176.641,b15b,3043.1
2001-03-22,-72.767,176.641,b15b,3031.26
2001-03-23,-72.767,176.641,b15b,3014.78
2001-03-24,-72.767,176.641,b15b,3002.1
2001-03-25,-72.683,176.471,b15b,2997.2
2001-03-26,-72.668,176.374,b15b,2992.9
2001-03-27,-72.584,176.174,b15b,2986.15
2001-03-28,-72.584,176.174,b15b,2980.94
2001-03-29,-72.584,176.174,b15b,2974.46
2001-03-30,-72.584,176.174,b15b,2969.6
2001-03-31,-72.584,176.174,b15b,2964.87
2001-04-01,-72.504,175.839,b15b,2960.5
2001-04-02,-72.504,175.839,b15b,2956.31
2001-04-03,-72.504,175.839,b15b,2952.27
2001-04-04,-72.504,175.839,b15b,2948.44
2001-04-05,-72.338,175.422,b15b,2944.85
2001-04-06,-72.338,175.422,b15b,2943.21
2001-04-07,-72.249,174.959,b15b,2943.47
2001-04-08,-72.249,174.959,b15b,2942.63
2001-04-09,-72.208,174.767,b15b,2944.76
2001-04-10,-72.208,174.767,b15b,2943.72
2001-04-11,-72.165,173.986,b15b,2941.39
2001-04-12,-72.149,173.674,b15b,2937.24
2001-04-13,-72.149,173.674,b15b,2935.25
2001-04-14,-72.149,173.674,b15b,2936.9
2001-04-15,-72.058,173.315,b15b,2927.94
2001-04-16,-72.044,173.265,b15b,2918.15
2001-04-17,-72.03,173.216,b15b,2914.04
2001-04-18,-72.017,173.171,b15b,2906.55
2001-04-19,-72.003,173.129,b15b,2893.09
2001-04-20,-71.965,172.92,b15b,2879.89
2001-04-21,-71.95,172.883,b15b,2864.15
2001-04-22,-71.872,172.548,b15b,2845.46
2001-04-23,-71.796,172.313,b15b,2828.59
2001-04-24,-71.778,172.281,b15b,2809.66
2001-04-25,-71.711,172.216,b15b,2790.3
2001-04-26,-71.691,172.187,b15b,2764.68
2001-04-27,-71.673,172.16,b15b,2739.5
2001-04-28,-71.655,172.135,b15b,2706.06
2001-04-29,-71.641,172.112,b15b,2677.78
2001-04-30,-71.629,172.093,b15b,2655.77
2001-05-01,-71.535,171.966,b15b,2632.03
2001-05-02,-71.526,171.952,b15b,2610.62
2001-05-03,-71.517,171.938,b15b,2582.86
2001-05-04,-71.508,171.922,b15b,2557.13
2001-05-05,-71.496,171.902,b15b,2531.96
2001-05-06,-71.481,171.876,b15b,2506.3
2001-05-07,-71.411,171.789,b15b,2483.27
2001-05-08,-71.38,171.716,b15b,2459.6
2001-05-09,-71.342,171.624,b15b,2432.4
2001-05-10,-71.244,171.44,b15b,2416.01
2001-05-11,-71.202,171.331,b15b,2397.92
2001-05-12,-71.129,171.155,b15b,2379.0
2001-05-13,-71.031,170.929,b15b,2363.26
2001-05-14,-70.967,170.771,b15b,2351.26
2001-05-15,-70.936,170.682,b15b,2339.69
2001-05-16,-70.852,170.439,b15b,2331.03
2001-05-17,-70.788,170.218,b15b,2324.25
2001-05-18,-70.728,170.029,b15b,2315.28
2001-05-19,-70.677,169.871,b15b,2308.53
2001-05-20,-70.617,169.671,b15b,2302.09
2001-05-21,-70.556,169.472,b15b,2302.11
2001-05-22,-70.484,169.199,b15b,2301.26
2001-05-23,-70.414,168.99,b15b,2308.79
2001-05-24,-70.369,168.747,b15b,2311.57
2001-05-25,-70.349,168.678,b15b,2307.84
2001-05-26,-70.283,168.562,b15b,2303.54
2001-05-27,-70.259,168.475,b15b,2297.71
2001-05-28,-70.204,168.265,b15b,2299.38
2001-05-29,-70.166,168.137,b15b,2300.86
2001-05-30,-70.08,167.811,b15b,2300.24
2001-05-31,-70.04,167.661,b15b,2298.96
2001-06-01,-69.913,167.213,b15b,2297.24
2001-06-02,-69.887,167.069,b15b,2295.62
2001-06-03,-69.833,166.846,b15b,2293.92
2001-06-04,-69.827,166.727,b15b,2292.05
2001-06-05,-69.785,166.473,b15b,2289.52
2001-06-06,-69.774,166.301,b15b,2287.06
2001-06-07,-69.771,166.193,b15b,2282.88
2001-06-08,-69.769,166.09,b15b,2277.77
2001-06-09,-69.766,165.991,b15b,2273.49
2001-06-10,-69.735,165.766,b15b,2269.3
2001-06-11,-69.77,166.532,b15b,2264.92
2001-06-12,-69.697,166.177,b15b,2261.0
2001-06-13,-69.697,166.177,b15b,2256.85
2001-06-14,-69.697,166.177,b15b,2252.95
2001-06-15,-69.689,165.584,b15b,2248.63
2001-06-16,-69.689,165.584,b15b,2244.92
2001-06-17,-69.695,164.946,b15b,2241.19
2001-06-18,-69.695,164.946,b15b,2236.91
2001-06-19,-69.695,164.946,b15b,2232.7
2001-06-20,-69.625,164.542,b15b,2229.84
2001-06-21,-69.596,164.159,b15b,2229.32
2001-06-22,-69.596,164.159,b15b,2229.02
2001-06-23,-69.596,164.159,b15b,2226.52
2001-06-24,-69.53,163.484,b15b,2224.96
2001-06-25,-69.501,163.133,b15b,2223.91
2001-06-26,-69.452,162.603,b15b,2222.91
2001-06-27,-69.452,162.603,b15b,2221.74
2001-06-28,-69.371,162.164,b15b,2220.04
2001-06-29,-69.371,162.164,b15b,2218.98
2001-06-30,-69.371,162.164,b15b,2217.18
2001-07-01,-69.235,161.943,b15b,2215.85
2001-07-02,-69.23,161.901,b15b,2215.76
2001-07-03,-69.227,161.865,b15b,2216.6
2001-07-04,-69.224,161.834,b15b,2216.55
2001-07-05,-69.151,161.746,b15b,2218.19
2001-07-06,-69.148,161.713,b15b,2220.34
2001-07-07,-69.132,161.6,b15b,2221.72
2001-07-08,-69.105,161.416,b15b,2223.34
2001-07-09,-69.083,161.271,b15b,2224.77
2001-07-10,-69.063,161.174,b15b,2226.72
2001-07-11,-69.015,161.017,b15b,2227.72
2001-07-12,-68.988,160.903,b15b,2228.33
2001-07-13,-68.934,160.815,b15b,2229.77
2001-07-14,-68.911,160.737,b15b,2231.77
2001-07-15,-68.893,160.695,b15b,2232.25
2001-07-16,-68.874,160.605,b15b,2232.37
2001-07-17,-68.862,160.592,b15b,2232.88
2001-07-18,-68.846,160.521,b15b,2232.69
2001-07-19,-68.826,160.44,b15b,2231.85
2001-07-20,-68.817,160.432,b15b,2229.35
2001-07-21,-68.748,160.233,b15b,2226.72
2001-07-22,-68.739,160.224,b15b,2224.41
2001-07-23,-68.713,160.038,b15b,2222.39
2001-07-24,-68.677,160.053,b15b,2216.92
2001-07-25,-68.67,160.045,b15b,2211.06
2001-07-26,-68.664,160.036,b15b,2204.2
2001-07-27,-68.618,159.999,b15b,2197.89
2001-07-28,-68.587,159.929,b15b,2192.64
2001-07-29,-68.579,159.912,b15b,2186.92
2001-07-30,-68.555,159.747,b15b,2179.03
2001-07-31,-68.52,159.752,b15b,2171.02
2001-08-01,-68.505,159.662,b15b,2165.0
2001-08-02,-68.451,159.584,b15b,2157.79
2001-08-03,-68.439,159.485,b15b,2150.85
2001-08-04,-68.438,159.231,b15b,2144.88
2001-08-05,-68.416,159.093,b15b,2139.95
2001-08-06,-68.433,159.487,b15b,2136.46
2001-08-07,-68.397,159.438,b15b,2134.55
2001-08-08,-68.397,159.438,b15b,2132.21
2001-08-09,-68.397,159.438,b15b,2132.15
2001-08-10,-68.28,159.034,b15b,2132.28
2001-08-11,-68.28,159.034,b15b,2133.6
2001-08-12,-68.28,159.034,b15b,2136.01
2001-08-13,-68.28,159.034,b15b,2139.53
2001-08-14,-68.269,158.677,b15b,2144.38
2001-08-15,-68.262,158.448,b15b,2150.44
2001-08-16,-68.241,158.327,b15b,2156.71
2001-08-17,-68.241,158.327,b15b,2169.53
2001-08-18,-68.187,158.018,b15b,2185.85
2001-08-19,-68.314,157.8,b15b,2201.77
2001-08-20,-68.304,157.686,b15b,2219.12
2001-08-21,-68.268,157.614,b15b,2244.33
2001-08-22,-68.244,157.568,b15b,2269.69
2001-08-23,-68.207,157.498,b15b,2298.41
2001-08-24,-68.183,157.453,b15b,2333.06
2001-08-25,-68.165,157.412,b15b,2367.95
2001-08-26,-68.142,157.275,b15b,2400.73
2001-08-27,-68.149,157.242,b15b,2432.38
2001-08-28,-68.165,157.212,b15b,2464.51
2001-08-29,-68.187,157.183,b15b,2496.76
2001-08-30,-68.222,156.797,b15b,2527.22
2001-08-31,-68.278,156.85,b15b,2556.15
2001-09-01,-68.295,156.827,b15b,2583.93
2001-09-02,-68.301,156.806,b15b,2611.67
2001-09-03,-68.32,156.66,b15b,2638.43
2001-09-04,-68.342,156.608,b15b,2665.39
2001-09-05,-68.378,156.549,b15b,2690.69
2001-09-06,-68.376,156.533,b15b,2715.74
2001-09-07,-68.373,156.518,b15b,2739.91
2001-09-08,-68.371,156.504,b15b,2764.05
2001-09-09,-68.394,156.426,b15b,2785.38
2001-09-10,-68.397,156.414,b15b,2807.1
2001-09-11,-68.434,156.46,b15b,2819.68
2001-09-12,-68.443,156.45,b15b,2834.08
2001-09-13,-68.454,156.44,b15b,2845.98
2001-09-14,-68.462,156.386,b15b,2849.35
2001-09-15,-68.469,156.376,b15b,2842.11
2001-09-16,-68.472,156.366,b15b,2834.53
2001-09-17,-68.454,156.31,b15b,2823.31
2001-09-18,-68.447,156.299,b15b,2806.33
2001-09-19,-68.46,156.227,b15b,2783.81
2001-09-20,-68.449,156.216,b15b,2761.78
2001-09-21,-68.44,156.205,b15b,2743.52
2001-09-22,-68.432,156.195,b15b,2723.33
2001-09-23,-68.43,156.186,b15b,2702.84
2001-09-24,-68.43,156.177,b15b,2682.92
2001-09-25,-68.43,156.167,b15b,2662.56
2001-09-26,-68.43,156.158,b15b,2643.01
2001-09-27,-68.43,156.149,b15b,2631.37
2001-09-28,-68.43,156.142,b15b,2613.76
2001-09-29,-68.43,156.138,b15b,2596.7
2001-09-30,-68.409,156.11,b15b,2584.47
2001-10-01,-68.409,156.11,b15b,2572.02
2001-10-02,-68.409,156.11,b15b,2559.97
2001-10-03,-68.409,156.11,b15b,2550.05
2001-10-04,-68.409,156.11,b15b,2541.12
2001-10-05,-68.409,156.11,b15b,2532.5
2001-10-06,-68.409,156.11,b15b,2527.13
2001-10-07,-68.387,156.107,b15b,2522.32
2001-10-08,-68.387,156.104,b15b,2521.97
2001-10-09,-68.387,156.097,b15b,2533.19
2001-10-10,-68.387,156.087,b15b,2546.48
2001-10-11,-68.387,156.074,b15b,2558.69
2001-10-12,-68.387,156.06,b15b,2572.11
2001-10-13,-68.387,156.046,b15b,2587.81
2001-10-14,-68.387,156.032,b15b,2608.81
2001-10-15,-68.373,156.113,b15b,2625.91
2001-10-16,-68.373,156.113,b15b,2639.5
2001-10-17,-68.373,156.113,b15b,2654.57
2001-10-18,-68.317,155.796,b15b,2668.14
2001-10-19,-68.317,155.796,b15b,2683.92
2001-10-20,-68.244,155.666,b15b,2699.99
2001-10-21,-68.244,155.666,b15b,2713.57
2001-10-22,-68.244,155.666,b15b,2719.13
2001-10-23,-68.244,155.666,b15b,2734.33
2001-10-24,-68.244,155.666,b15b,2740.3
2001-10-25,-68.244,155.666,b15b,2745.47
2001-10-26,-68.244,155.451,b15b,2750.07
2001-10-27,-68.244,155.451,b15b,2753.87
2001-10-28,-68.222,155.425,b15b,2755.66
2001-10-29,-68.224,155.416,b15b,2758.15
2001-10-30,-68.229,155.408,b15b,2757.19
2001-10-31,-68.236,155.401,b15b,2761.27
2001-11-01,-68.245,155.395,b15b,2765.32
2001-11-02,-68.255,155.389,b15b,2762.84
2001-11-03,-68.264,155.382,b15b,2760.91
2001-11-04,-68.272,155.375,b15b,2747.41
2001-11-05,-68.28,155.369,b15b,2743.04
2001-11-06,-68.289,155.363,b15b,2727.59
2001-11-07,-68.299,155.357,b15b,2709.5
2001-11-08,-68.308,155.351,b15b,2699.16
2001-11-09,-68.337,155.239,b15b,2683.32
2001-11-10,-68.342,155.231,b15b,2666.84
2001-11-11,-68.344,155.221,b15b,2650.04
2001-11-12,-68.342,155.201,b15b,2638.35
2001-11-13,-68.334,155.079,b15b,2619.71
2001-11-14,-68.326,155.041,b15b,2603.1
2001-11-15,-68.317,155.001,b15b,2584.79
2001-11-16,-68.308,154.966,b15b,2565.38
2001-11-17,-68.299,154.94,b15b,2542.51
2001-11-18,-68.291,154.931,b15b,2525.47
2001-11-19,-68.283,154.947,b15b,2504.14
2001-11-20,-68.273,154.99,b15b,2480.08
2001-11-21,-68.264,155.049,b15b,2459.22
2001-11-22,-68.255,155.113,b15b,2438.07
2001-11-23,-68.248,155.171,b15b,2415.9
2001-11-24,-68.243,155.214,b15b,2398.21
2001-11-25,-68.241,155.231,b15b,2376.47
2001-11-26,-68.243,155.225,b15b,2348.12
2001-11-27,-68.251,155.211,b15b,2323.77
2001-11-28,-68.26,155.191,b15b,2292.56
2001-11-29,-68.271,155.17,b15b,2271.38
2001-11-30,-68.281,155.151,b15b,2242.23
2001-12-01,-68.288,155.136,b15b,2224.35
2001-12-02,-68.291,155.131,b15b,2205.76
2001-12-03,-68.289,155.132,b15b,2178.87
2001-12-04,-68.286,155.136,b15b,2162.79
2001-12-05,-68.281,155.141,b15b,2149.4
2001-12-06,-68.276,155.146,b15b,2136.16
2001-12-07,-68.271,155.151,b15b,2115.21
2001-12-08,-68.267,155.154,b15b,2100.68
2001-12-09,-68.224,155.128,b15b,2081.04
2001-12-10,-68.198,155.005,b15b,2063.58
2001-12-11,-68.198,155.005,b15b,2049.55
2001-12-12,-68.198,155.005,b15b,2034.72
2001-12-13,-68.198,155.005,b15b,2021.47
2001-12-14,-68.198,155.005,b15b,2005.81
2001-12-15,-68.198,155.005,b15b,1995.43
2001-12-16,-68.198,155.005,b15b,1984.0
2001-12-17,-68.198,155.005,b15b,1974.28
2001-12-18,-68.198,155.005,b15b,1964.15
2001-12-19,-68.198,155.005,b15b,1953.32
2001-12-20,-68.198,155.005,b15b,1939.33
2001-12-21,-68.198,155.005,b15b,1930.58
2001-12-22,-68.198,155.005,b15b,1921.11
2001-12-23,-68.198,155.005,b15b,1914.75
2001-12-24,-68.198,155.005,b15b,1912.12
2001-12-25,-68.198,155.005,b15b,1911.55
2001-12-26,-68.198,155.005,b15b,1908.53
2001-12-27,-68.198,155.005,b15b,1909.22
2001-12-28,-68.198,155.005,b15b,1915.18
2001-12-29,-68.198,155.005,b15b,1922.7
2001-12-30,-68.198,155.005,b15b,1932.01
2001-12-31,-68.198,155.005,b15b,1941.52
2002-01-01,-68.198,155.005,b15b,1959.31
2002-01-02,-68.198,155.005,b15b,1976.7
2002-01-03,-68.198,155.005,b15b,2002.74
2002-01-04,-68.198,155.005,b15b,2027.94
2002-01-05,-68.249,155.003,b15b,2052.16
2002-01-06,-68.198,155.005,b15b,2078.1
2002-01-07,-68.198,155.005,b15b,2107.39
2002-01-08,-68.198,155.005,b15b,2137.93
2002-01-09,-68.198,155.005,b15b,2171.68
2002-01-10,-68.198,155.005,b15b,2203.91
2002-01-11,-68.198,155.005,b15b,2236.43
2002-01-12,-68.198,155.005,b15b,2266.66
2002-01-13,-68.198,155.005,b15b,2303.21
2002-01-14,-68.198,155.005,b15b,2337.96
2002-01-15,-68.198,155.005,b15b,2374.06
2002-01-16,-68.198,155.005,b15b,2411.83
2002-01-17,-68.198,155.005,b15b,2440.43
2002-01-18,-68.198,155.005,b15b,2473.27
2002-01-19,-68.198,155.005,b15b,2503.59
2002-01-20,-68.249,155.103,b15b,2531.41
2002-01-21,-68.249,155.103,b15b,2554.42
2002-01-22,-68.249,155.103,b15b,2569.1
2002-01-23,-68.249,155.103,b15b,2580.8
2002-01-24,-68.249,155.103,b15b,2590.3
2002-01-25,-68.249,155.103,b15b,2598.54
2002-01-26,-68.249,155.103,b15b,2600.29
2002-01-27,-68.249,155.103,b15b,2599.42
2002-01-28,-68.198,155.005,b15b,2593.44
2002-01-29,-68.198,155.005,b15b,2585.9
2002-01-30,-68.198,155.005,b15b,2576.43
2002-01-31,-68.198,155.005,b15b,2563.32
2002-02-01,-68.198,155.005,b15b,2546.9
2002-02-02,-68.198,155.005,b15b,2531.86
2002-02-03,-68.198,155.005,b15b,2514.06
2002-02-04,-68.198,155.005,b15b,2492.24
2002-02-05,-68.198,155.005,b15b,2468.63
2002-02-06,-68.198,155.005,b15b,2448.12
2002-02-07,-68.198,155.005,b15b,2419.8
2002-02-08,-68.156,154.768,b15b,2394.3
2002-02-09,-68.13,154.619,b15b,2365.8
2002-02-10,-68.13,154.619,b15b,2337.81
2002-02-11,-68.13,154.619,b15b,2317.9
2002-02-12,-68.092,154.402,b15b,2291.26
2002-02-13,-68.092,154.402,b15b,2265.29
2002-02-14,-68.092,154.402,b15b,2243.42
2002-02-15,-68.092,154.402,b15b,2223.88
2002-02-16,-68.073,154.301,b15b,2208.57
2002-02-17,-68.073,154.301,b15b,2192.54
2002-02-18,-68.055,154.105,b15b,2176.09
2002-02-19,-68.035,153.953,b15b,2159.47
2002-02-20,-68.035,153.953,b15b,2143.62
2002-02-21,-68.035,153.953,b15b,2131.55
2002-02-22,-68.035,153.953,b15b,2119.58
2002-02-23,-68.035,153.953,b15b,2110.4
2002-02-24,-68.103,154.676,b15b,2101.64
2002-02-25,-68.035,153.953,b15b,2095.46
2002-02-26,-68.035,153.953,b15b,2090.67
2002-02-27,-68.02,153.796,b15b,2085.99
2002-02-28,-68.02,153.796,b15b,2079.07
2002-03-01,-68.02,153.796,b15b,2076.38
2002-03-02,-68.02,153.796,b15b,2074.0
2002-03-03,-67.99,153.725,b15b,2072.24
2002-03-04,-67.99,153.725,b15b,2071.38
2002-03-05,-67.925,153.87,b15b,2072.69
2002-03-06,-67.925,153.87,b15b,2074.26
2002-03-07,-67.925,153.87,b15b,2076.87
2002-03-08,-67.925,153.87,b15b,2081.24
2002-03-09,-67.941,153.576,b15b,2083.99
2002-03-10,-67.941,153.576,b15b,2089.64
2002-03-11,-67.896,153.429,b15b,2092.0
2002-03-12,-67.896,153.429,b15b,2097.45
2002-03-13,-67.896,153.429,b15b,2100.21
2002-03-14,-67.896,153.429,b15b,2105.1
2002-03-15,-67.889,153.33,b15b,2112.58
2002-03-16,-67.889,153.33,b15b,2120.37
2002-03-17,-67.938,153.191,b15b,2127.0
2002-03-18,-67.953,153.111,b15b,2133.6
2002-03-19,-68.002,153.209,b15b,2145.71
2002-03-20,-68.002,153.209,b15b,2156.8
2002-03-21,-68.002,153.209,b15b,2173.35
2002-03-22,-68.048,153.086,b15b,2192.19
2002-03-23,-68.072,152.994,b15b,2211.31
2002-03-24,-68.072,152.994,b15b,2232.45
2002-03-25,-68.092,152.952,b15b,2264.37
2002-03-26,-68.032,152.698,b15b,2297.1
2002-03-27,-67.989,152.421,b15b,2334.27
2002-03-28,-67.978,152.251,b15b,2370.34
2002-03-29,-67.965,152.113,b15b,2411.25
2002-03-30,-67.965,152.113,b15b,2447.91
2002-03-31,-67.965,152.113,b15b,2466.61
2002-04-01,-67.965,152.113,b15b,2483.19
2002-04-02,-67.965,152.113,b15b,2503.16
2002-04-03,-67.947,151.982,b15b,2520.36
2002-04-04,-67.947,151.982,b15b,2536.42
2002-04-05,-67.947,151.982,b15b,2553.23
2002-04-06,-67.947,151.982,b15b,2570.91
2002-04-07,-67.947,151.982,b15b,2587.31
2002-04-08,-67.947,151.982,b15b,2602.58
2002-04-09,-67.947,151.982,b15b,2610.03
2002-04-10,-67.947,151.982,b15b,2613.74
2002-04-11,-67.947,151.982,b15b,2624.38
2002-04-12,-67.968,151.976,b15b,2631.37
2002-04-13,-67.968,151.976,b15b,2630.81
2002-04-14,-67.968,151.976,b15b,2628.43
2002-04-15,-67.968,151.976,b15b,2618.54
2002-04-16,-67.968,151.976,b15b,2603.64
2002-04-17,-67.968,151.976,b15b,2585.95
2002-04-18,-67.968,151.976,b15b,2561.77
2002-04-19,-67.968,151.976,b15b,2526.71
2002-04-20,-67.968,151.976,b15b,2473.57
2002-04-21,-67.968,151.976,b15b,2405.67
2002-04-22,-67.968,151.976,b15b,2359.33
2002-04-23,-68.045,151.949,b15b,2305.89
2002-04-24,-68.045,151.949,b15b,2251.0
2002-04-25,-68.045,151.949,b15b,2215.34
2002-04-26,-68.045,151.949,b15b,2180.32
2002-04-27,-68.045,151.949,b15b,2139.67
2002-04-28,-68.045,151.949,b15b,2103.13
2002-04-29,-68.045,151.949,b15b,2064.84
2002-04-30,-68.045,151.949,b15b,2029.46
2002-05-01,-68.045,151.949,b15b,1991.11
2002-05-02,-68.045,151.949,b15b,1954.48
2002-05-03,-68.045,151.949,b15b,1918.3
2002-05-04,-68.001,152.116,b15b,1888.43
2002-05-05,-68.001,152.116,b15b,1862.82
2002-05-06,-67.97,152.257,b15b,1831.37
2002-05-07,-67.97,152.257,b15b,1802.59
2002-05-08,-67.97,152.257,b15b,1775.51
2002-05-09,-67.97,152.257,b15b,1751.14
2002-05-10,-67.97,152.257,b15b,1727.99
2002-05-11,-67.97,152.257,b15b,1707.85
2002-05-12,-67.878,152.258,b15b,1690.1
2002-05-13,-67.86,152.194,b15b,1676.75
2002-05-14,-67.86,152.194,b15b,1663.59
2002-05-15,-67.86,152.194,b15b,1667.67
2002-05-16,-67.86,152.194,b15b,1681.76
2002-05-17,-67.86,152.194,b15b,1675.38
2002-05-18,-67.86,152.194,b15b,1670.81
2002-05-19,-67.86,152.194,b15b,1670.52
2002-05-20,-67.86,152.194,b15b,1667.19
2002-05-21,-67.86,152.194,b15b,1664.73
2002-05-22,-67.86,152.194,b15b,1662.78
2002-05-23,-67.86,152.194,b15b,1661.53
2002-05-24,-67.86,152.194,b15b,1659.35
2002-05-25,-67.86,152.194,b15b,1657.29
2002-05-26,-67.814,152.132,b15b,1654.81
2002-05-27,-67.814,152.132,b15b,1653.84
2002-05-28,-67.814,152.132,b15b,1651.87
2002-05-29,-67.795,152.133,b15b,1649.3
2002-05-30,-67.776,152.135,b15b,1647.42
2002-05-31,-67.776,152.135,b15b,1646.14
2002-06-01,-67.776,152.135,b15b,1644.22
2002-06-02,-67.776,152.135,b15b,1642.73
2002-06-03,-67.776,152.135,b15b,1641.39
2002-06-04,-67.776,152.135,b15b,1642.95
2002-06-05,-67.771,152.082,b15b,1645.89
2002-06-06,-67.771,152.082,b15b,1648.24
2002-06-07,-67.771,152.082,b15b,1651.68
2002-06-08,-67.771,152.082,b15b,1654.41
2002-06-09,-67.795,151.99,b15b,1657.42
2002-06-10,-67.795,151.99,b15b,1661.1
2002-06-11,-67.795,151.99,b15b,1666.84
2002-06-12,-67.795,151.99,b15b,1672.78
2002-06-13,-67.795,151.99,b15b,1680.51
2002-06-14,-67.795,151.99,b15b,1687.41
2002-06-15,-67.795,151.99,b15b,1699.21
2002-06-16,-67.795,151.99,b15b,1709.45
2002-06-17,-67.795,151.99,b15b,1724.37
2002-06-18,-67.795,151.99,b15b,1746.82
2002-06-19,-67.795,151.99,b15b,1768.14
2002-06-20,-67.795,151.99,b15b,1785.67
2002-06-21,-67.795,151.99,b15b,1806.71
2002-06-22,-67.795,151.99,b15b,1832.52
2002-06-23,-67.805,152.072,b15b,1855.15
2002-06-24,-67.805,152.072,b15b,1879.0
2002-06-25,-67.805,152.072,b15b,1897.39
2002-06-26,-67.809,152.006,b15b,1926.84
2002-06-27,-67.809,152.006,b15b,1960.46
2002-06-28,-67.799,151.916,b15b,1995.93
2002-06-29,-67.799,151.916,b15b,2030.56
2002-06-30,-67.799,151.916,b15b,2066.68
2002-07-01,-67.837,151.698,b15b,2103.21
2002-07-02,-67.837,151.698,b15b,2139.85
2002-07-03,-67.837,151.698,b15b,2176.27
2002-07-04,-67.837,151.698,b15b,2212.89
2002-07-05,-67.837,151.698,b15b,2248.67
2002-07-06,-67.801,151.818,b15b,2284.16
2002-07-07,-67.801,151.818,b15b,2322.83
2002-07-08,-67.801,151.818,b15b,2360.58
2002-07-09,-67.726,151.917,b15b,2400.27
2002-07-10,-67.726,151.917,b15b,2437.5
2002-07-11,-67.726,151.917,b15b,2475.18
2002-07-12,-67.78,151.75,b15b,2509.15
2002-07-13,-67.78,151.75,b15b,2537.23
2002-07-14,-67.78,151.75,b15b,2571.05
2002-07-15,-67.78,151.75,b15b,2603.56
2002-07-16,-67.776,151.607,b15b,2642.52
2002-07-17,-67.776,151.607,b15b,2668.2
2002-07-18,-67.776,151.607,b15b,2708.47
2002-07-19,-67.776,151.607,b15b,2737.36
2002-07-20,-67.754,151.528,b15b,2786.05
2002-07-21,-67.754,151.528,b15b,2820.48
2002-07-22,-67.754,151.528,b15b,2836.23
2002-07-23,-67.754,151.528,b15b,2853.82
2002-07-24,-67.754,151.528,b15b,2872.14
2002-07-25,-67.754,151.528,b15b,2883.59
2002-07-26,-67.754,151.528,b15b,2894.5
2002-07-27,-67.754,151.528,b15b,2906.85
2002-07-28,-67.732,151.429,b15b,2920.02
2002-07-29,-67.69,151.348,b15b,2931.96
2002-07-30,-67.69,151.348,b15b,2944.17
2002-07-31,-67.69,151.348,b15b,2953.89
2002-08-01,-67.69,151.348,b15b,2959.89
2002-08-02,-67.69,151.348,b15b,2967.22
2002-08-03,-67.69,151.348,b15b,2971.44
2002-08-04,-67.706,151.307,b15b,2972.69
2002-08-05,-67.706,151.307,b15b,2974.14
2002-08-06,-67.706,151.307,b15b,2978.37
2002-08-07,-67.706,151.307,b15b,2971.72
2002-08-08,-67.706,151.307,b15b,2965.87
2002-08-09,-67.706,151.307,b15b,2962.3
2002-08-10,-67.706,151.307,b15b,2946.64
2002-08-11,-67.706,151.307,b15b,2935.82
2002-08-12,-67.706,151.307,b15b,2918.5
2002-08-13,-67.706,151.307,b15b,2905.75
2002-08-14,-67.706,151.307,b15b,2874.19
2002-08-15,-67.706,151.307,b15b,2845.59
2002-08-16,-67.706,151.307,b15b,2835.1
2002-08-17,-67.742,151.331,b15b,2818.3
2002-08-18,-67.742,151.331,b15b,2799.61
2002-08-19,-67.742,151.331,b15b,2784.81
2002-08-20,-67.742,151.331,b15b,2767.17
2002-08-21,-67.742,151.331,b15b,2745.02
2002-08-22,-67.742,151.331,b15b,2727.66
2002-08-23,-67.742,151.331,b15b,2699.06
2002-08-24,-67.776,151.401,b15b,2671.87
2002-08-25,-67.776,151.401,b15b,2644.5
2002-08-26,-67.776,151.401,b15b,2618.22
2002-08-27,-67.776,151.401,b15b,2589.73
2002-08-28,-67.776,151.401,b15b,2562.32
2002-08-29,-67.776,151.401,b15b,2537.88
2002-08-30,-67.776,151.401,b15b,2514.04
2002-08-31,-67.776,151.401,b15b,2489.29
2002-09-01,-67.776,151.401,b15b,2480.07
2002-09-02,-67.776,151.401,b15b,2463.62
2002-09-03,-67.776,151.401,b15b,2449.59
2002-09-04,-67.776,151.401,b15b,2449.02
2002-09-05,-67.79,151.184,b15b,2458.55
2002-09-06,-67.79,151.184,b15b,2456.76
2002-09-07,-67.79,151.184,b15b,2468.24
2002-09-08,-67.79,151.184,b15b,2487.96
2002-09-09,-67.79,151.184,b15b,2501.77
2002-09-10,-67.79,151.184,b15b,2500.63
2002-09-11,-67.79,151.184,b15b,2501.06
2002-09-12,-67.79,151.184,b15b,2499.23
2002-09-13,-67.79,151.184,b15b,2492.2
2002-09-14,-67.79,151.184,b15b,2490.6
2002-09-15,-67.79,151.184,b15b,2494.02
2002-09-16,-67.79,151.184,b15b,2488.52
2002-09-17,-67.79,151.184,b15b,2496.12
2002-09-18,-67.79,151.184,b15b,2501.83
2002-09-19,-67.79,151.184,b15b,2512.93
2002-09-20,-67.79,151.184,b15b,2525.03
2002-09-21,-67.79,151.184,b15b,2532.51
2002-09-22,-67.79,151.184,b15b,2541.02
2002-09-23,-67.79,151.184,b15b,2553.7
2002-09-24,-67.79,151.184,b15b,2575.91
2002-09-25,-67.79,151.184,b15b,2626.03
2002-09-26,-67.79,151.184,b15b,2667.81
2002-09-27,-67.79,151.184,b15b,2705.61
2002-09-28,-67.79,151.184,b15b,2717.65
2002-09-29,-67.79,151.184,b15b,2747.56
2002-09-30,-67.79,151.184,b15b,2765.03
2002-10-01,-67.79,151.184,b15b,2775.22
2002-10-02,-67.79,151.184,b15b,2771.59
2002-10-03,-67.79,151.184,b15b,2763.62
2002-10-04,-67.79,151.184,b15b,2762.34
2002-10-05,-67.79,151.184,b15b,2770.79
2002-10-06,-67.79,151.184,b15b,2781.5
2002-10-07,-67.79,151.184,b15b,2794.65
2002-10-08,-67.79,151.184,b15b,2812.29
2002-10-09,-67.79,151.184,b15b,2827.88
2002-10-10,-67.79,151.184,b15b,2839.26
2002-10-11,-67.79,151.184,b15b,2848.08
2002-10-12,-67.79,151.184,b15b,2847.4
2002-10-13,-67.79,151.184,b15b,2849.11
2002-10-14,-67.79,151.184,b15b,2846.58
2002-10-15,-67.79,151.184,b15b,2837.93
2002-10-16,-67.79,151.184,b15b,2836.14
2002-10-17,-67.79,151.184,b15b,2842.28
2002-10-18,-67.79,151.184,b15b,2840.3
2002-10-19,-67.79,151.184,b15b,2828.59
2002-10-20,-67.79,151.184,b15b,2785.78
2002-10-21,-67.79,151.184,b15b,2743.7
2002-10-22,-67.79,151.184,b15b,2706.72
2002-10-23,-67.79,151.184,b15b,2695.03
2002-10-24,-67.79,151.184,b15b,2649.26
2002-10-25,-67.79,151.184,b15b,2611.75
2002-10-26,-67.79,151.184,b15b,2585.8
2002-10-27,-67.79,151.184,b15b,2565.17
2002-10-28,-67.79,151.184,b15b,2544.54
2002-10-29,-67.79,151.184,b15b,2523.15
2002-10-30,-67.79,151.184,b15b,2503.07
2002-10-31,-67.79,151.184,b15b,2481.18
2002-11-01,-67.79,151.184,b15b,2458.43
2002-11-02,-67.79,151.184,b15b,2436.1
2002-11-03,-67.79,151.184,b15b,2412.31
2002-11-04,-67.79,151.184,b15b,2388.92
2002-11-05,-67.79,151.184,b15b,2371.56
2002-11-06,-67.79,151.184,b15b,2362.43
2002-11-07,-67.79,151.184,b15b,2348.2
2002-11-08,-67.79,151.184,b15b,2334.6
2002-11-09,-67.79,151.184,b15b,2325.55
2002-11-10,-67.79,151.184,b15b,2313.19
2002-11-11,-67.79,151.184,b15b,2297.7
2002-11-12,-67.79,151.184,b15b,2282.17
2002-11-13,-67.79,151.184,b15b,2257.98
2002-11-14,-67.79,151.184,b15b,2229.27
2002-11-15,-67.79,151.184,b15b,2203.9
2002-11-16,-67.79,151.184,b15b,2179.46
2002-11-17,-67.79,151.184,b15b,2155.44
2002-11-18,-67.79,151.184,b15b,2135.94
2002-11-19,-67.79,151.184,b15b,2114.55
2002-11-20,-67.79,151.184,b15b,2096.37
2002-11-21,-67.79,151.184,b15b,2077.9
2002-11-22,-67.79,151.184,b15b,2059.57
2002-11-23,-67.79,151.184,b15b,2037.55
2002-11-24,-67.79,151.184,b15b,2015.48
2002-11-25,-67.79,151.184,b15b,1993.27
2002-11-26,-67.79,151.184,b15b,1971.91
2002-11-27,-67.79,151.184,b15b,1949.34
2002-11-28,-67.79,151.184,b15b,1929.17
2002-11-29,-67.79,151.184,b15b,1914.26
2002-11-30,-67.79,151.184,b15b,1889.87
2002-12-01,-67.79,151.184,b15b,1865.53
2002-12-02,-67.79,151.184,b15b,1844.05
2002-12-03,-67.79,151.184,b15b,1822.48
2002-12-04,-67.79,151.184,b15b,1799.63
2002-12-05,-67.79,151.184,b15b,1779.15
2002-12-06,-67.79,151.184,b15b,1754.11
2002-12-07,-67.79,151.184,b15b,1730.66
2002-12-08,-67.79,151.184,b15b,1717.4
2002-12-09,-67.79,151.184,b15b,1709.4
2002-12-10,-67.79,151.184,b15b,1698.66
2002-12-11,-67.79,151.184,b15b,1688.8
2002-12-12,-67.79,151.184,b15b,1679.44
2002-12-13,-67.79,151.184,b15b,1670.82
2002-12-14,-67.79,151.184,b15b,1662.08
2002-12-15,-67.79,151.184,b15b,1652.43
2002-12-16,-67.79,151.184,b15b,1642.73
2002-12-17,-67.79,151.184,b15b,1634.51
2002-12-18,-67.79,151.184,b15b,1629.13
2002-12-19,-67.79,151.184,b15b,1625.43
2002-12-20,-67.79,151.184,b15b,1623.73
2002-12-21,-67.79,151.184,b15b,1620.9
2002-12-22,-67.79,151.184,b15b,1619.13
2002-12-23,-67.79,151.184,b15b,1620.46
2002-12-24,-67.79,151.184,b15b,1619.26
2002-12-25,-67.79,151.184,b15b,1627.17
2002-12-26,-67.79,151.184,b15b,1634.63
2002-12-27,-67.79,151.184,b15b,1642.23
2002-12-28,-67.79,151.184,b15b,1650.55
2002-12-29,-67.79,151.184,b15b,1659.69
2002-12-30,-67.79,151.184,b15b,1667.47
2002-12-31,-67.645,151.192,b15b,1677.79
2003-01-01,-67.659,151.192,b15b,1687.51
2003-01-02,-67.678,151.192,b15b,1695.63
2003-01-03,-67.698,151.192,b15b,1704.39
2003-01-04,-67.714,151.192,b15b,1713.03
2003-01-05,-67.72,151.192,b15b,1720.64
2003-01-06,-67.79,151.184,b15b,1728.17
2003-01-07,-67.79,151.184,b15b,1735.27
2003-01-08,-67.79,151.184,b15b,1742.93
2003-01-09,-67.79,151.184,b15b,1750.98
2003-01-10,-67.79,151.184,b15b,1760.11
2003-01-11,-67.79,151.184,b15b,1768.15
2003-01-12,-67.79,151.184,b15b,1777.72
2003-01-13,-67.79,151.184,b15b,1786.5
2003-01-14,-67.83,151.09,b15b,1794.16
2003-01-15,-67.83,151.09,b15b,1806.28
2003-01-16,-67.83,151.09,b15b,1818.17
2003-01-17,-67.83,151.09,b15b,1825.7
2003-01-18,-67.83,151.09,b15b,1832.79
2003-01-19,-67.665,151.145,b15b,1840.8
2003-01-20,-67.667,151.143,b15b,1849.24
2003-01-21,-67.671,151.14,b15b,1858.69
2003-01-22,-67.678,151.135,b15b,1867.09
2003-01-23,-67.686,151.13,b15b,1875.1
2003-01-24,-67.695,151.125,b15b,1881.84
2003-01-25,-67.705,151.121,b15b,1886.62
2003-01-26,-67.715,151.12,b15b,1894.23
2003-01-27,-67.728,151.121,b15b,1902.19
2003-01-28,-67.745,151.123,b15b,1916.28
2003-01-29,-67.764,151.127,b15b,1932.7
2003-01-30,-67.783,151.132,b15b,1950.06
2003-01-31,-67.766,151.083,b15b,1973.49
2003-02-01,-67.778,151.087,b15b,1998.69
2003-02-02,-67.782,151.091,b15b,2025.12
2003-02-03,-67.826,150.879,b15b,2052.69
2003-02-04,-67.826,150.879,b15b,2081.98
2003-02-05,-67.826,150.879,b15b,2117.05
2003-02-06,-67.826,150.879,b15b,2155.13
2003-02-07,-67.826,150.879,b15b,2195.87
2003-02-08,-67.826,150.879,b15b,2255.24
2003-02-09,-67.826,150.879,b15b,2285.24
2003-02-10,-67.826,150.879,b15b,2326.41
2003-02-11,-67.826,150.879,b15b,2361.42
2003-02-12,-67.826,150.879,b15b,2422.69
2003-02-13,-67.826,150.879,b15b,2500.47
2003-02-14,-67.826,150.879,b15b,2540.65
2003-02-15,-67.826,150.879,b15b,2605.01
2003-02-16,-67.738,151.089,b15b,2646.7
2003-02-17,-67.742,151.087,b15b,2712.47
2003-02-18,-67.753,151.08,b15b,2781.6
2003-02-19,-67.767,151.07,b15b,2850.16
2003-02-20,-67.783,151.059,b15b,2902.76
2003-02-21,-67.818,151.043,b15b,2950.55
2003-02-22,-67.828,151.036,b15b,2991.28
2003-02-23,-67.833,151.033,b15b,3023.13
2003-02-24,-67.865,150.866,b15b,3058.01
2003-02-25,-67.865,150.866,b15b,3088.59
2003-02-26,-67.865,150.866,b15b,3115.15
2003-02-27,-67.865,150.866,b15b,3140.01
2003-02-28,-67.865,150.866,b15b,3161.19
2003-03-01,-67.865,150.866,b15b,3179.49
2003-03-02,-67.865,150.866,b15b,3192.78
2003-03-03,-67.865,150.866,b15b,3202.77
2003-03-04,-67.865,150.866,b15b,3202.77
2003-03-05,-67.865,150.866,b15b,3204.91
2003-03-06,-67.865,150.866,b15b,3232.49
2003-03-07,-67.865,150.866,b15b,3223.37
2003-03-08,-67.865,150.866,b15b,3239.29
2003-03-09,-67.801,151.121,b15b,3206.12
2003-03-10,-67.759,151.187,b15b,3176.87
2003-03-11,-67.759,151.187,b15b,3187.37
2003-03-12,-67.759,151.187,b15b,3176.15
2003-03-13,-67.759,151.187,b15b,3167.82
2003-03-14,-67.759,151.187,b15b,3138.24
2003-03-15,-67.759,151.187,b15b,3118.34
2003-03-16,-67.759,151.187,b15b,3093.45
2003-03-17,-67.759,151.187,b15b,3085.29
2003-03-18,-67.759,151.187,b15b,3085.59
2003-03-19,-67.759,151.187,b15b,3088.38
2003-03-20,-67.759,151.187,b15b,3101.28
2003-03-21,-67.759,151.187,b15b,3112.21
2003-03-22,-67.759,151.187,b15b,3124.01
2003-03-23,-67.804,151.268,b15b,3139.99
2003-03-24,-67.759,151.187,b15b,3143.91
2003-03-25,-67.759,151.187,b15b,3153.59
2003-03-26,-67.759,151.187,b15b,3174.8
2003-03-27,-67.759,151.187,b15b,3184.86
2003-03-28,-67.759,151.187,b15b,3191.82
2003-03-29,-67.759,151.187,b15b,3208.22
2003-03-30,-67.759,151.187,b15b,3202.11
2003-03-31,-67.759,151.187,b15b,3209.23
2003-04-01,-67.759,151.187,b15b,3229.32
2003-04-02,-67.759,151.187,b15b,3230.33
2003-04-03,-67.759,151.187,b15b,3264.8
2003-04-04,-67.759,151.187,b15b,3280.37
2003-04-05,-67.759,151.187,b15b,3329.37
2003-04-06,-67.804,151.268,b15b,3361.28
2003-04-07,-67.759,151.187,b15b,3417.18
2003-04-08,-67.759,151.187,b15b,3441.05
2003-04-09,-67.759,151.187,b15b,3461.2
2003-04-10,-67.759,151.187,b15b,3486.24
2003-04-11,-67.759,151.187,b15b,3500.32
2003-04-12,-67.759,151.187,b15b,3511.03
2003-04-13,-67.759,151.187,b15b,3529.9
2003-04-14,-67.759,151.187,b15b,3543.4
2003-04-15,-67.759,151.187,b15b,3545.82
2003-04-16,-67.759,151.187,b15b,3538.22
2003-04-17,-67.759,151.187,b15b,3527.73
2003-04-18,-67.759,151.187,b15b,3529.63
2003-04-19,-67.759,151.187,b15b,3528.01
2003-04-20,-67.754,151.293,b15b,3515.76
2003-04-21,-67.756,151.293,b15b,3515.18
2003-04-22,-67.759,151.293,b15b,3516.53
2003-04-23,-67.764,151.293,b15b,3511.03
2003-04-24,-67.766,151.258,b15b,3508.19
2003-04-25,-67.769,151.258,b15b,3491.33
2003-04-26,-67.772,151.258,b15b,3485.73
2003-04-27,-67.773,151.258,b15b,3485.14
2003-04-28,-67.79,151.374,b15b,3467.74
2003-04-29,-67.79,151.374,b15b,3447.99
2003-04-30,-67.79,151.374,b15b,3384.44
2003-05-01,-67.79,151.374,b15b,3335.72
2003-05-02,-67.79,151.374,b15b,3281.56
2003-05-03,-67.838,151.386,b15b,3249.74
2003-05-04,-67.838,151.386,b15b,3205.36
2003-05-05,-67.809,151.442,b15b,3162.21
2003-05-06,-67.809,151.442,b15b,3124.12
2003-05-07,-67.809,151.442,b15b,3084.73
2003-05-08,-67.809,151.442,b15b,3031.81
2003-05-09,-67.809,151.442,b15b,2979.9
2003-05-10,-67.809,151.442,b15b,2933.79
2003-05-11,-67.806,151.428,b15b,2892.29
2003-05-12,-67.799,151.428,b15b,2847.66
2003-05-13,-67.78,151.428,b15b,2794.5
2003-05-14,-67.754,151.428,b15b,2741.34
2003-05-15,-67.725,151.428,b15b,2680.42
2003-05-16,-67.699,151.428,b15b,2605.96
2003-05-17,-67.68,151.428,b15b,2529.0
2003-05-18,-67.673,151.428,b15b,2448.97
2003-05-19,-67.678,151.431,b15b,2366.1
2003-05-20,-67.693,151.441,b15b,2277.51
2003-05-21,-67.712,151.454,b15b,2192.63
2003-05-22,-67.733,151.468,b15b,2101.06
2003-05-23,-67.753,151.481,b15b,2024.14
2003-05-24,-67.767,151.491,b15b,1950.9
2003-05-25,-67.773,151.494,b15b,1901.83
2003-05-26,-67.773,151.493,b15b,1857.76
2003-05-27,-67.773,151.491,b15b,1830.85
2003-05-28,-67.773,151.488,b15b,1817.4
2003-05-29,-67.773,151.484,b15b,1826.67
2003-05-30,-67.773,151.481,b15b,1754.03
2003-05-31,-67.773,151.479,b15b,1766.24
2003-06-01,-67.773,151.478,b15b,1797.87
2003-06-02,-67.773,151.479,b15b,1837.36
2003-06-03,-67.773,151.481,b15b,1880.55
2003-06-04,-67.773,151.484,b15b,1928.02
2003-06-05,-67.773,151.488,b15b,1977.25
2003-06-06,-67.773,151.491,b15b,2029.71
2003-06-07,-67.773,151.493,b15b,2088.42
2003-06-08,-67.773,151.494,b15b,2149.36
2003-06-09,-67.771,151.491,b15b,2211.76
2003-06-10,-67.766,151.484,b15b,2290.34
2003-06-11,-67.76,151.473,b15b,2428.5
2003-06-12,-67.753,151.46,b15b,2506.4
2003-06-13,-67.746,151.448,b15b,2661.42
2003-06-14,-67.741,151.436,b15b,2747.62
2003-06-15,-67.739,151.428,b15b,2903.6
2003-06-16,-67.809,151.442,b15b,3064.22
2003-06-17,-67.809,151.442,b15b,3211.38
2003-06-18,-67.809,151.442,b15b,3339.05
2003-06-19,-67.809,151.442,b15b,3394.71
2003-06-20,-67.809,151.442,b15b,3493.99
2003-06-21,-67.809,151.442,b15b,3525.88
2003-06-22,-67.809,151.442,b15b,3551.48
2003-06-23,-67.809,151.442,b15b,3559.4
2003-06-24,-67.809,151.442,b15b,3648.74
2003-06-25,-67.809,151.442,b15b,3654.32
2003-06-26,-67.809,151.442,b15b,3629.62
2003-06-27,-67.809,151.442,b15b,3614.62
2003-06-28,-67.809,151.442,b15b,3580.15
2003-06-29,-67.773,151.361,b15b,3559.02
2003-06-30,-67.773,151.364,b15b,3525.81
2003-07-01,-67.773,151.372,b15b,3500.24
2003-07-02,-67.773,151.383,b15b,3464.8
2003-07-03,-67.773,151.395,b15b,3423.7
2003-07-04,-67.773,151.408,b15b,3382.31
2003-07-05,-67.773,151.419,b15b,3335.41
2003-07-06,-67.773,151.428,b15b,3239.08
2003-07-07,-67.773,151.434,b15b,3203.81
2003-07-08,-67.773,151.441,b15b,3094.19
2003-07-09,-67.773,151.447,b15b,3059.17
2003-07-10,-67.773,151.453,b15b,2950.35
2003-07-11,-67.773,151.457,b15b,2838.39
2003-07-12,-67.773,151.46,b15b,2727.73
2003-07-13,-67.773,151.461,b15b,2633.43
2003-07-14,-67.809,151.442,b15b,2593.87
2003-07-15,-67.809,151.442,b15b,2506.13
2003-07-16,-67.809,151.442,b15b,2467.33
2003-07-17,-67.809,151.442,b15b,2428.9
2003-07-18,-67.809,151.442,b15b,2390.42
2003-07-19,-67.809,151.442,b15b,2367.69
2003-07-20,-67.809,151.442,b15b,2330.03
2003-07-21,-67.809,151.442,b15b,2321.64
2003-07-22,-67.809,151.442,b15b,2298.31
2003-07-23,-67.809,151.442,b15b,2275.69
2003-07-24,-67.809,151.442,b15b,2249.34
2003-07-25,-67.809,151.442,b15b,2237.92
2003-07-26,-67.809,151.442,b15b,2205.19
2003-07-27,-67.809,151.442,b15b,2196.75
2003-07-28,-67.809,151.442,b15b,2189.72
2003-07-29,-67.809,151.442,b15b,2179.58
2003-07-30,-67.809,151.442,b15b,2170.5
2003-07-31,-67.809,151.442,b15b,2152.03
2003-08-01,-67.809,151.442,b15b,2139.22
2003-08-02,-67.684,151.397,b15b,2125.53
2003-08-03,-67.689,151.398,b15b,2113.23
2003-08-04,-67.684,151.397,b15b,2103.07
2003-08-05,-67.684,151.397,b15b,2093.73
2003-08-06,-67.684,151.397,b15b,2085.82
2003-08-07,-67.684,151.397,b15b,2078.27
2003-08-08,-67.684,151.397,b15b,2072.26
2003-08-09,-67.684,151.397,b15b,2064.62
2003-08-10,-67.684,151.397,b15b,2058.92
2003-08-11,-67.684,151.397,b15b,2052.99
2003-08-12,-67.684,151.397,b15b,2046.49
2003-08-13,-67.684,151.397,b15b,2024.38
2003-08-14,-67.684,151.397,b15b,2018.84
2003-08-15,-67.684,151.397,b15b,1996.79
2003-08-16,-67.684,151.397,b15b,1974.89
2003-08-17,-67.684,151.397,b15b,1969.37
2003-08-18,-67.684,151.397,b15b,1953.11
2003-08-19,-67.684,151.397,b15b,1934.65
2003-08-20,-67.684,151.397,b15b,1930.4
2003-08-21,-67.684,151.397,b15b,1913.66
2003-08-22,-67.684,151.397,b15b,1899.17
2003-08-23,-67.684,151.397,b15b,1894.5
2003-08-24,-67.684,151.397,b15b,1889.18
2003-08-25,-67.684,151.397,b15b,1886.77
2003-08-26,-67.684,151.397,b15b,1886.38
2003-08-27,-67.684,151.397,b15b,1888.36
2003-08-28,-67.684,151.397,b15b,1888.31
2003-08-29,-67.684,151.397,b15b,1883.59
2003-08-30,-67.684,151.397,b15b,1883.11
2003-08-31,-67.684,151.397,b15b,1886.69
2003-09-01,-67.684,151.397,b15b,1890.87
2003-09-02,-67.684,151.397,b15b,1895.93
2003-09-03,-67.684,151.397,b15b,1900.92
2003-09-04,-67.684,151.397,b15b,1894.07
2003-09-05,-67.684,151.397,b15b,1887.0
2003-09-06,-67.684,151.397,b15b,1878.88
2003-09-07,-67.689,151.365,b15b,1868.87
2003-09-08,-67.686,151.368,b15b,1859.05
2003-09-09,-67.677,151.376,b15b,1843.63
2003-09-10,-67.665,151.387,b15b,1829.96
2003-09-11,-67.652,151.4,b15b,1814.77
2003-09-12,-67.639,151.412,b15b,1797.26
2003-09-13,-67.628,151.424,b15b,1777.62
2003-09-14,-67.622,151.431,b15b,1755.09
2003-09-15,-67.684,151.397,b15b,1695.05
2003-09-16,-67.684,151.397,b15b,1665.1
2003-09-17,-67.684,151.397,b15b,1628.12
2003-09-18,-67.684,151.397,b15b,1588.81
2003-09-19,-67.684,151.397,b15b,1544.05
2003-09-20,-67.684,151.397,b15b,1495.15
2003-09-21,-67.684,151.397,b15b,1437.92
2003-09-22,-67.684,151.397,b15b,1379.64
2003-09-23,-67.684,151.397,b15b,1311.91
2003-09-24,-67.684,151.397,b15b,1246.47
2003-09-25,-67.684,151.397,b15b,1174.15
2003-09-26,-67.684,151.397,b15b,1099.24
2003-09-27,-67.684,151.397,b15b,1019.32
2003-09-28,-67.684,151.397,b15b,940.43
2003-09-29,-67.684,151.397,b15b,872.05
2003-09-30,-67.684,151.397,b15b,804.0
2003-10-01,-67.684,151.397,b15b,737.11
2003-10-02,-67.684,151.397,b15b,672.48
2003-10-03,-67.684,151.397,b15b,607.86
2003-10-04,-67.684,151.397,b15b,548.28
2003-10-05,-67.684,151.397,b15b,489.55
2003-10-06,-67.684,151.397,b15b,432.47
2003-10-07,-67.684,151.397,b15b,379.95
2003-10-08,-67.684,151.397,b15b,329.74
2003-10-09,-67.684,151.397,b15b,286.03
2003-10-10,-67.684,151.397,b15b,280.43
2003-10-11,-67.684,151.397,b15b,248.6
2003-10-12,-67.684,151.397,b15b,214.63
2003-10-13,-67.684,151.397,b15b,198.53
2003-10-14,-67.684,151.397,b15b,188.81
2003-10-15,-67.684,151.397,b15b,187.3
2003-10-16,-67.684,151.397,b15b,175.08
2003-10-17,-67.684,151.397,b15b,168.62
2003-10-18,-67.684,151.397,b15b,178.66
2003-10-19,-67.684,151.397,b15b,180.77
2003-10-20,-67.655,151.39,b15b,212.78
2003-10-21,-67.568,151.37,b15b,249.76
2003-10-22,-67.568,151.37,b15b,292.87
2003-10-23,-67.568,151.37,b15b,337.51
2003-10-24,-67.568,151.37,b15b,385.42
2003-10-25,-67.568,151.37,b15b,435.2
2003-10-26,-67.568,151.37,b15b,486.6
2003-10-27,-67.568,151.37,b15b,510.49
2003-10-28,-67.486,151.533,b15b,532.49
2003-10-29,-67.486,151.533,b15b,558.76
2003-10-30,-67.486,151.533,b15b,628.35
2003-10-31,-67.426,151.809,b15b,684.99
2003-11-01,-67.426,151.809,b15b,740.9
2003-11-02,-67.363,151.905,b15b,798.61
2003-11-03,-67.356,151.971,b15b,860.49
2003-11-04,-67.356,151.971,b15b,921.01
2003-11-05,-67.356,151.971,b15b,977.06
2003-11-06,-67.356,151.971,b15b,1040.48
2003-11-07,-67.356,151.971,b15b,1089.87
2003-11-08,-67.286,151.906,b15b,1141.39
2003-11-09,-67.213,151.834,b15b,1187.69
2003-11-10,-67.213,151.834,b15b,1249.22
2003-11-11,-67.213,151.834,b15b,1311.96
2003-11-12,-67.213,151.834,b15b,1372.93
2003-11-13,-67.213,151.834,b15b,1435.7
2003-11-14,-67.213,151.834,b15b,1474.06
2003-11-15,-67.153,151.787,b15b,1509.61
2003-11-16,-67.153,151.787,b15b,1543.83
2003-11-17,-67.123,151.778,b15b,1576.35
2003-11-18,-67.123,151.778,b15b,1607.37
2003-11-19,-67.123,151.778,b15b,1636.76
2003-11-20,-67.123,151.778,b15b,1666.46
2003-11-21,-67.123,151.778,b15b,1724.52
2003-11-22,-67.123,151.778,b15b,1784.82
2003-11-23,-67.061,151.689,b15b,1840.57
2003-11-24,-67.123,151.778,b15b,1850.4
2003-11-25,-67.123,151.778,b15b,1874.2
2003-11-26,-67.123,151.778,b15b,1896.39
2003-11-27,-67.123,151.778,b15b,1921.68
2003-11-28,-67.096,151.757,b15b,1937.23
2003-11-29,-67.096,151.757,b15b,1955.59
2003-11-30,-67.096,151.757,b15b,1974.94
2003-12-01,-67.096,151.757,b15b,1994.07
2003-12-02,-67.096,151.757,b15b,2013.2
2003-12-03,-67.096,151.757,b15b,2028.16
2003-12-04,-67.096,151.757,b15b,2042.54
2003-12-05,-67.096,151.757,b15b,2056.3
2003-12-06,-67.096,151.757,b15b,2066.15
2003-12-07,-67.096,151.757,b15b,2077.36
2003-12-08,-67.096,151.757,b15b,2088.37
2003-12-09,-67.096,151.757,b15b,2095.78
2003-12-10,-67.096,151.757,b15b,2103.26
2003-12-11,-67.096,151.757,b15b,2112.27
2003-12-12,-67.096,151.757,b15b,2120.98
2003-12-13,-67.096,151.757,b15b,2126.52
2003-12-14,-67.096,151.757,b15b,2132.86
2003-12-15,-67.096,151.757,b15b,2133.47
2003-12-16,-67.096,151.757,b15b,2132.68
2003-12-17,-67.096,151.757,b15b,2134.8
2003-12-18,-67.096,151.757,b15b,2133.16
2003-12-19,-67.096,151.757,b15b,2134.57
2003-12-20,-67.096,151.757,b15b,2136.39
2003-12-21,-67.096,151.757,b15b,2135.65
2003-12-22,-67.096,151.757,b15b,2130.65
2003-12-23,-67.096,151.757,b15b,2127.07
2003-12-24,-67.096,151.757,b15b,2120.1
2003-12-25,-67.096,151.757,b15b,2118.45
2003-12-26,-67.096,151.757,b15b,2115.29
2003-12-27,-67.09,151.315,b15b,2113.48
2003-12-28,-67.09,151.315,b15b,2115.13
2003-12-29,-67.09,151.315,b15b,2117.44
2003-12-30,-67.09,151.315,b15b,2120.22
2003-12-31,-67.088,151.198,b15b,2126.74
2004-01-01,-67.088,151.198,b15b,2133.68
2004-01-02,-67.088,151.198,b15b,2141.26
2004-01-03,-67.088,151.198,b15b,2148.85
2004-01-04,-67.088,151.198,b15b,2156.27
2004-01-05,-67.088,151.198,b15b,2162.38
2004-01-06,-67.088,151.198,b15b,2168.33
2004-01-07,-67.088,151.198,b15b,2178.9
2004-01-08,-67.088,151.198,b15b,2188.36
2004-01-09,-67.088,151.198,b15b,2205.12
2004-01-10,-67.088,151.198,b15b,2221.12
2004-01-11,-67.044,151.099,b15b,2237.3
2004-01-12,-67.008,151.398,b15b,2258.33
2004-01-13,-66.928,151.495,b15b,2275.61
2004-01-14,-66.928,151.495,b15b,2294.02
2004-01-15,-66.928,151.495,b15b,2314.82
2004-01-16,-66.928,151.495,b15b,2337.86
2004-01-17,-66.928,151.495,b15b,2362.28
2004-01-18,-66.928,151.495,b15b,2408.76
2004-01-19,-66.928,151.495,b15b,2456.93
2004-01-20,-66.928,151.495,b15b,2508.13
2004-01-21,-66.928,151.495,b15b,2555.78
2004-01-22,-67.151,150.853,b15b,2597.94
2004-01-23,-67.151,150.853,b15b,2632.23
2004-01-24,-67.151,150.853,b15b,2671.08
2004-01-25,-67.151,150.853,b15b,2692.43
2004-01-26,-67.185,151.115,b15b,2710.99
2004-01-27,-67.203,151.467,b15b,2742.84
2004-01-28,-67.226,151.534,b15b,2767.27
2004-01-29,-67.226,151.534,b15b,2784.55
2004-01-30,-67.226,151.534,b15b,2799.28
2004-01-31,-67.179,151.563,b15b,2821.5
2004-02-01,-67.179,151.563,b15b,2839.43
2004-02-02,-67.139,151.452,b15b,2859.27
2004-02-03,-67.139,151.452,b15b,2873.98
2004-02-04,-67.139,151.452,b15b,2883.46
2004-02-05,-67.139,151.452,b15b,2894.93
2004-02-06,-67.139,151.452,b15b,2899.33
2004-02-07,-67.014,151.344,b15b,2900.1
2004-02-08,-66.957,151.272,b15b,2901.81
2004-02-09,-67.014,151.344,b15b,2900.33
2004-02-10,-67.014,151.344,b15b,2896.1
2004-02-11,-67.014,151.344,b15b,2888.79
2004-02-12,-67.014,151.344,b15b,2860.56
2004-02-13,-67.014,151.344,b15b,2820.75
2004-02-14,-67.014,151.344,b15b,2778.7
2004-02-15,-67.014,151.344,b15b,2740.02
2004-02-16,-67.014,151.344,b15b,2710.17
2004-02-17,-67.014,151.344,b15b,2682.16
2004-02-18,-67.014,151.344,b15b,2651.61
2004-02-19,-67.014,151.344,b15b,2638.61
2004-02-20,-67.014,151.344,b15b,2626.04
2004-02-21,-67.014,151.344,b15b,2598.28
2004-02-22,-67.014,151.344,b15b,2581.32
2004-02-23,-66.978,150.757,b15b,2568.94
2004-02-24,-66.978,150.757,b15b,2557.56
2004-02-25,-66.978,150.757,b15b,2540.5
2004-02-26,-66.978,150.757,b15b,2525.21
2004-02-27,-66.978,150.757,b15b,2508.12
2004-02-28,-66.978,150.757,b15b,2498.6
2004-02-29,-66.889,150.929,b15b,2501.55
2004-03-01,-66.978,150.757,b15b,2498.98
2004-03-02,-66.978,150.757,b15b,2493.43
2004-03-03,-66.978,150.757,b15b,2502.15
2004-03-04,-66.978,150.757,b15b,2507.06
2004-03-05,-66.978,150.757,b15b,2515.45
2004-03-06,-66.978,150.757,b15b,2523.44
2004-03-07,-66.937,150.661,b15b,2534.32
2004-03-08,-66.937,150.661,b15b,2550.45
2004-03-09,-66.937,150.661,b15b,2566.36
2004-03-10,-66.937,150.661,b15b,2587.04
2004-03-11,-66.937,150.661,b15b,2609.09
2004-03-12,-66.937,150.661,b15b,2618.21
2004-03-13,-66.937,150.661,b15b,2632.44
2004-03-14,-66.937,150.661,b15b,2643.99
2004-03-15,-66.937,150.661,b15b,2688.25
2004-03-16,-66.937,150.661,b15b,2740.02
2004-03-17,-66.937,150.661,b15b,2792.49
2004-03-18,-66.937,150.661,b15b,2848.5
2004-03-19,-66.937,150.661,b15b,2903.9
2004-03-20,-66.937,150.661,b15b,2957.61
2004-03-21,-66.937,150.661,b15b,3028.31
2004-03-22,-66.937,150.661,b15b,3082.37
2004-03-23,-66.937,150.661,b15b,3075.94
2004-03-24,-66.937,150.661,b15b,2988.59
2004-03-25,-66.937,150.661,b15b,2969.21
2004-03-26,-66.937,150.661,b15b,2949.67
2004-03-27,-66.937,150.661,b15b,2939.14
2004-03-28,-66.868,150.831,b15b,2919.01
2004-03-29,-66.937,150.661,b15b,2899.19
2004-03-30,-66.937,150.661,b15b,2879.31
2004-03-31,-66.937,150.661,b15b,2861.24
2004-04-01,-66.937,150.661,b15b,2841.86
2004-04-02,-66.937,150.661,b15b,2817.73
2004-04-03,-66.937,150.661,b15b,2798.87
2004-04-04,-66.937,150.661,b15b,2778.02
2004-04-05,-66.937,150.661,b15b,2753.55
2004-04-06,-66.937,150.661,b15b,2736.58
2004-04-07,-66.937,150.661,b15b,2721.55
2004-04-08,-66.937,150.661,b15b,2707.32
2004-04-09,-66.937,150.661,b15b,2659.84
2004-04-10,-66.937,150.661,b15b,2602.56
2004-04-11,-66.933,150.596,b15b,2547.92
2004-04-12,-66.933,150.596,b15b,2491.51
2004-04-13,-66.933,150.596,b15b,2441.17
2004-04-14,-66.933,150.596,b15b,2393.12
2004-04-15,-66.933,150.596,b15b,2336.47
2004-04-16,-66.933,150.596,b15b,2321.37
2004-04-17,-66.933,150.596,b15b,2387.33
2004-04-18,-66.933,150.596,b15b,2523.17
2004-04-19,-66.933,150.596,b15b,2579.4
2004-04-20,-66.913,150.81,b15b,2635.88
2004-04-21,-66.913,150.81,b15b,2696.23
2004-04-22,-66.913,150.81,b15b,2756.36
2004-04-23,-66.913,150.81,b15b,2824.09
2004-04-24,-66.913,150.81,b15b,2893.52
2004-04-25,-66.913,150.81,b15b,2955.73
2004-04-26,-66.913,150.81,b15b,2988.74
2004-04-27,-66.913,150.81,b15b,3034.47
2004-04-28,-66.913,150.81,b15b,3069.09
2004-04-29,-66.913,150.81,b15b,3102.03
2004-04-30,-66.913,150.81,b15b,3140.93
2004-05-01,-66.913,150.81,b15b,3179.05
2004-05-02,-66.913,150.81,b15b,3207.41
2004-05-03,-66.913,150.81,b15b,3235.84
2004-05-04,-66.913,150.81,b15b,3258.14
2004-05-05,-66.913,150.81,b15b,3283.74
2004-05-06,-66.913,150.81,b15b,3303.12
2004-05-07,-66.913,150.81,b15b,3319.0
2004-05-08,-66.913,150.81,b15b,3341.17
2004-05-09,-66.913,150.81,b15b,3361.91
2004-05-10,-66.906,150.821,b15b,3372.07
2004-05-11,-66.887,150.85,b15b,3358.64
2004-05-12,-66.86,150.891,b15b,3324.22
2004-05-13,-66.829,150.937,b15b,3295.81
2004-05-14,-66.798,150.981,b15b,3272.78
2004-05-15,-66.721,151.137,b15b,3249.11
2004-05-16,-66.653,151.199,b15b,3220.53
2004-05-17,-66.696,151.409,b15b,3192.8
2004-05-18,-66.699,151.262,b15b,3157.22
2004-05-19,-66.699,151.262,b15b,3119.74
2004-05-20,-66.699,151.262,b15b,3087.82
2004-05-21,-66.699,151.262,b15b,3085.64
2004-05-22,-66.699,151.262,b15b,3070.6
2004-05-23,-66.699,151.262,b15b,3065.39
2004-05-24,-66.699,151.262,b15b,3061.6
2004-05-25,-66.699,151.262,b15b,3049.99
2004-05-26,-66.699,151.262,b15b,3039.5
2004-05-27,-66.699,151.262,b15b,3038.95
2004-05-28,-66.699,151.262,b15b,3036.45
2004-05-29,-66.699,151.262,b15b,3038.67
2004-05-30,-66.541,151.227,b15b,3038.16
2004-05-31,-66.538,151.227,b15b,3041.16
2004-06-01,-66.534,151.226,b15b,3045.69
2004-06-02,-66.531,151.225,b15b,3040.62
2004-06-03,-66.528,151.223,b15b,3035.86
2004-06-04,-66.526,151.222,b15b,3030.9
2004-06-05,-66.525,151.221,b15b,3023.04
2004-06-06,-66.524,151.221,b15b,3013.45
2004-06-07,-66.524,151.221,b15b,3001.89
2004-06-08,-66.524,151.221,b15b,2990.1
2004-06-09,-66.516,151.276,b15b,2978.82
2004-06-10,-66.516,151.276,b15b,2968.55
2004-06-11,-66.516,151.276,b15b,2955.29
2004-06-12,-66.516,151.276,b15b,2943.48
2004-06-13,-66.516,151.276,b15b,2930.54
2004-06-14,-66.457,151.114,b15b,2916.64
2004-06-15,-66.401,151.162,b15b,2902.9
2004-06-16,-66.39,151.225,b15b,2888.02
2004-06-17,-66.414,151.211,b15b,2873.86
2004-06-18,-66.389,151.265,b15b,2861.24
2004-06-19,-66.371,151.204,b15b,2845.99
2004-06-20,-66.356,151.299,b15b,2830.85
2004-06-21,-66.349,151.278,b15b,2809.44
2004-06-22,-66.35,151.299,b15b,2789.58
2004-06-23,-66.364,151.276,b15b,2765.84
2004-06-24,-66.374,151.291,b15b,2742.98
2004-06-25,-66.392,151.342,b15b,2719.86
2004-06-26,-66.375,151.332,b15b,2694.42
2004-06-27,-66.342,151.397,b15b,2664.36
2004-06-28,-66.347,151.308,b15b,2632.65
2004-06-29,-66.293,151.239,b15b,2607.23
2004-06-30,-66.235,151.15,b15b,2583.64
2004-07-01,-66.177,151.017,b15b,2561.8
2004-07-02,-66.1,150.795,b15b,2536.97
2004-07-03,-66.018,150.679,b15b,2512.33
2004-07-04,-65.997,150.649,b15b,2485.43
2004-07-05,-65.969,150.395,b15b,2458.79
2004-07-06,-65.956,150.287,b15b,2434.77
2004-07-07,-65.926,150.144,b15b,2408.81
2004-07-08,-65.889,149.921,b15b,2384.28
2004-07-09,-65.861,149.726,b15b,2364.27
2004-07-10,-65.836,149.588,b15b,2341.9
2004-07-11,-65.822,149.398,b15b,2320.93
2004-07-12,-65.791,149.269,b15b,2301.98
2004-07-13,-65.767,149.077,b15b,2281.84
2004-07-14,-65.742,148.97,b15b,2265.16
2004-07-15,-65.683,148.814,b15b,2249.04
2004-07-16,-65.717,148.557,b15b,2236.98
2004-07-17,-65.695,148.363,b15b,2227.01
2004-07-18,-65.687,148.233,b15b,2218.58
2004-07-19,-65.657,148.206,b15b,2211.02
2004-07-20,-65.655,148.172,b15b,2204.12
2004-07-21,-65.653,148.142,b15b,2197.98
2004-07-22,-65.655,147.923,b15b,2196.75
2004-07-23,-65.655,147.798,b15b,2198.17
2004-07-24,-65.648,147.736,b15b,2193.8
2004-07-25,-65.646,147.723,b15b,2190.1
2004-07-26,-65.645,147.715,b15b,2186.34
2004-07-27,-65.582,147.62,b15b,2186.58
2004-07-28,-65.613,147.551,b15b,2188.73
2004-07-29,-65.612,147.546,b15b,2191.98
2004-07-30,-65.611,147.541,b15b,2196.63
2004-07-31,-65.611,147.535,b15b,2200.84
2004-08-01,-65.613,147.607,b15b,2205.33
2004-08-02,-65.59,147.643,b15b,2209.47
2004-08-03,-65.593,147.609,b15b,2210.72
2004-08-04,-65.619,147.54,b15b,2214.14
2004-08-05,-65.624,147.488,b15b,2217.37
2004-08-06,-65.627,147.432,b15b,2216.77
2004-08-07,-65.62,147.239,b15b,2215.85
2004-08-08,-65.622,147.188,b15b,2217.89
2004-08-09,-65.629,147.011,b15b,2219.86
2004-08-10,-65.616,146.952,b15b,2222.68
2004-08-11,-65.599,146.891,b15b,2225.03
2004-08-12,-65.574,146.702,b15b,2227.73
2004-08-13,-65.556,146.649,b15b,2230.41
2004-08-14,-65.543,146.604,b15b,2232.5
2004-08-15,-65.523,146.477,b15b,2235.91
2004-08-16,-65.536,146.367,b15b,2239.84
2004-08-17,-65.543,146.346,b15b,2243.88
2004-08-18,-65.553,146.326,b15b,2247.66
2004-08-19,-65.561,146.173,b15b,2251.33
2004-08-20,-65.571,146.16,b15b,2255.5
2004-08-21,-65.578,146.152,b15b,2259.55
2004-08-22,-65.581,146.149,b15b,2261.64
2004-08-23,-65.554,146.006,b15b,2265.78
2004-08-24,-65.553,146.007,b15b,2268.33
2004-08-25,-65.567,145.942,b15b,2270.25
2004-08-26,-65.566,145.943,b15b,2272.3
2004-08-27,-65.564,145.945,b15b,2274.04
2004-08-28,-65.563,145.946,b15b,2274.17
2004-08-29,-65.563,145.946,b15b,2276.04
2004-08-30,-65.562,145.942,b15b,2276.84
2004-08-31,-65.562,145.93,b15b,2279.05
2004-09-01,-65.562,145.912,b15b,2281.1
2004-09-02,-65.562,145.889,b15b,2281.91
2004-09-03,-65.518,145.931,b15b,2281.16
2004-09-04,-65.505,145.859,b15b,2280.51
2004-09-05,-65.505,145.829,b15b,2279.92
2004-09-06,-65.506,145.791,b15b,2280.89
2004-09-07,-65.508,145.74,b15b,2281.85
2004-09-08,-65.512,145.679,b15b,2283.27
2004-09-09,-65.569,145.404,b15b,2283.42
2004-09-10,-65.572,145.336,b15b,2283.01
2004-09-11,-65.574,145.189,b15b,2282.76
2004-09-12,-65.575,145.128,b15b,2282.69
2004-09-13,-65.575,145.072,b15b,2282.59
2004-09-14,-65.598,144.933,b15b,2282.36
2004-09-15,-65.598,144.877,b15b,2282.32
2004-09-16,-65.627,144.693,b15b,2282.82
2004-09-17,-65.574,144.608,b15b,2282.5
2004-09-18,-65.574,144.555,b15b,2280.79
2004-09-19,-65.588,144.395,b15b,2279.72
2004-09-20,-65.59,144.344,b15b,2278.92
2004-09-21,-65.584,144.194,b15b,2278.4
2004-09-22,-65.591,144.145,b15b,2278.9
2004-09-23,-65.598,143.994,b15b,2277.83
2004-09-24,-65.605,143.948,b15b,2277.82
2004-09-25,-65.63,143.78,b15b,2277.64
2004-09-26,-65.641,143.655,b15b,2277.69
2004-09-27,-65.637,143.886,b15b,2277.52
2004-09-28,-65.637,143.886,b15b,2277.9
2004-09-29,-65.657,143.65,b15b,2278.63
2004-09-30,-65.647,143.468,b15b,2278.75
2004-10-01,-65.647,143.468,b15b,2276.8
2004-10-02,-65.658,143.315,b15b,2275.4
2004-10-03,-65.62,143.071,b15b,2273.42
2004-10-04,-65.578,142.918,b15b,2271.21
2004-10-05,-65.55,142.798,b15b,2268.52
2004-10-06,-65.55,142.798,b15b,2265.42
2004-10-07,-65.55,142.798,b15b,2260.92
2004-10-08,-65.55,142.798,b15b,2256.25
2004-10-09,-65.503,142.661,b15b,2251.54
2004-10-10,-65.503,142.661,b15b,2246.7
2004-10-11,-65.484,142.63,b15b,2241.67
2004-10-12,-65.492,142.556,b15b,2236.24
2004-10-13,-65.492,142.556,b15b,2231.42
2004-10-14,-65.489,142.479,b15b,2226.41
2004-10-15,-65.489,142.479,b15b,2221.37
2004-10-16,-65.489,142.479,b15b,2216.59
2004-10-17,-65.524,142.18,b15b,2211.69
2004-10-18,-65.524,142.18,b15b,2206.41
2004-10-19,-65.518,142.02,b15b,2201.64
2004-10-20,-65.509,141.925,b15b,2196.02
2004-10-21,-65.509,141.925,b15b,2189.29
2004-10-22,-65.509,141.925,b15b,2182.65
2004-10-23,-65.501,141.812,b15b,2175.76
2004-10-24,-65.501,141.812,b15b,2168.26
2004-10-25,-65.456,141.466,b15b,2161.05
2004-10-26,-65.456,141.466,b15b,2154.94
2004-10-27,-65.468,141.408,b15b,2147.61
2004-10-28,-65.468,141.408,b15b,2140.72
2004-10-29,-65.504,141.223,b15b,2133.87
2004-10-30,-65.504,141.223,b15b,2127.47
2004-10-31,-65.519,141.097,b15b,2121.32
2004-11-01,-65.519,141.097,b15b,2117.08
2004-11-02,-65.512,140.965,b15b,2113.94
2004-11-03,-65.512,140.965,b15b,2110.12
2004-11-04,-65.512,140.965,b15b,2107.24
2004-11-05,-65.512,140.965,b15b,2104.37
2004-11-06,-65.512,140.965,b15b,2101.14
2004-11-07,-65.406,140.682,b15b,2099.25
2004-11-08,-65.512,140.965,b15b,2097.38
2004-11-09,-65.512,140.965,b15b,2096.04
2004-11-10,-65.512,140.965,b15b,2095.85
2004-11-11,-65.512,140.965,b15b,2095.7
2004-11-12,-65.512,140.965,b15b,2096.33
2004-11-13,-65.512,140.965,b15b,2095.59
2004-11-14,-65.437,140.921,b15b,2096.92
2004-11-15,-65.435,140.672,b15b,2098.78
2004-11-16,-65.435,140.672,b15b,2100.47
2004-11-17,-65.435,140.672,b15b,2102.52
2004-11-18,-65.362,140.572,b15b,2103.51
2004-11-19,-65.362,140.572,b15b,2105.47
2004-11-20,-65.362,140.572,b15b,2107.65
2004-11-21,-65.362,140.572,b15b,2108.79
2004-11-22,-65.327,140.375,b15b,2110.55
2004-11-23,-65.327,140.375,b15b,2111.38
2004-11-24,-65.327,140.375,b15b,2110.03
2004-11-25,-65.317,140.135,b15b,2109.39
2004-11-26,-65.317,140.135,b15b,2106.92
2004-11-27,-65.317,140.135,b15b,2104.67
2004-11-28,-65.306,139.912,b15b,2096.97
2004-11-29,-65.306,139.912,b15b,2088.75
2004-11-30,-65.306,139.912,b15b,2080.48
2004-12-01,-65.224,140.11,b15b,2074.3
2004-12-02,-65.224,140.11,b15b,2066.03
2004-12-03,-65.224,140.11,b15b,2057.81
2004-12-04,-65.224,140.11,b15b,2047.27
2004-12-05,-65.224,140.11,b15b,2041.87
2004-12-06,-65.224,140.11,b15b,2036.5
2004-12-07,-65.224,140.11,b15b,2032.11
2004-12-08,-65.224,140.11,b15b,2027.08
2004-12-09,-65.224,140.11,b15b,2020.85
2004-12-10,-65.224,140.11,b15b,2013.98
2004-12-11,-65.224,140.11,b15b,2007.97
2004-12-12,-65.224,140.11,b15b,2001.15
2004-12-13,-65.224,140.11,b15b,1995.56
2004-12-14,-65.224,140.11,b15b,1991.49
2004-12-15,-65.224,140.11,b15b,1987.18
2004-12-16,-65.119,140.111,b15b,1983.98
2004-12-17,-65.119,140.111,b15b,1979.23
2004-12-18,-65.119,140.111,b15b,1976.69
2004-12-19,-65.119,140.111,b15b,1977.05
2004-12-20,-65.119,140.111,b15b,1976.71
2004-12-21,-65.119,140.111,b15b,1978.24
2004-12-22,-65.119,140.111,b15b,1979.13
2004-12-23,-65.159,139.803,b15b,1986.41
2004-12-24,-65.159,139.803,b15b,1993.77
2004-12-25,-65.159,139.803,b15b,2001.1
2004-12-26,-65.159,139.803,b15b,2008.0
2004-12-27,-65.194,139.741,b15b,2017.6
2004-12-28,-65.194,139.741,b15b,2027.17
2004-12-29,-65.194,139.741,b15b,2039.81
2004-12-30,-65.194,139.741,b15b,2046.38
2004-12-31,-65.194,139.741,b15b,2052.57
2005-01-01,-65.221,139.781,b15b,2058.23
2005-01-02,-65.245,139.68,b15b,2064.5
2005-01-03,-65.221,139.781,b15b,2070.88
2005-01-04,-65.221,139.781,b15b,2078.58
2005-01-05,-65.221,139.781,b15b,2084.42
2005-01-06,-65.221,139.781,b15b,2091.22
2005-01-07,-65.221,139.781,b15b,2100.69
2005-01-08,-65.221,139.781,b15b,2105.47
2005-01-09,-65.221,139.781,b15b,2111.54
2005-01-10,-65.221,139.781,b15b,2118.3
2005-01-11,-65.221,139.781,b15b,2122.4
2005-01-12,-65.221,139.781,b15b,2127.13
2005-01-13,-65.221,139.781,b15b,2132.64
2005-01-14,-65.221,139.781,b15b,2141.5
2005-01-15,-65.113,139.218,b15b,2152.18
2005-01-16,-65.113,139.218,b15b,2159.92
2005-01-17,-65.083,139.084,b15b,2164.44
2005-01-18,-65.083,139.084,b15b,2169.7
2005-01-19,-65.021,138.818,b15b,2175.71
2005-01-20,-65.046,138.558,b15b,2181.07
2005-01-21,-65.046,138.558,b15b,2184.08
2005-01-22,-65.046,138.558,b15b,2185.61
2005-01-23,-65.046,138.558,b15b,2185.7
2005-01-24,-65.046,138.558,b15b,2187.56
2005-01-25,-65.096,138.227,b15b,2192.4
2005-01-26,-64.983,138.256,b15b,2194.13
2005-01-27,-64.983,138.256,b15b,2194.52
2005-01-28,-64.956,138.112,b15b,2193.98
2005-01-29,-64.956,138.112,b15b,2191.1
2005-01-30,-64.956,138.112,b15b,2190.62
2005-01-31,-64.96,137.87,b15b,2188.47
2005-02-01,-64.96,137.87,b15b,2182.86
2005-02-02,-64.96,137.87,b15b,2179.63
2005-02-03,-64.954,137.607,b15b,2172.89
2005-02-04,-64.954,137.607,b15b,2167.03
2005-02-05,-64.954,137.607,b15b,2163.4
2005-02-06,-64.954,137.607,b15b,2157.86
2005-02-07,-64.954,137.607,b15b,2149.99
2005-02-08,-64.922,137.733,b15b,2138.3
2005-02-09,-64.922,137.733,b15b,2123.08
2005-02-10,-64.922,137.733,b15b,2110.37
2005-02-11,-64.922,137.733,b15b,2099.01
2005-02-12,-64.922,137.733,b15b,2085.87
2005-02-13,-64.922,137.733,b15b,2071.8
2005-02-14,-64.922,137.733,b15b,2056.12
2005-02-15,-64.894,137.503,b15b,2042.03
2005-02-16,-64.894,137.503,b15b,2029.36
2005-02-17,-64.894,137.503,b15b,2016.95
2005-02-18,-64.894,137.503,b15b,2002.1
2005-02-19,-64.894,137.503,b15b,1984.96
2005-02-20,-64.899,137.349,b15b,1969.74
2005-02-21,-64.891,137.3,b15b,1956.29
2005-02-22,-64.88,137.237,b15b,1943.93
2005-02-23,-64.858,137.077,b15b,1934.13
2005-02-24,-64.845,137.0,b15b,1922.56
2005-02-25,-64.834,136.921,b15b,1912.3
2005-02-26,-64.807,136.769,b15b,1903.19
2005-02-27,-64.795,136.617,b15b,1895.18
2005-02-28,-64.783,136.85,b15b,1888.59
2005-03-01,-64.842,136.778,b15b,1880.84
2005-03-02,-64.784,136.586,b15b,1873.54
2005-03-03,-64.752,136.438,b15b,1867.75
2005-03-04,-64.738,136.263,b15b,1864.98
2005-03-05,-64.736,136.149,b15b,1860.81
2005-03-06,-64.737,135.922,b15b,1864.36
2005-03-07,-64.686,135.848,b15b,1870.66
2005-03-08,-64.686,135.848,b15b,1878.43
2005-03-09,-64.686,135.848,b15b,1888.94
2005-03-10,-64.687,135.604,b15b,1900.64
2005-03-11,-64.648,135.462,b15b,1915.55
2005-03-12,-64.612,135.288,b15b,1931.6
2005-03-13,-64.611,135.058,b15b,1948.31
2005-03-14,-64.6,134.865,b15b,1967.62
2005-03-15,-64.586,134.639,b15b,1986.41
2005-03-16,-64.586,134.639,b15b,2005.69
2005-03-17,-64.54,134.488,b15b,2024.3
2005-03-18,-64.54,134.488,b15b,2043.24
2005-03-19,-64.54,134.488,b15b,2060.98
2005-03-20,-64.54,134.488,b15b,2079.34
2005-03-21,-64.515,134.287,b15b,2098.34
2005-03-22,-64.515,134.287,b15b,2117.2
2005-03-23,-64.515,134.287,b15b,2135.63
2005-03-24,-64.521,134.134,b15b,2152.95
2005-03-25,-64.521,134.134,b15b,2170.52
2005-03-26,-64.521,134.134,b15b,2187.57
2005-03-27,-64.521,134.134,b15b,2206.39
2005-03-28,-64.508,133.788,b15b,2223.67
2005-03-29,-64.508,133.788,b15b,2238.85
2005-03-30,-64.507,133.519,b15b,2255.79
2005-03-31,-64.507,133.519,b15b,2266.13
2005-04-01,-64.542,133.094,b15b,2273.63
2005-04-02,-64.542,133.094,b15b,2281.42
2005-04-03,-64.542,133.094,b15b,2287.12
2005-04-04,-64.52,132.738,b15b,2291.65
2005-04-05,-64.52,132.738,b15b,2290.89
2005-04-06,-64.47,132.438,b15b,2291.2
2005-04-07,-64.555,132.48,b15b,2288.85
2005-04-08,-64.555,132.48,b15b,2283.18
2005-04-09,-64.555,132.48,b15b,2277.65
2005-04-10,-64.493,132.32,b15b,2271.74
2005-04-11,-64.515,132.181,b15b,2266.96
2005-04-12,-64.515,132.181,b15b,2262.62
2005-04-13,-64.515,132.181,b15b,2258.64
2005-04-14,-64.512,131.944,b15b,2254.15
2005-04-15,-64.555,131.79,b15b,2249.28
2005-04-16,-64.606,131.744,b15b,2244.25
2005-04-17,-64.606,131.744,b15b,2239.2
2005-04-18,-64.606,131.744,b15b,2234.62
2005-04-19,-64.574,131.655,b15b,2231.58
2005-04-20,-64.574,131.655,b15b,2230.47
2005-04-21,-64.511,131.433,b15b,2231.72
2005-04-22,-64.612,131.404,b15b,2231.16
2005-04-23,-64.612,131.404,b15b,2234.23
2005-04-24,-64.673,130.559,b15b,2238.58
2005-04-25,-64.626,131.068,b15b,2240.89
2005-04-26,-64.599,130.834,b15b,2244.39
2005-04-27,-64.599,130.834,b15b,2238.72
2005-04-28,-64.62,130.694,b15b,2243.84
2005-04-29,-64.657,130.521,b15b,2238.34
2005-04-30,-64.657,130.521,b15b,2236.3
2005-05-01,-64.678,130.261,b15b,2231.81
2005-05-02,-64.678,130.261,b15b,2229.47
2005-05-03,-64.765,129.885,b15b,2227.81
2005-05-04,-64.765,129.885,b15b,2226.8
2005-05-05,-64.82,129.613,b15b,2235.43
2005-05-06,-64.759,129.497,b15b,2233.38
2005-05-07,-64.759,129.497,b15b,2237.53
2005-05-08,-64.84,129.298,b15b,2240.55
2005-05-09,-64.759,129.497,b15b,2243.42
2005-05-10,-64.842,129.05,b15b,2245.72
2005-05-11,-64.842,129.05,b15b,2243.27
2005-05-12,-64.842,129.05,b15b,2238.15
2005-05-13,-64.842,129.05,b15b,2232.53
2005-05-14,-64.866,128.928,b15b,2226.11
2005-05-15,-64.866,128.928,b15b,2215.9
2005-05-16,-64.866,128.928,b15b,2201.61
2005-05-17,-64.918,128.647,b15b,2189.56
2005-05-18,-64.918,128.647,b15b,2174.99
2005-05-19,-64.967,128.408,b15b,2159.42
2005-05-20,-64.967,128.408,b15b,2146.1
2005-05-21,-65.09,127.792,b15b,2131.37
2005-05-22,-65.141,127.465,b15b,2126.7
2005-05-23,-65.19,127.331,b15b,2110.86
2005-05-24,-65.26,127.3,b15b,2106.4
2005-05-25,-65.348,127.273,b15b,2102.25
2005-05-26,-65.441,127.247,b15b,2097.79
2005-05-27,-65.524,127.219,b15b,2093.34
2005-05-28,-65.584,127.187,b15b,2089.22
2005-05-29,-65.593,127.038,b15b,2084.56
2005-05-30,-65.061,126.941,b15b,2070.32
2005-05-31,-65.075,126.813,b15b,2067.24
2005-06-01,-65.084,126.589,b15b,2057.21
2005-06-02,-65.084,126.589,b15b,2048.41
2005-06-03,-65.069,126.244,b15b,2038.97
2005-06-04,-65.069,126.244,b15b,2030.04
2005-06-05,-65.069,126.244,b15b,2025.44
2005-06-06,-65.069,126.244,b15b,2023.82
2005-06-07,-65.069,126.244,b15b,2021.21
2005-06-08,-65.023,125.791,b15b,2016.14
2005-06-09,-65.023,125.791,b15b,2013.46
2005-06-10,-65.017,125.533,b15b,2011.76
2005-06-11,-65.07,125.48,b15b,2009.31
2005-06-12,-65.19,124.965,b15b,2004.94
2005-06-13,-65.216,124.69,b15b,1999.5
2005-06-14,-65.236,124.484,b15b,1993.43
2005-06-15,-65.274,124.345,b15b,1986.65
2005-06-16,-65.316,124.126,b15b,1978.43
2005-06-17,-65.326,124.034,b15b,1970.0
2005-06-18,-65.292,123.609,b15b,1961.16
2005-06-19,-65.33,123.54,b15b,1951.49
2005-06-20,-65.346,123.337,b15b,1941.83
2005-06-21,-65.357,123.197,b15b,1931.93
2005-06-22,-65.418,123.03,b15b,1921.51
2005-06-23,-65.435,122.853,b15b,1911.09
2005-06-24,-65.443,122.765,b15b,1900.61
2005-06-25,-65.448,122.686,b15b,1889.2
2005-06-26,-65.429,122.43,b15b,1878.12
2005-06-27,-65.415,122.567,b15b,1866.71
2005-06-28,-65.424,122.245,b15b,1856.18
2005-06-29,-65.411,122.228,b15b,1844.87
2005-06-30,-65.437,122.141,b15b,1833.94
2005-07-01,-65.437,122.141,b15b,1822.31
2005-07-02,-65.437,122.141,b15b,1811.19
2005-07-03,-65.437,122.141,b15b,1800.29
2005-07-04,-65.436,121.943,b15b,1789.39
2005-07-05,-65.436,121.943,b15b,1778.62
2005-07-06,-65.436,121.943,b15b,1768.36
2005-07-07,-65.436,121.943,b15b,1758.68
2005-07-08,-65.436,121.943,b15b,1749.94
2005-07-09,-65.436,121.943,b15b,1741.56
2005-07-10,-65.436,121.943,b15b,1734.2
2005-07-11,-65.436,121.943,b15b,1727.43
2005-07-12,-65.466,121.409,b15b,1721.1
2005-07-13,-65.466,121.409,b15b,1715.18
2005-07-14,-65.466,121.409,b15b,1709.48
2005-07-15,-65.504,121.079,b15b,1704.54
2005-07-16,-65.504,121.079,b15b,1699.96
2005-07-17,-65.486,120.506,b15b,1695.37
2005-07-18,-65.492,120.593,b15b,1691.19
2005-07-19,-65.487,120.299,b15b,1686.83
2005-07-20,-65.467,120.245,b15b,1682.69
2005-07-21,-65.467,120.245,b15b,1678.76
2005-07-22,-65.469,120.104,b15b,1676.73
2005-07-23,-65.451,119.956,b15b,1673.35
2005-07-24,-65.424,119.666,b15b,1671.22
2005-07-25,-65.391,119.493,b15b,1669.97
2005-07-26,-65.348,119.367,b15b,1669.39
2005-07-27,-65.333,119.179,b15b,1669.09
2005-07-28,-65.328,118.87,b15b,1670.71
2005-07-29,-65.306,118.713,b15b,1674.56
2005-07-30,-65.3,118.405,b15b,1678.53
2005-07-31,-65.28,118.018,b15b,1682.46
2005-08-01,-65.26,117.893,b15b,1687.55
2005-08-02,-65.255,117.876,b15b,1692.49
2005-08-03,-65.25,117.864,b15b,1697.46
2005-08-04,-65.245,117.852,b15b,1702.43
2005-08-05,-65.223,117.729,b15b,1707.48
2005-08-06,-65.2,117.674,b15b,1714.12
2005-08-07,-65.217,117.681,b15b,1720.68
2005-08-08,-65.18,117.594,b15b,1727.24
2005-08-09,-65.176,117.542,b15b,1736.29
2005-08-10,-65.173,117.479,b15b,1743.07
2005-08-11,-65.17,117.416,b15b,1752.36
2005-08-12,-65.166,117.361,b15b,1760.88
2005-08-13,-65.163,117.321,b15b,1768.22
2005-08-14,-65.159,117.304,b15b,1776.64
2005-08-15,-65.182,117.072,b15b,1783.68
2005-08-16,-65.167,116.995,b15b,1790.82
2005-08-17,-65.154,116.931,b15b,1798.8
2005-08-18,-65.103,116.923,b15b,1806.34
2005-08-19,-65.121,116.977,b15b,1814.63
2005-08-20,-65.122,116.89,b15b,1819.69
2005-08-21,-65.091,116.958,b15b,1826.44
2005-08-22,-65.085,116.953,b15b,1830.58
2005-08-23,-65.078,116.941,b15b,1831.62
2005-08-24,-65.072,116.924,b15b,1832.41
2005-08-25,-65.065,116.905,b15b,1831.23
2005-08-26,-65.06,116.884,b15b,1830.72
2005-08-27,-65.054,116.865,b15b,1828.43
2005-08-28,-65.051,116.848,b15b,1826.2
2005-08-29,-65.101,116.946,b15b,1823.77
2005-08-30,-65.012,116.831,b15b,1821.71
2005-08-31,-65.012,116.831,b15b,1817.97
2005-09-01,-65.012,116.831,b15b,1812.83
2005-09-02,-64.98,116.714,b15b,1807.89
2005-09-03,-64.98,116.714,b15b,1800.35
2005-09-04,-64.98,116.714,b15b,1794.95
2005-09-05,-64.923,116.66,b15b,1787.55
2005-09-06,-64.923,116.66,b15b,1780.53
2005-09-07,-64.923,116.66,b15b,1774.59
2005-09-08,-64.953,116.442,b15b,1767.42
2005-09-09,-64.909,116.269,b15b,1762.6
2005-09-10,-64.877,116.323,b15b,1756.0
2005-09-11,-64.895,116.33,b15b,1750.97
2005-09-12,-64.962,116.35,b15b,1745.25
2005-09-13,-64.962,116.35,b15b,1739.66
2005-09-14,-64.901,116.351,b15b,1737.78
2005-09-15,-64.901,116.351,b15b,1734.72
2005-09-16,-64.901,116.351,b15b,1733.72
2005-09-17,-64.901,116.351,b15b,1734.13
2005-09-18,-64.91,116.265,b15b,1734.62
2005-09-19,-64.909,116.263,b15b,1737.85
2005-09-20,-64.907,116.261,b15b,1738.7
2005-09-21,-64.885,116.239,b15b,1742.52
2005-09-22,-64.883,116.237,b15b,1745.86
2005-09-23,-64.881,116.236,b15b,1750.58
2005-09-24,-64.881,116.233,b15b,1757.41
2005-09-25,-64.908,116.214,b15b,1763.89
2005-09-26,-64.912,116.189,b15b,1773.99
2005-09-27,-64.922,116.13,b15b,1784.16
2005-09-28,-64.974,115.965,b15b,1794.58
2005-09-29,-64.989,115.88,b15b,1804.84
2005-09-30,-65.051,115.531,b15b,1814.46
2005-10-01,-65.027,115.369,b15b,1826.02
2005-10-02,-65.034,115.343,b15b,1836.98
2005-10-03,-65.05,115.291,b15b,1849.45
2005-10-04,-65.053,115.286,b15b,1860.73
2005-10-05,-65.056,115.282,b15b,1873.8
2005-10-06,-65.084,115.315,b15b,1884.99
2005-10-07,-65.086,115.313,b15b,1897.96
2005-10-08,-65.041,115.396,b15b,1909.61
2005-10-09,-65.045,115.382,b15b,1921.18
2005-10-10,-65.043,115.387,b15b,1932.37
2005-10-11,-65.069,115.475,b15b,1943.51
2005-10-12,-65.031,115.494,b15b,1954.72
2005-10-13,-65.025,115.515,b15b,1966.12
2005-10-14,-65.019,115.535,b15b,1976.8
2005-10-15,-65.015,115.549,b15b,1988.62
2005-10-16,-65.013,115.555,b15b,1999.21
2005-10-17,-65.014,115.554,b15b,2010.46
2005-10-18,-65.015,115.551,b15b,2021.51
2005-10-19,-65.017,115.548,b15b,2029.74
2005-10-20,-65.019,115.543,b15b,2038.86
2005-10-21,-65.022,115.537,b15b,2044.3
2005-10-22,-65.025,115.531,b15b,2050.53
2005-10-23,-65.028,115.525,b15b,2056.15
2005-10-24,-65.032,115.514,b15b,2060.85
2005-10-25,-65.036,115.498,b15b,2067.2
2005-10-26,-65.041,115.479,b15b,2069.94
2005-10-27,-65.047,115.459,b15b,2073.06
2005-10-28,-65.065,115.239,b15b,2075.01
2005-10-29,-65.104,115.243,b15b,2077.2
2005-10-30,-65.111,115.263,b15b,2078.09
2005-10-31,-65.116,115.266,b15b,2079.34
2005-11-01,-65.133,115.217,b15b,2079.69
2005-11-02,-65.139,115.23,b15b,2080.23
2005-11-03,-65.144,115.244,b15b,2079.98
2005-11-04,-65.147,115.285,b15b,2079.56
2005-11-05,-65.15,115.294,b15b,2079.2
2005-11-06,-65.151,115.297,b15b,2077.95
2005-11-07,-65.151,115.294,b15b,2076.58
2005-11-08,-65.15,115.286,b15b,2075.29
2005-11-09,-65.149,115.274,b15b,2073.82
2005-11-10,-65.148,115.26,b15b,2072.14
2005-11-11,-65.147,115.248,b15b,2070.15
2005-11-12,-65.146,115.238,b15b,2067.12
2005-11-13,-65.146,115.232,b15b,2064.21
2005-11-14,-65.122,115.245,b15b,2060.87
2005-11-15,-65.122,115.245,b15b,2058.62
2005-11-16,-65.122,115.245,b15b,2055.59
2005-11-17,-65.122,115.245,b15b,2052.54
2005-11-18,-65.122,115.245,b15b,2050.55
2005-11-19,-65.122,115.245,b15b,2047.3
2005-11-20,-65.122,115.245,b15b,2046.0
2005-11-21,-65.122,115.245,b15b,2044.77
2005-11-22,-65.122,115.245,b15b,2043.58
2005-11-23,-65.122,115.245,b15b,2042.16
2005-11-24,-65.122,115.245,b15b,2040.73
2005-11-25,-65.122,115.245,b15b,2039.21
2005-11-26,-65.122,115.245,b15b,2037.64
2005-11-27,-65.122,115.245,b15b,2035.59
2005-11-28,-65.122,115.245,b15b,2033.69
2005-11-29,-65.122,115.245,b15b,2031.88
2005-11-30,-65.122,115.245,b15b,2029.83
2005-12-01,-65.122,115.245,b15b,2027.33
2005-12-02,-65.122,115.245,b15b,2024.83
2005-12-03,-65.122,115.245,b15b,2017.8
2005-12-04,-65.146,115.207,b15b,2012.78
2005-12-05,-65.143,115.198,b15b,2006.29
2005-12-06,-65.125,115.111,b15b,1998.66
2005-12-07,-65.115,115.081,b15b,1994.12
2005-12-08,-65.104,115.047,b15b,1989.84
2005-12-09,-65.095,115.011,b15b,1979.89
2005-12-10,-65.087,114.976,b15b,1971.42
2005-12-11,-65.085,114.947,b15b,1972.83
2005-12-12,-65.086,114.923,b15b,1974.03
2005-12-13,-65.091,114.901,b15b,1972.64
2005-12-14,-65.096,114.879,b15b,1964.98
2005-12-15,-65.103,114.858,b15b,1957.5
2005-12-16,-65.109,114.835,b15b,1950.97
2005-12-17,-65.099,114.609,b15b,1943.94
2005-12-18,-65.139,114.369,b15b,1937.06
2005-12-19,-65.081,114.283,b15b,1930.69
2005-12-20,-65.131,114.008,b15b,1924.77
2005-12-21,-65.131,114.008,b15b,1919.23
2005-12-22,-65.131,114.008,b15b,1911.8
2005-12-23,-65.108,113.614,b15b,1906.91
2005-12-24,-65.108,113.614,b15b,1902.3
2005-12-25,-65.112,113.223,b15b,1899.17
2005-12-26,-65.176,112.883,b15b,1897.78
2005-12-27,-65.238,112.499,b15b,1896.24
2005-12-28,-65.299,112.342,b15b,1898.93
2005-12-29,-65.322,111.962,b15b,1900.1
2005-12-30,-65.331,111.753,b15b,1904.69
2005-12-31,-65.331,111.753,b15b,1912.42
2006-01-01,-65.331,111.753,b15b,1916.85
2006-01-02,-65.331,111.753,b15b,1921.74
2006-01-03,-65.331,111.753,b15b,1929.18
2006-01-04,-65.331,111.753,b15b,1934.89
2006-01-05,-65.234,111.777,b15b,1936.61
2006-01-06,-65.234,111.777,b15b,1939.6
2006-01-07,-65.234,111.777,b15b,1943.84
2006-01-08,-65.234,111.777,b15b,1955.67
2006-01-09,-65.234,111.777,b15b,1967.44
2006-01-10,-65.234,111.777,b15b,1979.37
2006-01-11,-65.234,111.777,b15b,1992.11
2006-01-12,-65.234,111.777,b15b,2003.25
2006-01-13,-65.234,111.777,b15b,2019.2
2006-01-14,-65.234,111.777,b15b,2030.86
2006-01-15,-65.182,111.679,b15b,2044.69
2006-01-16,-65.147,111.583,b15b,2054.47
2006-01-17,-65.149,111.501,b15b,2065.32
2006-01-18,-65.151,111.412,b15b,2074.06
2006-01-19,-65.12,111.207,b15b,2092.13
2006-01-20,-65.123,111.05,b15b,2104.54
2006-01-21,-65.075,110.851,b15b,2117.1
2006-01-22,-65.078,110.775,b15b,2130.9
2006-01-23,-65.079,110.711,b15b,2145.69
2006-01-24,-65.138,110.272,b15b,2160.6
2006-01-25,-65.127,110.161,b15b,2175.64
2006-01-26,-65.129,110.11,b15b,2187.11
2006-01-27,-65.13,110.055,b15b,2199.66
2006-01-28,-65.131,109.992,b15b,2223.09
2006-01-29,-65.069,109.639,b15b,2247.99
2006-01-30,-65.065,109.541,b15b,2267.05
2006-01-31,-65.056,109.417,b15b,2288.19
2006-02-01,-65.112,109.113,b15b,2312.81
2006-02-02,-65.121,108.886,b15b,2338.21
2006-02-03,-65.108,108.74,b15b,2364.25
2006-02-04,-65.099,108.607,b15b,2394.55
2006-02-05,-65.095,108.495,b15b,2416.53
2006-02-06,-65.095,108.4,b15b,2440.3
2006-02-07,-65.07,108.123,b15b,2480.04
2006-02-08,-65.062,107.902,b15b,2526.03
2006-02-09,-65.075,107.756,b15b,2595.05
2006-02-10,-65.045,107.206,b15b,2644.69
2006-02-11,-65.045,107.141,b15b,2690.99
2006-02-12,-65.045,107.085,b15b,2736.28
2006-02-13,-65.042,107.038,b15b,2774.03
2006-02-14,-65.036,106.997,b15b,2817.61
2006-02-15,-65.027,106.961,b15b,2861.72
2006-02-16,-65.007,106.413,b15b,2904.22
2006-02-17,-64.995,106.38,b15b,2945.58
2006-02-18,-64.984,106.345,b15b,2998.14
2006-02-19,-64.975,106.306,b15b,3047.07
2006-02-20,-64.967,106.264,b15b,3087.89
2006-02-21,-64.841,106.124,b15b,3126.08
2006-02-22,-64.833,106.081,b15b,3166.41
2006-02-23,-64.825,106.036,b15b,3208.16
2006-02-24,-64.817,105.989,b15b,3246.59
2006-02-25,-64.81,105.938,b15b,3281.89
2006-02-26,-64.802,105.882,b15b,3311.55
2006-02-27,-64.794,105.82,b15b,3347.67
2006-02-28,-64.786,105.749,b15b,3386.9
2006-03-01,-64.644,105.272,b15b,3398.64
2006-03-02,-64.642,105.063,b15b,3403.82
2006-03-03,-64.635,104.98,b15b,3406.97
2006-03-04,-64.629,104.896,b15b,3391.73
2006-03-05,-64.623,104.812,b15b,3369.96
2006-03-06,-64.618,104.724,b15b,3320.35
2006-03-07,-64.614,104.626,b15b,3288.39
2006-03-08,-64.609,104.525,b15b,3255.57
2006-03-09,-64.605,104.426,b15b,3225.03
2006-03-10,-64.601,104.334,b15b,3186.97
2006-03-11,-64.599,104.254,b15b,3145.39
2006-03-12,-64.598,104.192,b15b,3102.4
2006-03-13,-64.598,104.147,b15b,3058.5
2006-03-14,-64.598,104.112,b15b,3014.41
2006-03-15,-64.598,104.082,b15b,2955.29
2006-03-16,-64.671,103.05,b15b,2896.71
2006-03-17,-64.675,102.917,b15b,2850.63
2006-03-18,-64.677,102.833,b15b,2803.73
2006-03-19,-64.693,102.688,b15b,2746.49
2006-03-20,-64.687,102.627,b15b,2687.07
2006-03-21,-64.641,102.427,b15b,2630.35
2006-03-22,-64.603,102.175,b15b,2573.47
2006-03-23,-64.58,101.982,b15b,2519.73
2006-03-24,-64.552,101.882,b15b,2457.89
2006-03-25,-64.477,101.687,b15b,2391.78
2006-03-26,-64.453,101.595,b15b,2346.61
2006-03-27,-64.408,101.461,b15b,2316.93
2006-03-28,-64.363,101.306,b15b,2288.91
2006-03-29,-64.297,101.201,b15b,2256.08
2006-03-30,-64.232,101.037,b15b,2229.79
2006-03-31,-64.195,100.881,b15b,2202.3
2006-04-01,-64.151,100.677,b15b,2182.9
2006-04-02,-64.114,100.424,b15b,2162.61
2006-04-03,-64.084,100.122,b15b,2141.52
2006-04-04,-64.072,99.967,b15b,2125.26
2006-04-05,-64.061,99.795,b15b,2110.88
2006-04-06,-64.027,99.434,b15b,2098.45
2006-04-07,-63.98,99.155,b15b,2086.78
2006-04-08,-63.978,98.898,b15b,2074.62
2006-04-09,-63.965,98.611,b15b,2064.67
2006-04-10,-63.933,98.863,b15b,2055.68
2006-04-11,-63.933,98.863,b15b,2045.94
2006-04-12,-63.878,98.475,b15b,2037.36
2006-04-13,-63.894,98.361,b15b,2029.23
2006-04-14,-63.927,98.275,b15b,2020.34
2006-04-15,-63.97,98.147,b15b,2012.08
2006-04-16,-64.002,98.011,b15b,2004.03
2006-04-17,-63.962,97.807,b15b,1996.07
2006-04-18,-63.92,97.591,b15b,1987.75
2006-04-19,-63.92,97.591,b15b,1979.94
2006-04-20,-64.024,97.268,b15b,1973.5
2006-04-21,-64.058,97.058,b15b,1966.15
2006-04-22,-64.159,96.694,b15b,1958.88
2006-04-23,-64.354,95.507,b15b,1953.14
2006-04-24,-64.251,96.193,b15b,1945.31
2006-04-25,-64.251,96.193,b15b,1940.25
2006-04-26,-64.357,95.722,b15b,1935.12
2006-04-27,-64.45,95.255,b15b,1931.14
2006-04-28,-64.537,94.889,b15b,1928.88
2006-04-29,-64.547,94.649,b15b,1926.41
2006-04-30,-64.535,94.538,b15b,1924.56
2006-05-01,-64.538,94.328,b15b,1921.55
2006-05-02,-64.55,94.114,b15b,1919.24
2006-05-03,-64.596,93.953,b15b,1917.18
2006-05-04,-64.646,93.763,b15b,1915.19
2006-05-05,-64.69,93.613,b15b,1913.35
2006-05-06,-64.748,93.484,b15b,1911.78
2006-05-07,-64.775,93.041,b15b,1910.73
2006-05-08,-64.804,92.893,b15b,1910.25
2006-05-09,-64.826,92.736,b15b,1909.68
2006-05-10,-64.85,92.599,b15b,1910.61
2006-05-11,-64.875,92.452,b15b,1911.68
2006-05-12,-64.906,92.239,b15b,1913.76
2006-05-13,-64.946,92.053,b15b,1916.55
2006-05-14,-64.957,91.883,b15b,1919.41
2006-05-15,-64.95,92.085,b15b,1922.09
2006-05-16,-65.0,91.869,b15b,1924.18
2006-05-17,-65.042,91.689,b15b,1926.42
2006-05-18,-65.052,91.579,b15b,1931.51
2006-05-19,-65.063,91.48,b15b,1936.52
2006-05-20,-65.094,91.357,b15b,1942.39
2006-05-21,-65.124,91.207,b15b,1948.01
2006-05-22,-65.124,91.207,b15b,1954.01
2006-05-23,-65.171,91.032,b15b,1959.68
2006-05-24,-65.215,90.896,b15b,1963.34
2006-05-25,-65.215,90.896,b15b,1967.27
2006-05-26,-65.256,90.732,b15b,1971.32
2006-05-27,-65.29,90.556,b15b,1975.42
2006-05-28,-65.32,90.455,b15b,1979.44
2006-05-29,-65.381,90.337,b15b,1983.3
2006-05-30,-65.415,90.184,b15b,1987.42
2006-05-31,-65.49,90.08,b15b,1991.69
2006-06-01,-65.61,89.847,b15b,1996.39
2006-06-02,-65.624,89.597,b15b,2000.71
2006-06-03,-65.657,89.047,b15b,2006.81
2006-06-04,-65.194,87.842,b15b,2011.99
2006-06-05,-65.234,87.528,b15b,2018.35
2006-06-06,-65.318,87.194,b15b,2024.06
2006-06-07,-65.434,86.772,b15b,2030.45
2006-06-08,-65.558,86.348,b15b,2035.39
2006-06-09,-65.658,86.03,b15b,2040.8
2006-06-10,-65.759,85.681,b15b,2046.7
2006-06-11,-65.804,85.246,b15b,2052.84
2006-06-12,-65.836,84.991,b15b,2056.76
2006-06-13,-65.86,84.763,b15b,2060.07
2006-06-14,-65.89,84.568,b15b,2063.78
2006-06-15,-65.924,84.33,b15b,2067.84
2006-06-16,-65.952,84.168,b15b,2072.06
2006-06-17,-65.955,84.123,b15b,2074.93
2006-06-18,-65.976,83.972,b15b,2079.06
2006-06-19,-65.973,83.965,b15b,2082.78
2006-06-20,-65.968,83.959,b15b,2086.52
2006-06-21,-65.959,83.955,b15b,2090.33
2006-06-22,-65.944,83.898,b15b,2093.58
2006-06-23,-65.934,83.894,b15b,2096.84
2006-06-24,-65.926,83.89,b15b,2098.89
2006-06-25,-65.92,83.883,b15b,2101.02
2006-06-26,-65.969,83.916,b15b,2103.26
2006-06-27,-65.969,83.916,b15b,2104.8
2006-06-28,-65.896,83.787,b15b,2105.03
2006-06-29,-65.896,83.787,b15b,2104.95
2006-06-30,-65.896,83.787,b15b,2103.41
2006-07-01,-65.882,83.493,b15b,2101.57
2006-07-02,-65.882,83.493,b15b,2098.28
2006-07-03,-65.882,83.493,b15b,2096.47
2006-07-04,-65.89,83.238,b15b,2094.38
2006-07-05,-65.89,83.238,b15b,2092.11
2006-07-06,-65.89,83.238,b15b,2090.14
2006-07-07,-65.783,83.091,b15b,2089.34
2006-07-08,-65.783,83.091,b15b,2088.9
2006-07-09,-65.781,83.011,b15b,2087.05
2006-07-10,-65.767,82.878,b15b,2085.4
2006-07-11,-65.767,82.878,b15b,2082.36
2006-07-12,-65.767,82.878,b15b,2081.56
2006-07-13,-65.767,82.878,b15b,2080.93
2006-07-14,-65.767,82.878,b15b,2080.53
2006-07-15,-65.658,82.696,b15b,2078.7
2006-07-16,-65.605,82.464,b15b,2077.34
2006-07-17,-65.568,82.229,b15b,2076.71
2006-07-18,-65.554,82.121,b15b,2074.5
2006-07-19,-65.554,82.121,b15b,2073.7
2006-07-20,-65.473,81.753,b15b,2069.41
2006-07-21,-65.473,81.753,b15b,2065.41
2006-07-22,-65.466,81.575,b15b,2062.16
2006-07-23,-65.474,81.391,b15b,2057.85
2006-07-24,-65.48,81.27,b15b,2053.3
2006-07-25,-65.493,81.15,b15b,2049.98
2006-07-26,-65.512,81.035,b15b,2046.01
2006-07-27,-65.533,80.928,b15b,2042.93
2006-07-28,-65.555,80.832,b15b,2040.51
2006-07-29,-65.576,80.751,b15b,2038.02
2006-07-30,-65.594,80.687,b15b,2034.14
2006-07-31,-65.611,80.632,b15b,2031.16
2006-08-01,-65.63,80.579,b15b,2026.3
2006-08-02,-65.661,80.44,b15b,2021.66
2006-08-03,-65.703,80.335,b15b,2018.21
2006-08-04,-65.723,80.289,b15b,2014.4
2006-08-05,-65.781,80.087,b15b,2011.95
2006-08-06,-65.847,79.958,b15b,2009.08
2006-08-07,-65.898,79.886,b15b,2006.72
2006-08-08,-65.945,79.786,b15b,2004.27
2006-08-09,-65.953,79.76,b15b,2002.77
2006-08-10,-65.962,79.735,b15b,2000.98
2006-08-11,-65.997,79.519,b15b,1999.63
2006-08-12,-66.007,79.489,b15b,1999.2
2006-08-13,-66.047,79.372,b15b,1998.7
2006-08-14,-66.025,79.374,b15b,2004.16
2006-08-15,-66.078,79.212,b15b,2009.16
2006-08-16,-66.078,79.212,b15b,2014.28
2006-08-17,-66.131,79.077,b15b,2020.05
2006-08-18,-66.198,78.959,b15b,2026.77
2006-08-19,-66.198,78.959,b15b,2031.53
2006-08-20,-66.234,78.737,b15b,2037.46
2006-08-21,-66.322,78.599,b15b,2043.27
2006-08-22,-66.404,78.378,b15b,2047.91
2006-08-23,-66.494,78.183,b15b,2053.27
2006-08-24,-66.494,78.183,b15b,2060.08
2006-08-25,-66.519,77.912,b15b,2066.6
2006-08-26,-66.547,77.603,b15b,2075.11
2006-08-27,-66.611,77.403,b15b,2084.03
2006-08-28,-66.648,77.368,b15b,2092.99
2006-08-29,-66.648,77.368,b15b,2101.97
2006-08-30,-66.671,77.116,b15b,2110.43
2006-08-31,-66.671,77.116,b15b,2118.3
2006-09-01,-66.701,76.951,b15b,2124.56
2006-09-02,-66.701,76.951,b15b,2130.2
2006-09-03,-66.74,76.828,b15b,2136.71
2006-09-04,-66.74,76.828,b15b,2143.12
2006-09-05,-66.769,76.695,b15b,2149.04
2006-09-06,-66.769,76.695,b15b,2155.18
2006-09-07,-66.798,76.52,b15b,2160.02
2006-09-08,-66.798,76.52,b15b,2163.4
2006-09-09,-66.798,76.52,b15b,2164.87
2006-09-10,-66.759,76.375,b15b,2165.09
2006-09-11,-66.751,76.142,b15b,2167.03
2006-09-12,-66.762,76.064,b15b,2168.35
2006-09-13,-66.775,75.977,b15b,2170.14
2006-09-14,-66.788,75.889,b15b,2172.01
2006-09-15,-66.8,75.674,b15b,2173.02
2006-09-16,-66.813,75.602,b15b,2174.08
2006-09-17,-66.824,75.547,b15b,2174.42
2006-09-18,-66.763,75.918,b15b,2174.49
2006-09-19,-66.876,75.45,b15b,2173.35
2006-09-20,-66.876,75.45,b15b,2171.78
2006-09-21,-66.94,75.211,b15b,2166.66
2006-09-22,-66.94,75.211,b15b,2163.49
2006-09-23,-66.94,75.211,b15b,2159.8
2006-09-24,-66.985,74.914,b15b,2156.22
2006-09-25,-66.985,74.914,b15b,2156.56
2006-09-26,-67.062,74.615,b15b,2159.42
2006-09-27,-67.062,74.615,b15b,2156.97
2006-09-28,-67.062,74.615,b15b,2158.33
2006-09-29,-67.062,74.615,b15b,2159.55
2006-09-30,-67.11,74.509,b15b,2160.92
2006-10-01,-67.12,74.429,b15b,2158.66
2006-10-02,-67.148,74.364,b15b,2159.95
2006-10-03,-67.141,74.39,b15b,2159.52
2006-10-04,-67.131,74.425,b15b,2160.73
2006-10-05,-67.12,74.463,b15b,2161.85
2006-10-06,-67.111,74.499,b15b,2161.96
2006-10-07,-67.066,74.639,b15b,2157.93
2006-10-08,-67.064,74.652,b15b,2152.26
2006-10-09,-67.065,74.656,b15b,2148.33
2006-10-10,-67.023,74.712,b15b,2139.32
2006-10-11,-67.056,74.749,b15b,2130.74
2006-10-12,-67.063,74.75,b15b,2121.69
2006-10-13,-67.092,74.773,b15b,2113.53
2006-10-14,-67.098,74.775,b15b,2106.0
2006-10-15,-67.104,74.778,b15b,2097.87
2006-10-16,-67.109,74.784,b15b,2094.46
2006-10-17,-67.114,74.793,b15b,2088.98
2006-10-18,-67.119,74.805,b15b,2083.89
2006-10-19,-67.124,74.818,b15b,2079.76
2006-10-20,-67.129,74.833,b15b,2072.44
2006-10-21,-67.133,74.847,b15b,2065.24
2006-10-22,-67.136,74.861,b15b,2064.17
2006-10-23,-67.108,74.807,b15b,2058.84
2006-10-24,-67.108,74.807,b15b,2053.45
2006-10-25,-67.108,74.807,b15b,2048.12
2006-10-26,-67.195,75.048,b15b,2046.89
2006-10-27,-67.195,75.048,b15b,2043.1
2006-10-28,-67.283,75.194,b15b,2039.89
2006-10-29,-67.283,75.194,b15b,2037.45
2006-10-30,-67.283,75.194,b15b,2036.04
2006-10-31,-67.283,75.194,b15b,2034.32
2006-11-01,-67.294,75.564,b15b,2036.21
2006-11-02,-67.294,75.564,b15b,2040.3
2006-11-03,-67.294,75.564,b15b,2042.27
2006-11-04,-67.294,75.564,b15b,2049.33
2006-11-05,-67.262,75.457,b15b,2056.33
2006-11-06,-67.266,75.456,b15b,2063.67
2006-11-07,-67.27,75.454,b15b,2070.61
2006-11-08,-67.275,75.451,b15b,2076.88
2006-11-09,-67.279,75.448,b15b,2082.26
2006-11-10,-67.283,75.445,b15b,2086.17
2006-11-11,-67.275,75.385,b15b,2089.56
2006-11-12,-67.276,75.384,b15b,2092.5
2006-11-13,-67.275,75.386,b15b,2094.68
2006-11-14,-67.272,75.389,b15b,2096.69
2006-11-15,-67.267,75.393,b15b,2096.48
2006-11-16,-67.262,75.398,b15b,2094.67
2006-11-17,-67.257,75.402,b15b,2091.33
2006-11-18,-67.253,75.405,b15b,2085.92
2006-11-19,-67.251,75.407,b15b,2081.58
2006-11-20,-67.273,75.449,b15b,2076.11
2006-11-21,-67.273,75.449,b15b,2069.66
2006-11-22,-67.273,75.449,b15b,2062.63
2006-11-23,-67.273,75.449,b15b,2054.61
2006-11-24,-67.273,75.449,b15b,2047.58
2006-11-25,-67.273,75.449,b15b,2038.93
2006-11-26,-67.273,75.449,b15b,2028.51
2006-11-27,-67.273,75.449,b15b,2015.38
2006-11-28,-67.273,75.449,b15b,2002.02
2006-11-29,-67.273,75.449,b15b,1985.43
2006-11-30,-67.273,75.449,b15b,1968.6
2006-12-01,-67.273,75.449,b15b,1952.2
2006-12-02,-67.266,75.267,b15b,1935.08
2006-12-03,-67.266,75.267,b15b,1917.68
2006-12-04,-67.266,75.267,b15b,1900.8
2006-12-05,-67.266,75.267,b15b,1883.84
2006-12-06,-67.266,75.267,b15b,1866.64
2006-12-07,-67.266,75.267,b15b,1850.25
2006-12-08,-67.266,75.267,b15b,1833.39
2006-12-09,-67.266,75.267,b15b,1816.22
2006-12-10,-67.266,75.267,b15b,1802.17
2006-12-11,-67.266,75.267,b15b,1789.67
2006-12-12,-67.266,75.267,b15b,1779.12
2006-12-13,-67.266,75.267,b15b,1770.47
2006-12-14,-67.266,75.267,b15b,1760.44
2006-12-15,-67.266,75.267,b15b,1751.48
2006-12-16,-67.266,75.267,b15b,1743.77
2006-12-17,-67.243,75.318,b15b,1736.36
2006-12-18,-67.243,75.321,b15b,1729.45
2006-12-19,-67.243,75.327,b15b,1720.72
2006-12-20,-67.243,75.335,b15b,1714.75
2006-12-21,-67.243,75.345,b15b,1711.51
2006-12-22,-67.243,75.355,b15b,1709.65
2006-12-23,-67.218,75.441,b15b,1709.19
2006-12-24,-67.218,75.45,b15b,1712.01
2006-12-25,-67.216,75.42,b15b,1715.97
2006-12-26,-67.216,75.42,b15b,1720.1
2006-12-27,-67.237,75.594,b15b,1724.11
2006-12-28,-67.237,75.594,b15b,1728.85
2006-12-29,-67.237,75.594,b15b,1732.81
2006-12-30,-67.237,75.594,b15b,1738.2
2006-12-31,-67.237,75.594,b15b,1743.91
2007-01-01,-67.237,75.594,b15b,1749.1
2007-01-02,-67.203,75.578,b15b,1754.62
2007-01-03,-67.203,75.578,b15b,1759.8
2007-01-04,-67.203,75.578,b15b,1763.62
2007-01-05,-67.203,75.578,b15b,1767.1
2007-01-06,-67.203,75.578,b15b,1770.36
2007-01-07,-67.16,75.444,b15b,1773.89
2007-01-08,-67.16,75.444,b15b,1777.25
2007-01-09,-67.16,75.444,b15b,1781.02
2007-01-10,-67.16,75.444,b15b,1784.02
2007-01-11,-67.16,75.444,b15b,1786.41
2007-01-12,-67.16,75.444,b15b,1789.01
2007-01-13,-67.16,75.756,b15b,1791.87
2007-01-14,-67.165,75.768,b15b,1793.92
2007-01-15,-67.165,75.767,b15b,1794.79
2007-01-16,-67.167,75.764,b15b,1796.14
2007-01-17,-67.169,75.76,b15b,1796.21
2007-01-18,-67.172,75.755,b15b,1796.18
2007-01-19,-67.175,75.75,b15b,1795.6
2007-01-20,-67.177,75.744,b15b,1794.21
2007-01-21,-67.18,75.738,b15b,1793.53
2007-01-22,-67.182,75.73,b15b,1790.78
2007-01-23,-67.185,75.72,b15b,1789.93
2007-01-24,-67.221,75.762,b15b,1786.88
2007-01-25,-67.224,75.751,b15b,1784.97
2007-01-26,-67.226,75.741,b15b,1782.44
2007-01-27,-67.227,75.734,b15b,1780.75
2007-01-28,-67.228,75.731,b15b,1780.01
2007-01-29,-67.226,75.74,b15b,1781.4
2007-01-30,-67.223,75.763,b15b,1783.4
2007-01-31,-67.218,75.794,b15b,1788.37
2007-02-01,-67.213,75.828,b15b,1793.82
2007-02-02,-67.208,75.859,b15b,1796.64
2007-02-03,-67.204,75.882,b15b,1801.92
2007-02-04,-67.203,75.891,b15b,1805.7
2007-02-05,-67.203,75.891,b15b,1811.55
2007-02-06,-67.203,75.891,b15b,1818.56
2007-02-07,-67.225,75.803,b15b,1827.43
2007-02-08,-67.225,75.803,b15b,1838.79
2007-02-09,-67.196,75.909,b15b,1851.25
2007-02-10,-67.196,75.909,b15b,1866.08
2007-02-11,-67.196,75.909,b15b,1878.05
2007-02-12,-67.197,75.918,b15b,1895.95
2007-02-13,-67.198,75.941,b15b,1912.53
2007-02-14,-67.2,75.974,b15b,1930.06
2007-02-15,-67.202,76.014,b15b,1948.01
2007-02-16,-67.204,76.054,b15b,1969.66
2007-02-17,-67.174,76.247,b15b,1988.19
2007-02-18,-67.175,76.278,b15b,2007.95
2007-02-19,-67.175,76.304,b15b,2027.01
2007-02-20,-67.174,76.33,b15b,2046.1
2007-02-21,-67.173,76.355,b15b,2061.34
2007-02-22,-67.179,76.491,b15b,2079.56
2007-02-23,-67.177,76.514,b15b,2098.56
2007-02-24,-67.175,76.535,b15b,2118.19
2007-02-25,-67.172,76.556,b15b,2145.92
2007-02-26,-67.167,76.576,b15b,2176.53
2007-02-27,-67.157,76.598,b15b,2201.07
2007-02-28,-67.153,76.827,b15b,2225.05
2007-03-01,-67.14,76.847,b15b,2255.83
2007-03-02,-67.128,76.863,b15b,2295.96
2007-03-03,-67.12,76.876,b15b,2326.01
2007-03-04,-67.116,76.883,b15b,2363.09
2007-03-05,-67.183,76.847,b15b,2392.29
2007-03-06,-67.183,76.847,b15b,2420.38
2007-03-07,-67.221,77.023,b15b,2443.85
2007-03-08,-67.221,77.023,b15b,2466.07
2007-03-09,-67.221,77.023,b15b,2481.54
2007-03-10,-67.221,77.023,b15b,2503.4
2007-03-11,-67.221,77.023,b15b,2518.81
2007-03-12,-67.221,77.023,b15b,2530.15
2007-03-13,-67.221,77.023,b15b,2537.0
2007-03-14,-67.221,77.023,b15b,2545.84
2007-03-15,-67.221,77.023,b15b,2552.54
2007-03-16,-67.221,77.023,b15b,2559.13
2007-03-17,-67.221,77.023,b15b,2563.23
2007-03-18,-67.235,77.001,b15b,2570.79
2007-03-19,-67.235,77.009,b15b,2575.13
2007-03-20,-67.235,77.024,b15b,2574.22
2007-03-21,-67.235,77.043,b15b,2573.81
2007-03-22,-67.235,77.062,b15b,2560.82
2007-03-23,-67.235,77.079,b15b,2544.11
2007-03-24,-67.235,77.092,b15b,2537.13
2007-03-25,-67.235,77.096,b15b,2523.11
2007-03-26,-67.235,77.095,b15b,2504.86
2007-03-27,-67.235,77.091,b15b,2479.19
2007-03-28,-67.235,77.086,b15b,2457.7
2007-03-29,-67.235,77.08,b15b,2420.01
2007-03-30,-67.201,77.171,b15b,2385.94
2007-03-31,-67.201,77.164,b15b,2352.6
2007-04-01,-67.201,77.159,b15b,2322.14
2007-04-02,-67.201,77.153,b15b,2295.09
2007-04-03,-67.227,77.182,b15b,2269.39
2007-04-04,-67.227,77.175,b15b,2236.91
2007-04-05,-67.253,77.11,b15b,2210.64
2007-04-06,-67.253,77.105,b15b,2187.88
2007-04-07,-67.253,77.101,b15b,2166.84
2007-04-08,-67.253,77.1,b15b,2146.47
2007-04-09,-67.253,77.1,b15b,2127.98
2007-04-10,-67.253,77.1,b15b,2109.67
2007-04-11,-67.253,77.1,b15b,2093.16
2007-04-12,-67.253,77.1,b15b,2076.87
2007-04-13,-67.253,77.1,b15b,2060.83
2007-04-14,-67.253,77.1,b15b,2045.61
2007-04-15,-67.253,77.1,b15b,2029.02
2007-04-16,-67.25,77.097,b15b,2016.47
2007-04-17,-67.24,77.088,b15b,2001.68
2007-04-18,-67.228,77.076,b15b,1986.69
2007-04-19,-67.162,77.039,b15b,1976.41
2007-04-20,-67.15,77.024,b15b,1966.08
2007-04-21,-67.14,77.01,b15b,1952.77
2007-04-22,-67.137,76.998,b15b,1941.5
2007-04-23,-67.141,76.988,b15b,1937.86
2007-04-24,-67.151,76.976,b15b,1936.69
2007-04-25,-67.165,76.965,b15b,1938.37
2007-04-26,-67.191,76.869,b15b,1940.13
2007-04-27,-67.207,76.86,b15b,1943.34
2007-04-28,-67.219,76.854,b15b,1946.62
2007-04-29,-67.227,76.852,b15b,1952.01
2007-04-30,-67.246,76.801,b15b,1959.04
2007-05-01,-67.249,76.825,b15b,1968.7
2007-05-02,-67.288,76.853,b15b,1983.7
2007-05-03,-67.29,76.89,b15b,1997.63
2007-05-04,-67.292,76.927,b15b,2010.31
2007-05-05,-67.325,77.022,b15b,2019.6
2007-05-06,-67.329,77.041,b15b,2032.78
2007-05-07,-67.334,77.052,b15b,2045.9
2007-05-08,-67.353,77.146,b15b,2057.79
2007-05-09,-67.361,77.153,b15b,2071.01
2007-05-10,-67.37,77.16,b15b,2084.07
2007-05-11,-67.379,77.166,b15b,2094.15
2007-05-12,-67.387,77.173,b15b,2107.34
2007-05-13,-67.393,77.181,b15b,2119.46
2007-05-14,-67.398,77.191,b15b,2132.03
2007-05-15,-67.404,77.202,b15b,2144.71
2007-05-16,-67.409,77.215,b15b,2158.66
2007-05-17,-67.44,77.359,b15b,2172.96
2007-05-18,-67.444,77.369,b15b,2187.93
2007-05-19,-67.447,77.376,b15b,2202.2
2007-05-20,-67.447,77.378,b15b,2214.27
2007-05-21,-67.464,77.48,b15b,2228.62
2007-05-22,-67.464,77.48,b15b,2243.02
2007-05-23,-67.464,77.48,b15b,2256.6
2007-05-24,-67.464,77.48,b15b,2270.43
2007-05-25,-67.464,77.48,b15b,2283.43
2007-05-26,-67.464,77.48,b15b,2293.92
2007-05-27,-67.464,77.48,b15b,2301.81
2007-05-28,-67.464,77.48,b15b,2310.2
2007-05-29,-67.464,77.48,b15b,2320.33
2007-05-30,-67.464,77.48,b15b,2332.67
2007-05-31,-67.464,77.48,b15b,2342.33
2007-06-01,-67.464,77.48,b15b,2351.04
2007-06-02,-67.464,77.48,b15b,2360.98
2007-06-03,-67.464,77.48,b15b,2371.66
2007-06-04,-67.464,77.48,b15b,2380.49
2007-06-05,-67.464,77.48,b15b,2390.38
2007-06-06,-67.464,77.48,b15b,2399.47
2007-06-07,-67.464,77.48,b15b,2408.68
2007-06-08,-67.464,77.48,b15b,2417.64
2007-06-09,-67.425,77.415,b15b,2425.83
2007-06-10,-67.437,77.332,b15b,2432.56
2007-06-11,-67.437,77.332,b15b,2440.75
2007-06-12,-67.437,77.332,b15b,2448.67
2007-06-13,-67.437,77.332,b15b,2456.52
2007-06-14,-67.437,77.332,b15b,2463.45
2007-06-15,-67.437,77.332,b15b,2467.79
2007-06-16,-67.437,77.332,b15b,2471.48
2007-06-17,-67.437,77.332,b15b,2475.3
2007-06-18,-67.437,77.332,b15b,2478.05
2007-06-19,-67.437,77.332,b15b,2479.46
2007-06-20,-67.437,77.332,b15b,2481.07
2007-06-21,-67.437,77.332,b15b,2480.72
2007-06-22,-67.437,77.332,b15b,2479.8
2007-06-23,-67.437,77.332,b15b,2478.08
2007-06-24,-67.437,77.332,b15b,2477.24
2007-06-25,-67.425,77.415,b15b,2476.6
2007-06-26,-67.425,77.415,b15b,2475.31
2007-06-27,-67.425,77.415,b15b,2473.29
2007-06-28,-67.425,77.415,b15b,2470.57
2007-06-29,-67.425,77.415,b15b,2468.97
2007-06-30,-67.425,77.415,b15b,2468.32
2007-07-01,-67.425,77.415,b15b,2467.5
2007-07-02,-67.425,77.415,b15b,2466.24
2007-07-03,-67.425,77.415,b15b,2466.22
2007-07-04,-67.425,77.415,b15b,2466.95
2007-07-05,-67.425,77.415,b15b,2467.84
2007-07-06,-67.425,77.415,b15b,2466.75
2007-07-07,-67.425,77.415,b15b,2465.71
2007-07-08,-67.437,77.332,b15b,2465.76
2007-07-09,-67.437,77.332,b15b,2465.78
2007-07-10,-67.437,77.332,b15b,2463.23
2007-07-11,-67.437,77.332,b15b,2462.17
2007-07-12,-67.437,77.332,b15b,2459.39
2007-07-13,-67.437,77.332,b15b,2455.8
2007-07-14,-67.437,77.332,b15b,2452.27
2007-07-15,-67.437,77.332,b15b,2447.11
2007-07-16,-67.437,77.332,b15b,2442.44
2007-07-17,-67.437,77.332,b15b,2438.08
2007-07-18,-67.437,77.332,b15b,2433.73
2007-07-19,-67.437,77.332,b15b,2429.35
2007-07-20,-67.437,77.332,b15b,2423.11
2007-07-21,-67.437,77.332,b15b,2417.89
2007-07-22,-67.437,77.332,b15b,2411.26
2007-07-23,-67.437,77.332,b15b,2407.32
2007-07-24,-67.437,77.332,b15b,2402.46
2007-07-25,-67.437,77.332,b15b,2395.85
2007-07-26,-67.437,77.332,b15b,2388.16
2007-07-27,-67.437,77.332,b15b,2382.1
2007-07-28,-67.416,77.32,b15b,2374.75
2007-07-29,-67.416,77.32,b15b,2366.75
2007-07-30,-67.416,77.321,b15b,2358.65
2007-07-31,-67.418,77.322,b15b,2353.01
2007-08-01,-67.42,77.324,b15b,2346.88
2007-08-02,-67.422,77.326,b15b,2339.09
2007-08-03,-67.424,77.328,b15b,2331.37
2007-08-04,-67.425,77.329,b15b,2327.99
2007-08-05,-67.426,77.33,b15b,2324.15
2007-08-06,-67.457,77.381,b15b,2321.22
2007-08-07,-67.456,77.377,b15b,2320.47
2007-08-08,-67.454,77.372,b15b,2320.5
2007-08-09,-67.452,77.367,b15b,2322.94
2007-08-10,-67.468,77.334,b15b,2324.46
2007-08-11,-67.466,77.33,b15b,2327.01
2007-08-12,-67.429,77.351,b15b,2329.58
2007-08-13,-67.429,77.351,b15b,2333.49
2007-08-14,-67.429,77.351,b15b,2339.68
2007-08-15,-67.429,77.351,b15b,2344.69
2007-08-16,-67.429,77.351,b15b,2351.19
2007-08-17,-67.429,77.351,b15b,2354.53
2007-08-18,-67.429,77.351,b15b,2360.18
2007-08-19,-67.429,77.351,b15b,2366.39
2007-08-20,-67.428,77.351,b15b,2374.08
2007-08-21,-67.429,77.307,b15b,2380.18
2007-08-22,-67.426,77.308,b15b,2386.54
2007-08-23,-67.423,77.309,b15b,2392.87
2007-08-24,-67.42,77.31,b15b,2399.02
2007-08-25,-67.418,77.31,b15b,2402.82
2007-08-26,-67.417,77.311,b15b,2405.81
2007-08-27,-67.418,77.313,b15b,2408.92
2007-08-28,-67.42,77.314,b15b,2411.18
2007-08-29,-67.423,77.316,b15b,2409.55
2007-08-30,-67.426,77.318,b15b,2406.55
2007-08-31,-67.429,77.32,b15b,2404.59
2007-09-01,-67.431,77.321,b15b,2401.58
2007-09-02,-67.432,77.321,b15b,2397.17
2007-09-03,-67.414,77.393,b15b,2392.55
2007-09-04,-67.414,77.393,b15b,2388.72
2007-09-05,-67.414,77.393,b15b,2383.65
2007-09-06,-67.442,77.466,b15b,2378.1
2007-09-07,-67.442,77.466,b15b,2371.26
2007-09-08,-67.442,77.466,b15b,2363.73
2007-09-09,-67.442,77.466,b15b,2357.42
2007-09-10,-67.442,77.466,b15b,2350.84
2007-09-11,-67.477,77.384,b15b,2344.21
2007-09-12,-67.477,77.384,b15b,2336.81
2007-09-13,-67.477,77.384,b15b,2328.31
2007-09-14,-67.477,77.384,b15b,2319.96
2007-09-15,-67.477,77.384,b15b,2312.13
2007-09-16,-67.463,77.317,b15b,2303.76
2007-09-17,-67.472,77.358,b15b,2295.38
2007-09-18,-67.476,77.361,b15b,2286.17
2007-09-19,-67.481,77.365,b15b,2278.38
2007-09-20,-67.46,77.382,b15b,2271.59
2007-09-21,-67.465,77.387,b15b,2265.08
2007-09-22,-67.469,77.391,b15b,2259.2
2007-09-23,-67.47,77.395,b15b,2255.71
2007-09-24,-67.469,77.397,b15b,2252.5
2007-09-25,-67.465,77.4,b15b,2249.24
2007-09-26,-67.46,77.403,b15b,2245.62
2007-09-27,-67.455,77.406,b15b,2242.38
2007-09-28,-67.45,77.408,b15b,2236.96
2007-09-29,-67.446,77.409,b15b,2231.62
2007-09-30,-67.445,77.41,b15b,2226.2
2007-10-01,-67.445,77.41,b15b,2221.4
2007-10-02,-67.445,77.41,b15b,2216.5
2007-10-03,-67.445,77.41,b15b,2211.76
2007-10-04,-67.445,77.41,b15b,2206.82
2007-10-05,-67.445,77.41,b15b,2201.88
2007-10-06,-67.445,77.41,b15b,2197.09
2007-10-07,-67.445,77.41,b15b,2192.38
2007-10-08,-67.44,77.489,b15b,2188.05
2007-10-09,-67.44,77.489,b15b,2183.34
2007-10-10,-67.44,77.489,b15b,2178.59
2007-10-11,-67.44,77.489,b15b,2173.84
2007-10-12,-67.44,77.489,b15b,2169.0
2007-10-13,-67.44,77.489,b15b,2164.26
2007-10-14,-67.44,77.489,b15b,2160.72
2007-10-15,-67.44,77.489,b15b,2156.62
2007-10-16,-67.44,77.489,b15b,2152.62
2007-10-17,-67.44,77.489,b15b,2148.58
2007-10-18,-67.44,77.489,b15b,2144.32
2007-10-19,-67.44,77.489,b15b,2140.11
2007-10-20,-67.44,77.489,b15b,2134.15
2007-10-21,-67.445,77.41,b15b,2131.6
2007-10-22,-67.445,77.41,b15b,2126.58
2007-10-23,-67.445,77.41,b15b,2122.0
2007-10-24,-67.445,77.41,b15b,2117.09
2007-10-25,-67.445,77.41,b15b,2111.31
2007-10-26,-67.445,77.41,b15b,2104.83
2007-10-27,-67.445,77.41,b15b,2097.3
2007-10-28,-67.445,77.41,b15b,2089.83
2007-10-29,-67.445,77.41,b15b,2082.32
2007-10-30,-67.445,77.41,b15b,2074.8
2007-10-31,-67.445,77.41,b15b,2067.12
2007-11-01,-67.445,77.41,b15b,2059.14
2007-11-02,-67.445,77.41,b15b,2051.21
2007-11-03,-67.445,77.41,b15b,2043.03
2007-11-04,-67.445,77.41,b15b,2034.01
2007-11-05,-67.445,77.41,b15b,2025.5
2007-11-06,-67.445,77.41,b15b,2017.67
2007-11-07,-67.445,77.41,b15b,2009.29
2007-11-08,-67.445,77.41,b15b,1999.23
2007-11-09,-67.445,77.41,b15b,1991.02
2007-11-10,-67.445,77.41,b15b,1978.74
2007-11-11,-67.445,77.41,b15b,1965.81
2007-11-12,-67.44,77.489,b15b,1954.19
2007-11-13,-67.44,77.489,b15b,1940.12
2007-11-14,-67.44,77.489,b15b,1927.22
2007-11-15,-67.44,77.489,b15b,1911.0
2007-11-16,-67.44,77.489,b15b,1897.26
2007-11-17,-67.44,77.489,b15b,1884.35
2007-11-18,-67.44,77.489,b15b,1871.21
2007-11-19,-67.44,77.489,b15b,1859.04
2007-11-20,-67.44,77.489,b15b,1844.04
2007-11-21,-67.44,77.489,b15b,1827.58
2007-11-22,-67.44,77.489,b15b,1810.73
2007-11-23,-67.44,77.489,b15b,1794.41
2007-11-24,-67.44,77.489,b15b,1776.95
2007-11-25,-67.445,77.41,b15b,1764.68
2007-11-26,-67.445,77.41,b15b,1749.17
2007-11-27,-67.445,77.41,b15b,1731.92
2007-11-28,-67.445,77.41,b15b,1714.57
2007-11-29,-67.445,77.41,b15b,1699.15
2007-11-30,-67.445,77.41,b15b,1682.58
2007-12-01,-67.445,77.41,b15b,1665.11
2007-12-02,-67.445,77.41,b15b,1648.54
2007-12-03,-67.445,77.41,b15b,1637.97
2007-12-04,-67.445,77.41,b15b,1628.36
2007-12-05,-67.445,77.41,b15b,1620.25
2007-12-06,-67.445,77.41,b15b,1618.52
2007-12-07,-67.445,77.41,b15b,1611.02
2007-12-08,-67.445,77.41,b15b,1606.01
2007-12-09,-67.445,77.41,b15b,1601.19
2007-12-10,-67.445,77.41,b15b,1596.42
2007-12-11,-67.445,77.41,b15b,1594.88
2007-12-12,-67.445,77.41,b15b,1592.41
2007-12-13,-67.445,77.41,b15b,1590.12
2007-12-14,-67.445,77.41,b15b,1594.37
2007-12-15,-67.445,77.41,b15b,1597.2
2007-12-16,-67.445,77.41,b15b,1604.98
2007-12-17,-67.445,77.41,b15b,1612.07
2007-12-18,-67.445,77.411,b15b,1621.8
2007-12-19,-67.445,77.413,b15b,1633.03
2007-12-20,-67.445,77.414,b15b,1648.81
2007-12-21,-67.445,77.416,b15b,1660.64
2007-12-22,-67.445,77.418,b15b,1675.99
2007-12-23,-67.445,77.42,b15b,1693.2
2007-12-24,-67.445,77.421,b15b,1709.95
2007-12-25,-67.445,77.422,b15b,1730.14
2007-12-26,-67.445,77.424,b15b,1752.34
2007-12-27,-67.445,77.425,b15b,1775.12
2007-12-28,-67.445,77.426,b15b,1795.48
2007-12-29,-67.445,77.427,b15b,1814.25
2007-12-30,-67.445,77.428,b15b,1834.36
2007-12-31,-67.445,77.429,b15b,1848.85
2008-01-01,-67.445,77.43,b15b,1867.36
2008-01-02,-67.445,77.43,b15b,1886.15
2008-01-03,-67.445,77.43,b15b,1905.53
2008-01-04,-67.445,77.43,b15b,1920.99
2008-01-05,-67.445,77.43,b15b,1935.31
2008-01-06,-67.445,77.43,b15b,1949.52
2008-01-07,-67.445,77.43,b15b,1966.04
2008-01-08,-67.445,77.43,b15b,1971.18
2008-01-09,-67.445,77.43,b15b,1983.24
2008-01-10,-67.445,77.43,b15b,1990.52
2008-01-11,-67.445,77.43,b15b,2001.91
2008-01-12,-67.445,77.43,b15b,2013.58
2008-01-13,-67.445,77.43,b15b,2021.41
2008-01-14,-67.445,77.43,b15b,2020.89
2008-01-15,-67.445,77.43,b15b,2024.94
2008-01-16,-67.445,77.43,b15b,2024.57
2008-01-17,-67.445,77.43,b15b,2022.32
2008-01-18,-67.445,77.43,b15b,2020.68
2008-01-19,-67.445,77.43,b15b,2016.4
2008-01-20,-67.445,77.43,b15b,2010.56
2008-01-21,-67.446,77.43,b15b,2004.26
2008-01-22,-67.448,77.432,b15b,1994.43
2008-01-23,-67.451,77.435,b15b,1986.16
2008-01-24,-67.454,77.439,b15b,1978.24
2008-01-25,-67.457,77.442,b15b,1968.95
2008-01-26,-67.459,77.444,b15b,1961.6
2008-01-27,-67.488,77.386,b15b,1955.88
2008-01-28,-67.471,77.454,b15b,1948.78
2008-01-29,-67.468,77.452,b15b,1947.6
2008-01-30,-67.465,77.45,b15b,1943.27
2008-01-31,-67.462,77.448,b15b,1940.2
2008-02-01,-67.459,77.446,b15b,1934.64
2008-02-02,-67.457,77.445,b15b,1934.19
2008-02-03,-67.456,77.444,b15b,1932.19
2008-02-04,-67.456,77.444,b15b,1934.01
2008-02-05,-67.456,77.444,b15b,1932.37
2008-02-06,-67.456,77.444,b15b,1927.38
2008-02-07,-67.456,77.444,b15b,1926.45
2008-02-08,-67.456,77.444,b15b,1924.57
2008-02-09,-67.456,77.444,b15b,1928.62
2008-02-10,-67.456,77.444,b15b,1934.8
2008-02-11,-67.457,77.446,b15b,1942.48
2008-02-12,-67.459,77.449,b15b,1948.26
2008-02-13,-67.462,77.454,b15b,1955.42
2008-02-14,-67.465,77.46,b15b,1964.35
2008-02-15,-67.468,77.465,b15b,1973.77
2008-02-16,-67.471,77.468,b15b,1985.47
2008-02-17,-67.471,77.469,b15b,1995.75
2008-02-18,-67.47,77.468,b15b,2007.17
2008-02-19,-67.466,77.465,b15b,2021.12
2008-02-20,-67.462,77.46,b15b,2034.72
2008-02-21,-67.456,77.454,b15b,2047.36
2008-02-22,-67.451,77.449,b15b,2061.74
2008-02-23,-67.448,77.446,b15b,2074.82
2008-02-24,-67.446,77.444,b15b,2089.95
2008-02-25,-67.448,77.446,b15b,2105.82
2008-02-26,-67.451,77.448,b15b,2122.4
2008-02-27,-67.456,77.452,b15b,2139.66
2008-02-28,-67.462,77.457,b15b,2155.99
2008-02-29,-67.466,77.46,b15b,2171.14
2008-03-01,-67.47,77.463,b15b,2187.19
2008-03-02,-67.471,77.464,b15b,2204.81
2008-03-03,-67.471,77.463,b15b,2221.91
2008-03-04,-67.47,77.46,b15b,2239.13
2008-03-05,-67.469,77.457,b15b,2254.41
2008-03-06,-67.468,77.452,b15b,2269.93
2008-03-07,-67.467,77.448,b15b,2283.09
2008-03-08,-67.467,77.446,b15b,2298.89
2008-03-09,-67.466,77.444,b15b,2311.37
2008-03-10,-67.466,77.444,b15b,2323.93
2008-03-11,-67.466,77.444,b15b,2333.77
2008-03-12,-67.466,77.444,b15b,2341.36
2008-03-13,-67.466,77.444,b15b,2348.04
2008-03-14,-67.466,77.444,b15b,2354.91
2008-03-15,-67.466,77.444,b15b,2359.94
2008-03-16,-67.466,77.444,b15b,2366.75
2008-03-17,-67.466,77.444,b15b,2370.34
2008-03-18,-67.466,77.444,b15b,2375.67
2008-03-19,-67.466,77.444,b15b,2380.47
2008-03-20,-67.466,77.444,b15b,2380.28
2008-03-21,-67.466,77.444,b15b,2379.28
2008-03-22,-67.466,77.444,b15b,2377.45
2008-03-23,-67.466,77.444,b15b,2374.85
2008-03-24,-67.466,77.444,b15b,2372.51
2008-03-25,-67.466,77.444,b15b,2370.03
2008-03-26,-67.466,77.444,b15b,2367.6
2008-03-27,-67.466,77.444,b15b,2364.44
2008-03-28,-67.466,77.444,b15b,2360.57
2008-03-29,-67.466,77.444,b15b,2355.25
2008-03-30,-67.466,77.444,b15b,2348.72
2008-03-31,-67.466,77.444,b15b,2341.78
2008-04-01,-67.466,77.444,b15b,2336.16
2008-04-02,-67.466,77.444,b15b,2328.41
2008-04-03,-67.466,77.444,b15b,2322.45
2008-04-04,-67.466,77.444,b15b,2314.44
2008-04-05,-67.466,77.444,b15b,2308.74
2008-04-06,-67.466,77.444,b15b,2304.16
2008-04-07,-67.466,77.444,b15b,2299.74
2008-04-08,-67.466,77.444,b15b,2294.59
2008-04-09,-67.466,77.444,b15b,2290.1
2008-04-10,-67.466,77.444,b15b,2282.77
2008-04-11,-67.466,77.444,b15b,2277.69
2008-04-12,-67.466,77.444,b15b,2270.29
2008-04-13,-67.466,77.444,b15b,2262.96
2008-04-14,-67.466,77.444,b15b,2260.19
2008-04-15,-67.466,77.444,b15b,2257.49
2008-04-16,-67.466,77.444,b15b,2255.07
2008-04-17,-67.466,77.444,b15b,2252.82
2008-04-18,-67.466,77.444,b15b,2250.68
2008-04-19,-67.466,77.444,b15b,2248.48
2008-04-20,-67.466,77.444,b15b,2245.18
2008-04-21,-67.466,77.444,b15b,2239.83
2008-04-22,-67.466,77.444,b15b,2236.76
2008-04-23,-67.466,77.444,b15b,2234.77
2008-04-24,-67.466,77.444,b15b,2232.94
2008-04-25,-67.466,77.444,b15b,2228.12
2008-04-26,-67.466,77.444,b15b,2228.38
2008-04-27,-67.466,77.444,b15b,2229.04
2008-04-28,-67.466,77.444,b15b,2229.67
2008-04-29,-67.466,77.444,b15b,2230.42
2008-04-30,-67.466,77.444,b15b,2231.15
2008-05-01,-67.466,77.444,b15b,2232.03
2008-05-02,-67.466,77.444,b15b,2232.83
2008-05-03,-67.466,77.444,b15b,2233.82
2008-05-04,-67.466,77.444,b15b,2235.5
2008-05-05,-67.466,77.444,b15b,2237.02
2008-05-06,-67.466,77.444,b15b,2237.55
2008-05-07,-67.466,77.444,b15b,2239.31
2008-05-08,-67.466,77.444,b15b,2240.49
2008-05-09,-67.466,77.444,b15b,2242.64
2008-05-10,-67.466,77.444,b15b,2243.73
2008-05-11,-67.466,77.444,b15b,2245.03
2008-05-12,-67.466,77.444,b15b,2246.61
2008-05-13,-67.466,77.444,b15b,2248.01
2008-05-14,-67.466,77.444,b15b,2245.92
2008-05-15,-67.466,77.444,b15b,2246.2
2008-05-16,-67.466,77.444,b15b,2246.31
2008-05-17,-67.466,77.444,b15b,2240.91
2008-05-18,-67.466,77.444,b15b,2237.7
2008-05-19,-67.466,77.444,b15b,2230.95
2008-05-20,-67.466,77.444,b15b,2231.66
2008-05-21,-67.466,77.444,b15b,2226.77
2008-05-22,-67.466,77.444,b15b,2221.86
2008-05-23,-67.466,77.444,b15b,2216.78
2008-05-24,-67.466,77.444,b15b,2207.09
2008-05-25,-67.466,77.444,b15b,2196.8
2008-05-26,-67.466,77.444,b15b,2188.75
2008-05-27,-67.466,77.444,b15b,2184.04
2008-05-28,-67.466,77.444,b15b,2174.32
2008-05-29,-67.466,77.444,b15b,2164.5
2008-05-30,-67.466,77.444,b15b,2154.82
2008-05-31,-67.466,77.444,b15b,2149.22
2008-06-01,-67.466,77.444,b15b,2143.07
2008-06-02,-67.466,77.444,b15b,2138.96
2008-06-03,-67.466,77.444,b15b,2131.79
2008-06-04,-67.466,77.444,b15b,2127.06
2008-06-05,-67.466,77.444,b15b,2122.22
2008-06-06,-67.466,77.444,b15b,2117.16
2008-06-07,-67.466,77.444,b15b,2112.18
2008-06-08,-67.466,77.444,b15b,2111.08
2008-06-09,-67.466,77.444,b15b,2108.1
2008-06-10,-67.466,77.444,b15b,2106.48
2008-06-11,-67.466,77.444,b15b,2109.05
2008-06-12,-67.466,77.444,b15b,2109.29
2008-06-13,-67.466,77.444,b15b,2112.19
2008-06-14,-67.466,77.444,b15b,2111.78
2008-06-15,-67.466,77.444,b15b,2110.12
2008-06-16,-67.466,77.444,b15b,2110.94
2008-06-17,-67.466,77.444,b15b,2110.83
2008-06-18,-67.466,77.444,b15b,2116.86
2008-06-19,-67.466,77.444,b15b,2121.87
2008-06-20,-67.466,77.444,b15b,2123.53
2008-06-21,-67.466,77.444,b15b,2122.32
2008-06-22,-67.466,77.444,b15b,2125.67
2008-06-23,-67.466,77.444,b15b,2128.96
2008-06-24,-67.466,77.444,b15b,2134.22
2008-06-25,-67.466,77.444,b15b,2136.33
2008-06-26,-67.466,77.444,b15b,2137.83
2008-06-27,-67.466,77.444,b15b,2137.55
2008-06-28,-67.466,77.444,b15b,2140.35
2008-06-29,-67.466,77.444,b15b,2142.61
2008-06-30,-67.466,77.444,b15b,2144.51
2008-07-01,-67.466,77.444,b15b,2146.12
2008-07-02,-67.466,77.444,b15b,2147.43
2008-07-03,-67.466,77.444,b15b,2148.13
2008-07-04,-67.466,77.444,b15b,2149.7
2008-07-05,-67.466,77.444,b15b,2150.85
2008-07-06,-67.466,77.444,b15b,2152.69
2008-07-07,-67.466,77.444,b15b,2154.42
2008-07-08,-67.466,77.444,b15b,2156.52
2008-07-09,-67.466,77.444,b15b,2158.22
2008-07-10,-67.466,77.444,b15b,2161.7
2008-07-11,-67.466,77.444,b15b,2162.7
2008-07-12,-67.466,77.444,b15b,2165.01
2008-07-13,-67.466,77.444,b15b,2165.7
2008-07-14,-67.466,77.444,b15b,2168.11
2008-07-15,-67.466,77.444,b15b,2171.26
2008-07-16,-67.466,77.444,b15b,2175.49
2008-07-17,-67.466,77.444,b15b,2179.79
2008-07-18,-67.466,77.444,b15b,2184.1
2008-07-19,-67.466,77.444,b15b,2186.22
2008-07-20,-67.466,77.444,b15b,2188.11
2008-07-21,-67.466,77.444,b15b,2189.99
2008-07-22,-67.466,77.444,b15b,2192.52
2008-07-23,-67.466,77.444,b15b,2193.64
2008-07-24,-67.466,77.444,b15b,2192.19
2008-07-25,-67.466,77.444,b15b,2190.67
2008-07-26,-67.466,77.444,b15b,2189.05
2008-07-27,-67.466,77.444,b15b,2188.12
2008-07-28,-67.466,77.444,b15b,2186.99
2008-07-29,-67.466,77.444,b15b,2185.36
2008-07-30,-67.466,77.444,b15b,2185.03
2008-07-31,-67.466,77.444,b15b,2183.49
2008-08-01,-67.466,77.444,b15b,2182.4
2008-08-02,-67.466,77.444,b15b,2181.84
2008-08-03,-67.466,77.444,b15b,2181.1
2008-08-04,-67.466,77.444,b15b,2181.31
2008-08-05,-67.466,77.444,b15b,2181.37
2008-08-06,-67.466,77.444,b15b,2181.4
2008-08-07,-67.466,77.444,b15b,2181.32
2008-08-08,-67.466,77.444,b15b,2181.24
2008-08-09,-67.466,77.444,b15b,2181.54
2008-08-10,-67.466,77.444,b15b,2180.55
2008-08-11,-67.466,77.444,b15b,2179.57
2008-08-12,-67.466,77.444,b15b,2177.77
2008-08-13,-67.466,77.444,b15b,2176.91
2008-08-14,-67.466,77.444,b15b,2176.21
2008-08-15,-67.466,77.444,b15b,2175.41
2008-08-16,-67.466,77.444,b15b,2173.36
2008-08-17,-67.466,77.444,b15b,2171.65
2008-08-18,-67.463,77.509,b15b,2171.57
2008-08-19,-67.463,77.509,b15b,2171.75
2008-08-20,-67.463,77.509,b15b,2172.3
2008-08-21,-67.463,77.509,b15b,2172.49
2008-08-22,-67.463,77.509,b15b,2173.25
2008-08-23,-67.463,77.509,b15b,2173.77
2008-08-24,-67.463,77.509,b15b,2173.63
2008-08-25,-67.463,77.509,b15b,2173.95
2008-08-26,-67.463,77.509,b15b,2174.02
2008-08-27,-67.463,77.509,b15b,2174.1
2008-08-28,-67.463,77.509,b15b,2174.45
2008-08-29,-67.463,77.509,b15b,2174.08
2008-08-30,-67.463,77.509,b15b,2173.32
2008-08-31,-67.471,77.464,b15b,2172.63
2008-09-01,-67.47,77.463,b15b,2172.88
2008-09-02,-67.466,77.459,b15b,2173.01
2008-09-03,-67.462,77.455,b15b,2173.14
2008-09-04,-67.456,77.449,b15b,2173.04
2008-09-05,-67.451,77.444,b15b,2173.18
2008-09-06,-67.448,77.441,b15b,2173.65
2008-09-07,-67.446,77.439,b15b,2173.52
2008-09-08,-67.446,77.439,b15b,2173.5
2008-09-09,-67.446,77.439,b15b,2173.59
2008-09-10,-67.446,77.439,b15b,2174.34
2008-09-11,-67.446,77.439,b15b,2174.93
2008-09-12,-67.446,77.439,b15b,2175.63
2008-09-13,-67.446,77.439,b15b,2176.28
2008-09-14,-67.446,77.439,b15b,2176.88
2008-09-15,-67.446,77.439,b15b,2177.52
2008-09-16,-67.446,77.439,b15b,2178.06
2008-09-17,-67.446,77.439,b15b,2178.58
2008-09-18,-67.446,77.439,b15b,2179.11
2008-09-19,-67.446,77.439,b15b,2179.53
2008-09-20,-67.446,77.439,b15b,2180.04
2008-09-21,-67.446,77.439,b15b,2180.63
2008-09-22,-67.448,77.44,b15b,2181.05
2008-09-23,-67.451,77.44,b15b,2181.33
2008-09-24,-67.456,77.441,b15b,2182.3
2008-09-25,-67.462,77.443,b15b,2183.22
2008-09-26,-67.466,77.443,b15b,2183.41
2008-09-27,-67.47,77.444,b15b,2183.29
2008-09-28,-67.471,77.444,b15b,2183.1
2008-09-29,-67.471,77.444,b15b,2182.76
2008-09-30,-67.471,77.444,b15b,2182.57
2008-10-01,-67.471,77.444,b15b,2182.46
2008-10-02,-67.471,77.444,b15b,2182.57
2008-10-03,-67.471,77.444,b15b,2182.49
2008-10-04,-67.471,77.444,b15b,2182.75
2008-10-05,-67.471,77.444,b15b,2183.45
2008-10-06,-67.463,77.509,b15b,2184.15
2008-10-07,-67.463,77.509,b15b,2184.87
2008-10-08,-67.463,77.509,b15b,2184.99
2008-10-09,-67.463,77.509,b15b,2186.06
2008-10-10,-67.463,77.509,b15b,2186.79
2008-10-11,-67.463,77.509,b15b,2186.98
2008-10-12,-67.463,77.509,b15b,2187.32
2008-10-13,-67.463,77.509,b15b,2187.92
2008-10-14,-67.463,77.509,b15b,2188.39
2008-10-15,-67.463,77.509,b15b,2188.63
2008-10-16,-67.463,77.509,b15b,2188.7
2008-10-17,-67.463,77.509,b15b,2189.03
2008-10-18,-67.463,77.509,b15b,2189.32
2008-10-19,-67.471,77.444,b15b,2188.07
2008-10-20,-67.463,77.509,b15b,2187.92
2008-10-21,-67.463,77.509,b15b,2186.85
2008-10-22,-67.463,77.509,b15b,2183.65
2008-10-23,-67.463,77.509,b15b,2180.67
2008-10-24,-67.463,77.509,b15b,2176.94
2008-10-25,-67.463,77.509,b15b,2172.85
2008-10-26,-67.463,77.509,b15b,2168.54
2008-10-27,-67.463,77.509,b15b,2162.77
2008-10-28,-67.463,77.509,b15b,2156.52
2008-10-29,-67.463,77.509,b15b,2149.74
2008-10-30,-67.463,77.509,b15b,2141.59
2008-10-31,-67.463,77.509,b15b,2132.71
2008-11-01,-67.463,77.509,b15b,2123.55
2008-11-02,-67.471,77.444,b15b,2114.76
2008-11-03,-67.471,77.444,b15b,2104.58
2008-11-04,-67.471,77.444,b15b,2094.38
2008-11-05,-67.471,77.444,b15b,2084.43
2008-11-06,-67.471,77.444,b15b,2074.03
2008-11-07,-67.471,77.444,b15b,2062.69
2008-11-08,-67.471,77.444,b15b,2051.66
2008-11-09,-67.471,77.444,b15b,2041.67
2008-11-10,-67.471,77.444,b15b,2031.07
2008-11-11,-67.471,77.444,b15b,2018.89
2008-11-12,-67.471,77.444,b15b,2007.76
2008-11-13,-67.471,77.444,b15b,1997.98
2008-11-14,-67.471,77.444,b15b,1981.99
2008-11-15,-67.471,77.444,b15b,1966.47
2008-11-16,-67.471,77.444,b15b,1953.22
2008-11-17,-67.463,77.509,b15b,1936.04
2008-11-18,-67.463,77.509,b15b,1919.64
2008-11-19,-67.463,77.509,b15b,1902.87
2008-11-20,-67.463,77.509,b15b,1886.6
2008-11-21,-67.463,77.509,b15b,1870.66
2008-11-22,-67.463,77.509,b15b,1854.22
2008-11-23,-67.463,77.509,b15b,1839.17
2008-11-24,-67.463,77.509,b15b,1825.02
2008-11-25,-67.463,77.509,b15b,1811.25
2008-11-26,-67.446,77.487,b15b,1798.14
2008-11-27,-67.41,77.439,b15b,1785.26
2008-11-28,-67.373,77.39,b15b,1772.7
2008-11-29,-67.357,77.368,b15b,1760.44
2008-11-30,-67.418,77.374,b15b,1748.45
2008-12-01,-67.506,77.44,b15b,1738.85
2008-12-02,-67.506,77.44,b15b,1729.85
2008-12-03,-67.418,77.388,b15b,1720.71
2008-12-04,-67.431,77.428,b15b,1710.82
2008-12-05,-67.455,77.448,b15b,1701.45
2008-12-06,-67.47,77.458,b15b,1694.94
2008-12-07,-67.47,77.458,b15b,1691.38
2008-12-08,-67.47,77.458,b15b,1682.6
2008-12-09,-67.47,77.458,b15b,1679.21
2008-12-10,-67.47,77.458,b15b,1679.15
2008-12-11,-67.47,77.458,b15b,1682.03
2008-12-12,-67.47,77.458,b15b,1689.12
2008-12-13,-67.47,77.458,b15b,1696.45
2008-12-14,-67.47,77.458,b15b,1700.44
2008-12-15,-67.461,77.535,b15b,1713.34
2008-12-16,-67.461,77.535,b15b,1725.51
2008-12-17,-67.461,77.535,b15b,1743.92
2008-12-18,-67.461,77.535,b15b,1762.33
2008-12-19,-67.461,77.535,b15b,1779.63
2008-12-20,-67.461,77.535,b15b,1794.1
2008-12-21,-67.461,77.535,b15b,1814.77
2008-12-22,-67.461,77.535,b15b,1835.02
2008-12-23,-67.461,77.535,b15b,1854.67
2008-12-24,-67.461,77.535,b15b,1872.1
2008-12-25,-67.461,77.535,b15b,1892.84
2008-12-26,-67.461,77.535,b15b,1894.9
2008-12-27,-67.461,77.535,b15b,1899.57
2008-12-28,-67.461,77.535,b15b,1912.99
2008-12-29,-67.461,77.535,b15b,1919.84
2008-12-30,-67.461,77.535,b15b,1928.98
2008-12-31,-67.429,77.714,b15b,1935.45
2009-01-01,-67.569,77.71,b15b,1939.43
2009-01-02,-67.569,77.71,b15b,1945.54
2009-01-03,-67.569,77.71,b15b,1951.18
2009-01-04,-67.569,77.71,b15b,1952.32
2009-01-05,-67.569,77.71,b15b,1951.93
2009-01-06,-67.569,77.71,b15b,1947.53
2009-01-07,-67.569,77.71,b15b,1942.76
2009-01-08,-67.569,77.71,b15b,1940.44
2009-01-09,-67.569,77.71,b15b,1929.47
2009-01-10,-67.569,77.71,b15b,1918.06
2009-01-11,-67.716,77.648,b15b,1907.23
2009-01-12,-67.716,77.648,b15b,1892.98
2009-01-13,-67.716,77.648,b15b,1877.91
2009-01-14,-67.716,77.648,b15b,1864.77
2009-01-15,-67.716,77.648,b15b,1845.86
2009-01-16,-67.716,77.648,b15b,1827.56
2009-01-17,-67.716,77.648,b15b,1810.93
2009-01-18,-67.716,77.648,b15b,1796.98
2009-01-19,-67.728,77.426,b15b,1779.35
2009-01-20,-67.741,77.416,b15b,1778.72
2009-01-21,-67.741,77.268,b15b,1779.08
2009-01-22,-67.805,77.165,b15b,1781.99
2009-01-23,-67.727,77.274,b15b,1795.29
2009-01-24,-67.741,77.352,b15b,1794.34
2009-01-25,-67.735,77.366,b15b,1799.37
2009-01-26,-67.731,77.241,b15b,1804.96
2009-01-27,-67.731,77.241,b15b,1809.77
2009-01-28,-67.714,77.293,b15b,1819.62
2009-01-29,-67.687,77.299,b15b,1828.07
2009-01-30,-67.653,77.319,b15b,1836.24
2009-01-31,-67.63,77.353,b15b,1848.09
2009-02-01,-67.63,77.353,b15b,1861.78
2009-02-02,-67.749,77.347,b15b,1876.99
2009-02-03,-67.712,77.359,b15b,1892.77
2009-02-04,-67.752,77.377,b15b,1912.46
2009-02-05,-67.816,77.457,b15b,1926.21
2009-02-06,-67.853,77.521,b15b,1942.01
2009-02-07,-67.813,77.355,b15b,1958.68
2009-02-08,-67.789,77.303,b15b,1979.33
2009-02-09,-67.801,77.348,b15b,2001.08
2009-02-10,-67.801,77.348,b15b,2023.09
2009-02-11,-67.86,77.261,b15b,2037.33
2009-02-12,-67.852,77.233,b15b,2055.39
2009-02-13,-67.925,77.306,b15b,2074.24
2009-02-14,-67.903,77.278,b15b,2092.78
2009-02-15,-67.854,77.286,b15b,2111.4
2009-02-16,-67.885,77.277,b15b,2118.86
2009-02-17,-67.872,77.306,b15b,2123.42
2009-02-18,-67.872,77.306,b15b,2140.68
2009-02-19,-67.872,77.306,b15b,2154.25
2009-02-20,-67.872,77.306,b15b,2165.55
2009-02-21,-67.872,77.306,b15b,2179.81
2009-02-22,-67.872,77.306,b15b,2193.29
2009-02-23,-67.872,77.306,b15b,2208.89
2009-02-24,-67.872,77.306,b15b,2223.93
2009-02-25,-67.872,77.306,b15b,2236.04
2009-02-26,-67.872,77.306,b15b,2248.13
2009-02-27,-67.885,77.288,b15b,2260.24
2009-02-28,-67.923,77.308,b15b,2271.07
2009-03-01,-67.923,77.308,b15b,2278.98
2009-03-02,-67.923,77.308,b15b,2288.56
2009-03-03,-68.007,77.129,b15b,2291.15
2009-03-04,-68.077,77.02,b15b,2296.06
2009-03-05,-68.077,77.02,b15b,2298.06
2009-03-06,-68.077,77.02,b15b,2297.08
2009-03-07,-68.077,77.02,b15b,2297.65
2009-03-08,-68.077,77.02,b15b,2304.07
2009-03-09,-68.084,76.918,b15b,2304.78
2009-03-10,-68.107,76.86,b15b,2302.18
2009-03-11,-68.121,76.796,b15b,2299.18
2009-03-12,-68.129,76.737,b15b,2289.74
2009-03-13,-68.137,76.763,b15b,2279.93
2009-03-14,-68.229,76.89,b15b,2266.7
2009-03-15,-68.205,76.94,b15b,2249.69
2009-03-16,-68.165,76.976,b15b,2230.02
2009-03-17,-68.174,76.927,b15b,2209.94
2009-03-18,-68.183,76.888,b15b,2189.8
2009-03-19,-68.178,76.935,b15b,2167.08
2009-03-20,-68.276,77.026,b15b,2145.06
2009-03-21,-68.288,77.009,b15b,2122.37
2009-03-22,-68.311,77.017,b15b,2101.61
2009-03-23,-68.33,77.092,b15b,2079.21
2009-03-24,-68.327,77.16,b15b,2057.36
2009-03-25,-68.382,77.116,b15b,2036.06
2009-03-26,-68.534,76.977,b15b,2015.65
2009-03-27,-68.576,77.027,b15b,1994.34
2009-03-28,-68.618,76.847,b15b,1979.96
2009-03-29,-68.618,76.847,b15b,1964.16
2009-03-30,-68.689,76.611,b15b,1948.44
2009-03-31,-68.685,76.411,b15b,1933.57
2009-04-01,-68.685,76.411,b15b,1916.61
2009-04-02,-68.685,76.411,b15b,1900.26
2009-04-03,-68.697,76.301,b15b,1885.68
2009-04-04,-68.684,76.086,b15b,1873.95
2009-04-05,-68.684,76.086,b15b,1862.73
2009-04-06,-68.698,75.94,b15b,1854.34
2009-04-07,-68.698,75.94,b15b,1846.18
2009-04-08,-68.698,75.94,b15b,1840.38
2009-04-09,-68.698,75.94,b15b,1837.71
2009-04-10,-68.698,75.94,b15b,1836.64
2009-04-11,-68.698,75.94,b15b,1835.65
2009-04-12,-68.698,75.94,b15b,1835.38
2009-04-13,-68.698,75.94,b15b,1833.71
2009-04-14,-68.698,75.94,b15b,1832.1
2009-04-15,-68.698,75.94,b15b,1830.74
2009-04-16,-68.698,75.94,b15b,1830.12
2009-04-17,-68.711,75.774,b15b,1828.92
2009-04-18,-68.711,75.774,b15b,1827.19
2009-04-19,-68.711,75.628,b15b,1824.25
2009-04-20,-68.711,75.628,b15b,1821.3
2009-04-21,-68.715,75.455,b15b,1817.67
2009-04-22,-68.715,75.455,b15b,1814.12
2009-04-23,-68.742,75.445,b15b,1810.11
2009-04-24,-68.742,75.445,b15b,1806.66
2009-04-25,-68.768,75.426,b15b,1802.42
2009-04-26,-68.768,75.426,b15b,1798.49
2009-04-27,-68.762,75.162,b15b,1795.37
2009-04-28,-68.781,74.989,b15b,1790.78
2009-04-29,-68.795,74.852,b15b,1786.4
2009-04-30,-68.784,74.545,b15b,1781.8
2009-05-01,-68.784,74.545,b15b,1777.08
2009-05-02,-68.747,74.276,b15b,1772.54
2009-05-03,-68.747,74.276,b15b,1768.11
2009-05-04,-68.7,74.164,b15b,1763.42
2009-05-05,-68.601,73.982,b15b,1758.54
2009-05-06,-68.601,73.982,b15b,1754.86
2009-05-07,-68.521,73.796,b15b,1751.45
2009-05-08,-68.434,73.629,b15b,1748.27
2009-05-09,-68.438,73.534,b15b,1744.94
2009-05-10,-68.368,73.389,b15b,1741.76
2009-05-11,-68.312,73.311,b15b,1738.85
2009-05-12,-68.297,73.344,b15b,1736.54
2009-05-13,-68.276,73.206,b15b,1734.07
2009-05-14,-68.245,73.13,b15b,1732.56
2009-05-15,-68.23,72.986,b15b,1731.3
2009-05-16,-68.209,72.869,b15b,1730.27
2009-05-17,-68.205,72.771,b15b,1729.26
2009-05-18,-68.171,72.732,b15b,1729.0
2009-05-19,-68.187,72.729,b15b,1728.31
2009-05-20,-68.174,72.674,b15b,1728.53
2009-05-21,-68.149,72.595,b15b,1728.65
2009-05-22,-68.169,72.489,b15b,1728.2
2009-05-23,-68.166,72.435,b15b,1728.61
2009-05-24,-68.174,72.373,b15b,1728.83
2009-05-25,-68.168,72.277,b15b,1729.23
2009-05-26,-68.193,72.166,b15b,1730.03
2009-05-27,-68.202,72.024,b15b,1731.36
2009-05-28,-68.202,72.024,b15b,1732.27
2009-05-29,-68.202,72.024,b15b,1733.7
2009-05-30,-68.283,71.773,b15b,1735.43
2009-05-31,-68.284,71.67,b15b,1736.78
2009-06-01,-68.28,71.584,b15b,1738.1
2009-06-02,-68.274,71.476,b15b,1739.05
2009-06-03,-68.295,71.299,b15b,1739.78
2009-06-04,-68.295,71.299,b15b,1741.87
2009-06-05,-68.299,71.115,b15b,1744.26
2009-06-06,-68.299,71.115,b15b,1746.88
2009-06-07,-68.299,71.115,b15b,1751.19
2009-06-08,-68.299,71.115,b15b,1755.56
2009-06-09,-68.296,71.048,b15b,1760.15
2009-06-10,-68.296,71.048,b15b,1765.39
2009-06-11,-68.296,71.048,b15b,1770.79
2009-06-12,-68.272,71.036,b15b,1775.85
2009-06-13,-68.239,71.0,b15b,1780.34
2009-06-14,-68.192,70.975,b15b,1785.24
2009-06-15,-68.192,70.975,b15b,1790.78
2009-06-16,-68.179,71.02,b15b,1795.92
2009-06-17,-68.194,70.95,b15b,1802.03
2009-06-18,-68.194,70.95,b15b,1807.27
2009-06-19,-68.189,70.921,b15b,1813.21
2009-06-20,-68.158,70.916,b15b,1818.65
2009-06-21,-68.153,70.921,b15b,1822.26
2009-06-22,-68.129,70.899,b15b,1826.5
2009-06-23,-68.129,70.899,b15b,1830.82
2009-06-24,-68.097,70.872,b15b,1834.29
2009-06-25,-68.061,70.937,b15b,1837.52
2009-06-26,-68.03,70.9,b15b,1841.54
2009-06-27,-67.978,70.958,b15b,1845.43
2009-06-28,-67.978,70.958,b15b,1849.15
2009-06-29,-67.932,70.912,b15b,1851.35
2009-06-30,-67.932,70.912,b15b,1852.89
2009-07-01,-67.932,70.912,b15b,1853.95
2009-07-02,-67.953,70.926,b15b,1852.81
2009-07-03,-67.953,70.926,b15b,1850.3
2009-07-04,-67.953,70.926,b15b,1847.8
2009-07-05,-67.953,70.926,b15b,1844.31
2009-07-06,-67.904,70.971,b15b,1839.9
2009-07-07,-67.884,71.011,b15b,1835.09
2009-07-08,-67.884,71.011,b15b,1831.23
2009-07-09,-67.856,71.07,b15b,1826.34
2009-07-10,-67.791,71.129,b15b,1820.45
2009-07-11,-67.778,71.162,b15b,1815.01
2009-07-12,-67.746,71.137,b15b,1809.1
2009-07-13,-67.689,71.264,b15b,1803.66
2009-07-14,-67.73,71.239,b15b,1797.07
2009-07-15,-67.672,71.225,b15b,1790.31
2009-07-16,-67.608,71.271,b15b,1784.68
2009-07-17,-67.608,71.271,b15b,1778.15
2009-07-18,-67.515,71.267,b15b,1771.62
2009-07-19,-67.466,71.245,b15b,1765.54
2009-07-20,-67.418,71.189,b15b,1759.35
2009-07-21,-67.405,71.243,b15b,1752.3
2009-07-22,-67.405,71.243,b15b,1744.8
2009-07-23,-67.373,71.218,b15b,1737.3
2009-07-24,-67.334,71.241,b15b,1729.9
2009-07-25,-67.334,71.241,b15b,1722.76
2009-07-26,-67.29,71.28,b15b,1716.11
2009-07-27,-67.23,71.141,b15b,1710.03
2009-07-28,-67.136,71.2,b15b,1705.11
2009-07-29,-67.085,71.095,b15b,1700.84
2009-07-30,-66.956,70.732,b15b,1697.15
2009-07-31,-66.806,70.471,b15b,1694.24
2009-08-01,-66.808,70.37,b15b,1692.25
2009-08-02,-66.819,70.191,b15b,1689.92
2009-08-03,-66.864,69.884,b15b,1688.22
2009-08-04,-66.87,69.717,b15b,1687.64
2009-08-05,-66.874,69.658,b15b,1686.84
2009-08-06,-66.871,69.544,b15b,1687.32
2009-08-07,-66.913,69.311,b15b,1688.18
2009-08-08,-66.906,69.103,b15b,1689.26
2009-08-09,-66.924,69.083,b15b,1691.38
2009-08-10,-66.924,69.083,b15b,1693.51
2009-08-11,-66.947,68.847,b15b,1696.36
2009-08-12,-66.951,68.605,b15b,1699.0
2009-08-13,-66.94,68.507,b15b,1701.86
2009-08-14,-66.919,68.42,b15b,1704.27
2009-08-15,-66.882,68.135,b15b,1706.64
2009-08-16,-66.888,68.125,b15b,1709.11
2009-08-17,-66.862,67.959,b15b,1712.68
2009-08-18,-66.849,67.734,b15b,1714.85
2009-08-19,-66.849,67.734,b15b,1717.16
2009-08-20,-66.829,67.624,b15b,1719.14
2009-08-21,-66.829,67.624,b15b,1721.36
2009-08-22,-66.836,67.476,b15b,1723.26
2009-08-23,-66.84,67.427,b15b,1724.1
2009-08-24,-66.847,67.28,b15b,1724.62
2009-08-25,-66.843,67.229,b15b,1724.22
2009-08-26,-66.877,67.159,b15b,1723.06
2009-08-27,-66.907,67.17,b15b,1721.11
2009-08-28,-66.908,66.91,b15b,1719.01
2009-08-29,-66.883,66.654,b15b,1716.04
2009-08-30,-66.829,66.385,b15b,1713.52
2009-08-31,-66.829,66.385,b15b,1709.08
2009-09-01,-66.81,66.142,b15b,1704.69
2009-09-02,-66.799,66.044,b15b,1700.17
2009-09-03,-66.777,65.829,b15b,1696.24
2009-09-04,-66.776,65.644,b15b,1692.19
2009-09-05,-66.775,65.476,b15b,1688.87
2009-09-06,-66.774,65.341,b15b,1685.43
2009-09-07,-66.765,65.248,b15b,1681.77
2009-09-08,-66.762,65.142,b15b,1678.04
2009-09-09,-66.762,65.142,b15b,1675.01
2009-09-10,-66.762,65.142,b15b,1672.23
2009-09-11,-66.76,65.273,b15b,1669.01
2009-09-12,-66.76,65.22,b15b,1666.25
2009-09-13,-66.765,65.16,b15b,1663.19
2009-09-14,-66.761,65.065,b15b,1659.72
2009-09-15,-66.717,64.963,b15b,1655.98
2009-09-16,-66.717,64.963,b15b,1652.54
2009-09-17,-66.697,64.801,b15b,1648.61
2009-09-18,-66.638,64.445,b15b,1644.81
2009-09-19,-66.605,64.066,b15b,1641.49
2009-09-20,-66.638,63.845,b15b,1638.65
2009-09-21,-66.603,63.503,b15b,1636.59
2009-09-22,-66.614,63.21,b15b,1634.73
2009-09-23,-66.579,63.064,b15b,1632.88
2009-09-24,-66.589,63.193,b15b,1630.87
2009-09-25,-66.565,63.181,b15b,1629.5
2009-09-26,-66.551,63.221,b15b,1628.37
2009-09-27,-66.551,63.221,b15b,1627.53
2009-09-28,-66.513,63.181,b15b,1625.95
2009-09-29,-66.473,63.252,b15b,1624.67
2009-09-30,-66.454,63.288,b15b,1622.53
2009-10-01,-66.454,63.288,b15b,1620.51
2009-10-02,-66.465,63.295,b15b,1618.88
2009-10-03,-66.455,63.177,b15b,1618.24
2009-10-04,-66.444,63.081,b15b,1617.37
2009-10-05,-66.433,62.919,b15b,1616.83
2009-10-06,-66.364,62.863,b15b,1616.67
2009-10-07,-66.346,62.633,b15b,1617.63
2009-10-08,-66.315,62.648,b15b,1619.56
2009-10-09,-66.313,62.552,b15b,1622.82
2009-10-10,-66.319,62.324,b15b,1626.92
2009-10-11,-66.307,62.096,b15b,1631.93
2009-10-12,-66.319,61.903,b15b,1637.61
2009-10-13,-66.375,61.506,b15b,1643.37
2009-10-14,-66.388,61.174,b15b,1649.78
2009-10-15,-66.353,61.086,b15b,1655.94
2009-10-16,-66.4,60.931,b15b,1662.43
2009-10-17,-66.364,60.868,b15b,1668.14
2009-10-18,-66.349,60.755,b15b,1674.81
2009-10-19,-66.349,60.73,b15b,1681.48
2009-10-20,-66.349,60.73,b15b,1688.12
2009-10-21,-66.349,60.73,b15b,1694.12
2009-10-22,-66.349,60.73,b15b,1700.44
2009-10-23,-66.319,60.595,b15b,1706.48
2009-10-24,-66.334,60.661,b15b,1712.13
2009-10-25,-66.339,60.542,b15b,1717.84
2009-10-26,-66.397,60.371,b15b,1723.3
2009-10-27,-66.399,60.277,b15b,1728.69
2009-10-28,-66.406,60.21,b15b,1734.0
2009-10-29,-66.409,60.126,b15b,1738.66
2009-10-30,-66.424,59.947,b15b,1743.73
2009-10-31,-66.424,59.788,b15b,1748.39
2009-11-01,-66.424,59.788,b15b,1752.5
2009-11-02,-66.407,59.732,b15b,1755.67
2009-11-03,-66.384,59.809,b15b,1758.44
2009-11-04,-66.375,59.789,b15b,1760.27
2009-11-05,-66.349,59.714,b15b,1761.1
2009-11-06,-66.349,59.669,b15b,1761.85
2009-11-07,-66.33,59.527,b15b,1762.41
2009-11-08,-66.33,59.527,b15b,1762.86
2009-11-09,-66.33,59.527,b15b,1763.63
2009-11-10,-66.324,59.364,b15b,1764.0
2009-11-11,-66.303,59.224,b15b,1765.17
2009-11-12,-66.291,59.071,b15b,1765.44
2009-11-13,-66.225,58.84,b15b,1765.63
2009-11-14,-66.225,58.84,b15b,1765.71
2009-11-15,-66.241,58.768,b15b,1766.13
2009-11-16,-66.215,58.636,b15b,1766.12
2009-11-17,-66.201,58.554,b15b,1765.9
2009-11-18,-66.165,58.54,b15b,1765.88
2009-11-19,-66.125,58.408,b15b,1765.8
2009-11-20,-66.089,58.291,b15b,1765.9
2009-11-21,-66.081,58.156,b15b,1765.96
2009-11-22,-66.06,58.016,b15b,1765.77
2009-11-23,-66.06,58.016,b15b,1765.9
2010-01-24,-66.7,47.85,b15b,1755.53
2010-01-25,-66.709,47.853,b15b,1745.15
2010-01-26,-66.734,47.86,b15b,1725.14
2010-01-27,-66.768,47.87,b15b,1705.19
2010-01-28,-66.807,47.88,b15b,1674.91
2010-01-29,-66.845,47.89,b15b,1644.8
2010-01-30,-66.878,47.897,b15b,1604.68
2010-01-31,-66.9,47.9,b15b,1564.63
2010-02-01,-66.914,47.895,b15b,1514.55
2010-02-02,-66.925,47.882,b15b,1464.5
2010-02-03,-66.935,47.863,b15b,1404.32
2010-02-04,-66.944,47.841,b15b,1344.19
2010-02-05,-66.953,47.818,b15b,1273.96
2010-02-06,-66.961,47.797,b15b,1203.65
2010-02-07,-66.97,47.78,b15b,1133.38
2010-02-08,-66.98,47.766,b15b,1063.15
2010-02-09,-66.99,47.75,b15b,992.95
2010-02-10,-67.0,47.735,b15b,922.76
2010-02-11,-67.009,47.721,b15b,852.61
2010-02-12,-67.018,47.71,b15b,782.47
2010-02-13,-67.025,47.703,b15b,712.36
2010-02-14,-67.03,47.7,b15b,642.24
2010-02-15,-67.034,47.704,b15b,572.11
2010-02-16,-67.037,47.714,b15b,501.95
2010-02-17,-67.04,47.728,b15b,431.71
2010-02-18,-67.042,47.742,b15b,371.56
2010-02-19,-67.044,47.756,b15b,311.34
2010-02-20,-67.047,47.766,b15b,261.2
2010-02-21,-67.05,47.77,b15b,210.99
2010-02-22,-67.054,47.768,b15b,170.86
2010-02-23,-67.058,47.762,b15b,130.66
2010-02-24,-67.063,47.754,b15b,100.55
2010-02-25,-67.067,47.746,b15b,70.38
2010-02-26,-67.072,47.738,b15b,50.3
2010-02-27,-67.076,47.732,b15b,30.16
2010-02-28,-67.08,47.73,b15b,20.1
2010-03-01,-67.083,47.73,b15b,0.0
2010-03-02,-67.086,47.73,b15b,0.0
2010-03-03,-67.089,47.73,b15b,0.0
2010-03-04,-67.091,47.73,b15b,0.0
2010-03-05,-67.094,47.73,b15b,0.0
2010-03-06,-67.097,47.73,b15b,0.0
2010-03-07,-67.1,47.73,b15b,0.0
2010-03-08,-67.104,47.738,b15b,0.0
2010-03-09,-67.109,47.76,b15b,0.0
2010-03-10,-67.115,47.789,b15b,0.0
2010-03-11,-67.121,47.821,b15b,0.0
2010-03-12,-67.126,47.85,b15b,0.0
2010-03-13,-67.129,47.872,b15b,0.0
2010-03-14,-67.13,47.88,b15b,0.0
2010-03-15,-67.115,47.871,b15b,0.0
2010-03-16,-67.075,47.846,b15b,0.0
2010-03-17,-67.02,47.806,b15b,0.0
2010-03-18,-66.96,47.752,b15b,0.0
2010-03-19,-66.906,47.686,b15b,0.0
2010-03-20,-66.866,47.608,b15b,0.0
2010-03-21,-66.85,47.52,b15b,0.0
2010-03-22,-66.895,47.274,b15b,0.0
2010-03-23,-67.013,46.79,b15b,0.0
2010-03-24,-67.173,46.166,b15b,0.0
2010-03-25,-67.347,45.505,b15b,0.0
2010-03-26,-67.507,44.906,b15b,0.0
2010-03-27,-67.625,44.471,b15b,0.0
2010-03-28,-67.67,44.3,b15b,0.0
2010-03-29,-67.641,44.295,b15b,0.0
2010-03-30,-67.567,44.291,b15b,0.0
2010-03-31,-67.465,44.288,b15b,0.0
2010-04-01,-67.355,44.286,b15b,0.0
2010-04-02,-67.253,44.284,b15b,0.0
2010-04-03,-67.179,44.282,b15b,0.0
2010-04-04,-67.15,44.28,b15b,0.0
2010-04-05,-67.156,44.278,b15b,0.0
2010-04-06,-67.17,44.277,b15b,0.0
2010-04-07,-67.189,44.276,b15b,0.0
2010-04-08,-67.211,44.275,b15b,0.0
2010-04-09,-67.23,44.274,b15b,0.0
2010-04-10,-67.245,44.272,b15b,0.0
2010-04-11,-67.25,44.27,b15b,0.0
2010-04-12,-67.248,44.266,b15b,0.0
2010-04-13,-67.244,44.26,b15b,0.0
2010-04-14,-67.238,44.252,b15b,0.0
2010-04-15,-67.232,44.244,b15b,0.0
2010-04-16,-67.226,44.237,b15b,0.0
2010-04-17,-67.222,44.232,b15b,0.0
2010-04-18,-67.22,44.23,b15b,0.0
2010-04-19,-67.221,44.232,b15b,0.0
2010-04-20,-67.222,44.238,b15b,0.0
2010-04-21,-67.224,44.246,b15b,0.0
2010-04-22,-67.226,44.254,b15b,0.0
2010-04-23,-67.228,44.262,b15b,0.0
2010-04-24,-67.229,44.268,b15b,0.0
2010-04-25,-67.23,44.27,b15b,0.0
2010-04-26,-67.229,44.27,b15b,0.0
2010-04-27,-67.228,44.268,b15b,0.0
2010-04-28,-67.226,44.266,b15b,0.0
2010-04-29,-67.224,44.263,b15b,0.0
2010-04-30,-67.222,44.26,b15b,0.0
2010-05-01,-67.221,44.255,b15b,0.0
2010-05-02,-67.22,44.25,b15b,0.0
2010-05-03,-67.221,44.236,b15b,0.0
2010-05-04,-67.225,44.204,b15b,0.0
2010-05-05,-67.232,44.157,b15b,0.0
2010-05-06,-67.241,44.094,b15b,0.0
2010-05-07,-67.252,44.016,b15b,0.0
2010-05-08,-67.265,43.924,b15b,0.0
2010-05-09,-67.28,43.82,b15b,0.0
2010-05-10,-67.336,43.551,b15b,0.0
2010-05-11,-67.455,43.029,b15b,0.0
2010-05-12,-67.615,42.349,b15b,0.0
2010-05-13,-67.79,41.605,b15b,0.0
2010-05-14,-67.957,40.895,b15b,0.0
2010-05-15,-68.091,40.311,b15b,0.0
2010-05-16,-68.17,39.95,b15b,0.0
2010-05-17,-68.211,39.759,b15b,0.0
2010-05-18,-68.247,39.613,b15b,0.0
2010-05-19,-68.279,39.494,b15b,0.0
2010-05-20,-68.306,39.39,b15b,0.0
2010-05-21,-68.327,39.282,b15b,0.0
2010-05-22,-68.342,39.158,b15b,0.0
2010-05-23,-68.35,39.0,b15b,0.0
2010-05-24,-68.355,38.804,b15b,0.0
2010-05-25,-68.359,38.579,b15b,0.0
2010-05-26,-68.363,38.327,b15b,0.0
2010-05-27,-68.366,38.055,b15b,0.0
2010-05-28,-68.368,37.765,b15b,0.0
2010-05-29,-68.37,37.462,b15b,0.0
2010-05-30,-68.37,37.15,b15b,0.0
2010-05-31,-68.365,36.801,b15b,0.0
2010-06-01,-68.352,36.398,b15b,0.0
2010-06-02,-68.332,35.965,b15b,0.0
2010-06-03,-68.307,35.528,b15b,0.0
2010-06-04,-68.279,35.11,b15b,0.0
2010-06-05,-68.249,34.736,b15b,0.0
2010-06-06,-68.22,34.43,b15b,0.0
2010-06-07,-68.182,34.173,b15b,0.0
2010-06-08,-68.131,33.933,b15b,0.0
2010-06-09,-68.074,33.71,b15b,0.0
2010-06-10,-68.017,33.506,b15b,0.0
2010-06-11,-67.968,33.324,b15b,0.0
2010-06-12,-67.933,33.164,b15b,0.0
2010-06-13,-67.92,33.03,b15b,0.0
2010-06-14,-67.925,32.918,b15b,0.0
2010-06-15,-67.94,32.822,b15b,0.0
2010-06-16,-67.961,32.737,b15b,0.0
2010-06-17,-67.988,32.658,b15b,0.0
2010-06-18,-68.018,32.582,b15b,0.0
2010-06-19,-68.05,32.505,b15b,0.0
2010-06-20,-68.08,32.42,b15b,0.0
2010-06-21,-68.113,32.333,b15b,0.0
2010-06-22,-68.15,32.248,b15b,0.0
2010-06-23,-68.192,32.163,b15b,0.0
2010-06-24,-68.236,32.076,b15b,0.0
2010-06-25,-68.281,31.985,b15b,0.0
2010-06-26,-68.326,31.887,b15b,0.0
2010-06-27,-68.37,31.78,b15b,0.0
2010-06-28,-68.412,31.664,b15b,0.0
2010-06-29,-68.453,31.541,b15b,0.0
2010-06-30,-68.495,31.408,b15b,0.0
2010-07-01,-68.537,31.266,b15b,0.0
2010-07-02,-68.582,31.113,b15b,0.0
2010-07-03,-68.629,30.948,b15b,0.0
2010-07-04,-68.68,30.77,b15b,0.0
2010-07-05,-68.737,30.567,b15b,0.0
2010-07-06,-68.8,30.332,b15b,0.0
2010-07-07,-68.868,30.073,b15b,0.0
2010-07-08,-68.939,29.8,b15b,0.0
2010-07-09,-69.01,29.521,b15b,0.0
2010-07-10,-69.081,29.245,b15b,0.0
2010-07-11,-69.15,28.98,b15b,0.0
2010-07-12,-69.22,28.712,b15b,0.0
2010-07-13,-69.292,28.429,b15b,0.0
2010-07-14,-69.366,28.143,b15b,0.0
2010-07-15,-69.438,27.863,b15b,0.0
2010-07-16,-69.505,27.602,b15b,0.0
2010-07-17,-69.567,27.371,b15b,0.0
2010-07-18,-69.62,27.18,b15b,0.0
2010-07-19,-69.666,27.032,b15b,0.0
2010-07-20,-69.708,26.912,b15b,0.0
2010-07-21,-69.748,26.809,b15b,0.0
2010-07-22,-69.784,26.71,b15b,0.0
2010-07-23,-69.818,26.604,b15b,0.0
2010-07-24,-69.85,26.478,b15b,0.0
2010-07-25,-69.88,26.32,b15b,0.0
2010-07-26,-69.911,26.1,b15b,0.0
2010-07-27,-69.944,25.809,b15b,0.0
2010-07-28,-69.976,25.471,b15b,0.0
2010-07-29,-70.005,25.106,b15b,0.0
2010-07-30,-70.028,24.738,b15b,0.0
2010-07-31,-70.044,24.389,b15b,0.0
2010-08-01,-70.05,24.08,b15b,0.0
2010-08-02,-70.046,23.819,b15b,0.0
2010-08-03,-70.037,23.586,b15b,0.0
2010-08-04,-70.023,23.366,b15b,0.0
2010-08-05,-70.005,23.146,b15b,0.0
2010-08-06,-69.986,22.91,b15b,0.0
2010-08-07,-69.967,22.643,b15b,0.0
2010-08-08,-69.95,22.33,b15b,0.0
2010-08-09,-69.934,21.91,b15b,0.0
2010-08-10,-69.918,21.366,b15b,0.0
2010-08-11,-69.902,20.75,b15b,0.0
2010-08-14,-69.844,18.986,b15b,0.0
2010-08-15,-69.82,18.6,b15b,0.0
2010-08-16,-69.788,18.308,b15b,0.0
2010-08-19,-69.647,17.572,b15b,0.0
2010-08-20,-69.598,17.387,b15b,0.0
2010-08-21,-69.554,17.238,b15b,0.0
2010-08-22,-69.52,17.13,b15b,0.0
2010-08-23,-69.493,17.055,b15b,0.0
2010-08-24,-69.469,16.997,b15b,0.0
2010-08-25,-69.447,16.95,b15b,0.0
2010-08-26,-69.427,16.909,b15b,0.0
2010-08-27,-69.408,16.866,b15b,0.0
2010-08-28,-69.389,16.815,b15b,0.0
2010-08-29,-69.37,16.75,b15b,0.0
2010-08-30,-69.351,16.663,b15b,0.0
2010-08-31,-69.332,16.554,b15b,0.0
2010-09-01,-69.313,16.431,b15b,0.0
2010-09-02,-69.296,16.301,b15b,0.0
2010-09-03,-69.279,16.169,b15b,0.0
2010-09-04,-69.264,16.043,b15b,0.0
2010-09-05,-69.25,15.93,b15b,0.0
2010-09-06,-69.238,15.823,b15b,0.0
2010-09-07,-69.227,15.713,b15b,0.0
2010-09-08,-69.216,15.605,b15b,0.0
2010-09-09,-69.206,15.502,b15b,0.0
2010-09-10,-69.197,15.41,b15b,0.0
2010-09-11,-69.189,15.331,b15b,0.0
2010-09-12,-69.18,15.27,b15b,0.0
2010-09-13,-69.171,15.226,b15b,0.0
2010-09-14,-69.162,15.191,b15b,0.0
2010-09-15,-69.152,15.162,b15b,0.0
2010-09-16,-69.144,15.135,b15b,0.0
2010-09-17,-69.137,15.107,b15b,0.0
2010-09-18,-69.132,15.073,b15b,0.0
2010-09-19,-69.13,15.03,b15b,0.0
2010-09-20,-69.138,14.968,b15b,0.0
2010-09-21,-69.158,14.884,b15b,0.0
2010-09-22,-69.185,14.788,b15b,0.0
2010-09-23,-69.215,14.687,b15b,0.0
2010-09-24,-69.242,14.592,b15b,0.0
2010-09-25,-69.262,14.51,b15b,0.0
2010-09-26,-69.27,14.45,b15b,0.0
2010-09-27,-69.269,14.41,b15b,0.0
2010-09-28,-69.266,14.379,b15b,0.0
2010-09-29,-69.262,14.352,b15b,0.0
2010-09-30,-69.258,14.328,b15b,0.0
2010-10-01,-69.254,14.302,b15b,0.0
2010-10-02,-69.251,14.27,b15b,0.0
2010-10-03,-69.25,14.23,b15b,0.0
2010-10-04,-69.271,14.176,b15b,0.0
2010-10-05,-69.323,14.107,b15b,0.0
2010-10-06,-69.396,14.026,b15b,0.0
2010-10-08,-69.547,13.842,b15b,0.0
2010-10-10,-69.62,13.65,b15b,0.0
2010-10-11,-69.605,13.553,b15b,0.0
2010-10-12,-69.567,13.45,b15b,0.0
2010-10-13,-69.514,13.343,b15b,0.0
2010-10-14,-69.456,13.233,b15b,0.0
2010-10-15,-69.404,13.121,b15b,0.0
2010-10-16,-69.365,13.01,b15b,0.0
2010-10-17,-69.35,12.9,b15b,0.0
2010-10-18,-69.356,12.788,b15b,0.0
2010-10-19,-69.373,12.672,b15b,0.0
2010-10-20,-69.395,12.554,b15b,0.0
2010-10-21,-69.42,12.438,b15b,0.0
2010-10-22,-69.444,12.327,b15b,0.0
2010-10-23,-69.461,12.223,b15b,0.0
2010-10-24,-69.47,12.13,b15b,0.0
2010-10-25,-69.472,12.049,b15b,0.0
2010-10-26,-69.474,11.978,b15b,0.0
2010-10-27,-69.475,11.912,b15b,0.0
2010-10-28,-69.475,11.848,b15b,0.0
2010-10-29,-69.476,11.783,b15b,0.0
2010-10-30,-69.478,11.711,b15b,0.0
2010-10-31,-69.48,11.63,b15b,0.0
2010-11-01,-69.489,11.543,b15b,0.0
2010-11-02,-69.509,11.453,b15b,0.0
2010-11-03,-69.536,11.357,b15b,0.0
2010-11-04,-69.568,11.253,b15b,0.0
2010-11-05,-69.599,11.135,b15b,0.0
2010-11-06,-69.628,11.002,b15b,0.0
2010-11-07,-69.65,10.85,b15b,0.0
2010-11-08,-69.667,10.647,b15b,0.0
2010-11-09,-69.681,10.378,b15b,0.0
2010-11-10,-69.694,10.063,b15b,0.0
2010-11-11,-69.707,9.72,b15b,0.0
2010-11-12,-69.72,9.371,b15b,0.0
2010-11-13,-69.734,9.034,b15b,0.0
2010-11-14,-69.75,8.73,b15b,0.0
2010-11-15,-69.772,8.449,b15b,0.0
2010-11-16,-69.8,8.171,b15b,0.0
2010-11-17,-69.83,7.897,b15b,0.0
2010-11-18,-69.86,7.63,b15b,0.0
2010-11-19,-69.886,7.372,b15b,0.0
2010-11-20,-69.903,7.124,b15b,0.0
2010-11-21,-69.91,6.89,b15b,0.0
2010-11-22,-69.91,6.67,b15b,0.0
2010-11-23,-69.91,6.463,b15b,0.0
2010-11-24,-69.91,6.265,b15b,0.0
2010-11-25,-69.91,6.072,b15b,0.0
2010-11-26,-69.91,5.881,b15b,0.0
2010-11-27,-69.91,5.688,b15b,0.0
2010-11-28,-69.91,5.49,b15b,0.0
2010-11-29,-69.917,5.289,b15b,0.0
2010-11-30,-69.936,5.09,b15b,0.0
2010-12-01,-69.961,4.89,b15b,0.0
2010-12-02,-69.989,4.689,b15b,0.0
2010-12-03,-70.014,4.484,b15b,0.0
2010-12-04,-70.033,4.275,b15b,0.0
2010-12-05,-70.04,4.06,b15b,0.0
2010-12-06,-70.038,3.843,b15b,0.0
2010-12-08,-70.026,3.408,b15b,0.0
2010-12-09,-70.015,3.182,b15b,0.0
2010-12-10,-70.002,2.943,b15b,0.0
2010-12-11,-69.987,2.687,b15b,0.0
2010-12-12,-69.97,2.41,b15b,0.0
2010-12-13,-69.927,2.085,b15b,0.0
2010-12-14,-69.843,1.705,b15b,0.0
2010-12-15,-69.736,1.292,b15b,0.0
2010-12-16,-69.623,0.871,b15b,0.0
2010-12-17,-69.522,0.466,b15b,0.0
2010-12-18,-69.448,0.101,b15b,0.0
2010-12-19,-69.42,-0.2,b15b,0.0
2010-12-20,-69.425,-0.459,b15b,0.0
2010-12-21,-69.439,-0.709,b15b,0.0
2010-12-22,-69.46,-0.943,b15b,0.0
2010-12-23,-69.486,-1.156,b15b,0.0
2010-12-24,-69.514,-1.342,b15b,0.0
2010-12-25,-69.543,-1.496,b15b,0.0
2010-12-26,-69.57,-1.61,b15b,0.0
2010-12-27,-69.598,-1.69,b15b,0.0
2010-12-28,-69.63,-1.75,b15b,0.0
2010-12-29,-69.664,-1.798,b15b,0.0
2010-12-30,-69.699,-1.84,b15b,0.0
2010-12-31,-69.734,-1.885,b15b,0.0
2011-01-01,-69.782,-1.975,b15b,0.0
2011-01-02,-69.81,-2.06,b15b,0.0
2011-01-03,-69.834,-2.217,b15b,0.0
2011-01-04,-69.856,-2.469,b15b,0.0
2011-01-05,-69.877,-2.782,b15b,0.0
2011-01-06,-69.897,-3.121,b15b,0.0
2011-01-07,-69.917,-3.453,b15b,0.0
2011-01-08,-69.938,-3.744,b15b,0.0
2011-01-09,-69.96,-3.96,b15b,0.0
2011-01-10,-69.986,-4.113,b15b,0.0
2011-01-11,-70.017,-4.242,b15b,0.0
2011-01-12,-70.048,-4.355,b15b,0.0
2011-01-13,-70.079,-4.46,b15b,0.0
2011-01-14,-70.106,-4.565,b15b,0.0
2011-01-15,-70.128,-4.679,b15b,0.0
2011-01-16,-70.14,-4.81,b15b,0.0
2011-01-17,-70.147,-4.953,b15b,0.0
2011-01-18,-70.152,-5.099,b15b,0.0
2011-01-19,-70.156,-5.252,b15b,0.0
2011-01-20,-70.159,-5.416,b15b,0.0
2011-01-21,-70.163,-5.593,b15b,0.0
2011-01-22,-70.166,-5.786,b15b,0.0
2011-01-23,-70.17,-6.0,b15b,0.0
2011-01-24,-70.174,-6.284,b15b,0.0
2011-01-25,-70.177,-6.657,b15b,0.0
2011-01-26,-70.181,-7.076,b15b,0.0
2011-01-27,-70.184,-7.496,b15b,0.0
2011-01-28,-70.188,-7.872,b15b,0.0
2011-01-29,-70.194,-8.162,b15b,0.0
2011-01-30,-70.2,-8.32,b15b,0.0
2011-01-31,-70.21,-8.385,b15b,0.0
2011-02-01,-70.224,-8.428,b15b,0.0
2011-02-02,-70.242,-8.458,b15b,0.0
2011-02-03,-70.265,-8.485,b15b,0.0
2011-02-04,-70.293,-8.516,b15b,0.0
2011-02-05,-70.324,-8.562,b15b,0.0
2011-02-06,-70.36,-8.63,b15b,0.0
2011-02-07,-70.417,-8.859,b15b,0.0
2011-02-08,-70.506,-9.331,b15b,0.0
2011-02-09,-70.619,-9.974,b15b,0.0
2011-02-10,-70.746,-10.712,b15b,0.0
2011-02-11,-70.878,-11.471,b15b,0.0
2011-02-12,-71.006,-12.179,b15b,0.0
2011-02-13,-71.12,-12.76,b15b,0.0
2011-02-14,-71.226,-13.25,b15b,0.0
2011-02-15,-71.334,-13.73,b15b,0.0
2011-02-16,-71.441,-14.192,b15b,0.0
2011-02-17,-71.547,-14.629,b15b,0.0
2011-02-18,-71.648,-15.036,b15b,0.0
2011-02-19,-71.743,-15.405,b15b,0.0
2011-02-20,-71.83,-15.73,b15b,0.0
2011-02-21,-71.915,-16.02,b15b,0.0
2011-02-22,-72.001,-16.288,b15b,0.0
2011-02-23,-72.085,-16.536,b15b,0.0
2011-02-24,-72.163,-16.766,b15b,0.0
2011-02-25,-72.231,-16.979,b15b,0.0
2011-02-26,-72.284,-17.176,b15b,0.0
2011-02-27,-72.32,-17.36,b15b,0.0
2011-02-28,-72.341,-17.517,b15b,0.0
2011-03-01,-72.356,-17.644,b15b,0.0
2011-03-02,-72.367,-17.756,b15b,0.0
2011-03-03,-72.377,-17.869,b15b,0.0
2011-03-04,-72.389,-17.997,b15b,0.0
2011-03-05,-72.406,-18.156,b15b,0.0
2011-03-06,-72.43,-18.36,b15b,0.0
2011-03-07,-72.528,-18.761,b15b,0.0
2011-03-08,-72.735,-19.425,b15b,0.0
2011-03-09,-73.006,-20.237,b15b,0.0
2011-03-10,-73.294,-21.084,b15b,0.0
2011-03-11,-73.556,-21.853,b15b,0.0
2011-03-12,-73.747,-22.429,b15b,0.0
2011-03-13,-73.82,-22.7,b15b,0.0
2011-03-14,-73.808,-22.766,b15b,0.0
2011-03-15,-73.776,-22.81,b15b,0.0
2011-03-16,-73.733,-22.84,b15b,0.0
2011-03-17,-73.687,-22.865,b15b,0.0
2011-03-18,-73.644,-22.894,b15b,0.0
2011-03-19,-73.612,-22.936,b15b,0.0
2011-03-20,-73.6,-23.0,b15b,0.0
2011-03-21,-73.642,-23.189,b15b,0.0
2011-03-22,-73.749,-23.557,b15b,0.0
2011-03-23,-73.895,-24.041,b15b,0.0
2011-03-24,-74.055,-24.574,b15b,0.0
2011-03-25,-74.201,-25.093,b15b,0.0
2011-03-26,-74.309,-25.533,b15b,0.0
2011-03-27,-74.35,-25.83,b15b,0.0
2011-03-28,-74.346,-26.013,b15b,0.0
2011-03-29,-74.336,-26.162,b15b,0.0
2011-03-30,-74.321,-26.288,b15b,0.0
2011-03-31,-74.301,-26.402,b15b,0.0
2011-04-01,-74.279,-26.515,b15b,0.0
2011-04-02,-74.255,-26.637,b15b,0.0
2011-04-03,-74.23,-26.78,b15b,0.0
2011-04-17,-73.47,-29.5,b15b,0.0
2011-04-18,-73.429,-29.666,b15b,0.0
2011-04-19,-73.387,-29.818,b15b,0.0
2011-04-20,-73.346,-29.964,b15b,0.0
2011-04-21,-73.308,-30.112,b15b,0.0
2011-04-22,-73.278,-30.27,b15b,0.0
2011-04-23,-73.258,-30.447,b15b,0.0
2011-04-24,-73.25,-30.65,b15b,0.0
2011-04-25,-73.251,-30.913,b15b,0.0
2011-04-26,-73.254,-31.243,b15b,0.0
2011-04-27,-73.258,-31.615,b15b,0.0
2011-04-28,-73.262,-32.001,b15b,0.0
2011-04-29,-73.266,-32.373,b15b,0.0
2011-04-30,-73.269,-32.705,b15b,0.0
2011-05-01,-73.27,-32.97,b15b,0.0
2011-05-02,-73.25,-33.18,b15b,0.0
2011-05-03,-73.196,-33.369,b15b,0.0
2011-05-04,-73.118,-33.54,b15b,0.0
2011-05-05,-73.026,-33.699,b15b,0.0
2011-05-06,-72.931,-33.849,b15b,0.0
2011-05-07,-72.842,-33.994,b15b,0.0
2011-05-08,-72.77,-34.14,b15b,0.0
2011-05-09,-72.712,-34.288,b15b,0.0
2011-05-10,-72.657,-34.435,b15b,0.0
2011-05-11,-72.605,-34.579,b15b,0.0
2011-05-12,-72.555,-34.717,b15b,0.0
2011-05-13,-72.505,-34.845,b15b,0.0
2011-05-14,-72.453,-34.96,b15b,0.0
2011-05-15,-72.4,-35.06,b15b,0.0
2011-05-16,-72.341,-35.154,b15b,0.0
2011-05-17,-72.275,-35.25,b15b,0.0
2011-05-18,-72.208,-35.342,b15b,0.0
2011-05-19,-72.143,-35.424,b15b,0.0
2011-05-20,-72.084,-35.49,b15b,0.0
2011-05-21,-72.035,-35.534,b15b,0.0
2011-05-22,-72.0,-35.55,b15b,0.0
2011-05-23,-71.977,-35.544,b15b,0.0
2011-05-24,-71.959,-35.528,b15b,0.0
2011-05-25,-71.944,-35.507,b15b,0.0
2011-05-26,-71.93,-35.483,b15b,0.0
2011-05-27,-71.916,-35.462,b15b,0.0
2011-05-28,-71.9,-35.446,b15b,0.0
2011-05-29,-71.88,-35.44,b15b,0.0
2011-05-30,-71.856,-35.443,b15b,0.0
2011-05-31,-71.829,-35.45,b15b,0.0
2011-06-01,-71.798,-35.46,b15b,0.0
2011-06-02,-71.764,-35.47,b15b,0.0
2011-06-03,-71.727,-35.48,b15b,0.0
2011-06-04,-71.686,-35.487,b15b,0.0
2011-06-05,-71.64,-35.49,b15b,0.0
2011-06-06,-71.575,-35.488,b15b,0.0
2011-06-07,-71.485,-35.483,b15b,0.0
2011-06-08,-71.381,-35.476,b15b,0.0
2011-06-09,-71.277,-35.467,b15b,0.0
2011-06-10,-71.185,-35.458,b15b,0.0
2011-06-11,-71.119,-35.449,b15b,0.0
2011-06-12,-71.09,-35.44,b15b,0.0
2011-06-13,-71.085,-35.431,b15b,0.0
2011-06-14,-71.082,-35.42,b15b,0.0
2011-06-15,-71.079,-35.409,b15b,0.0
2011-06-16,-71.077,-35.398,b15b,0.0
2011-06-17,-71.075,-35.389,b15b,0.0
2011-06-18,-71.073,-35.382,b15b,0.0
2011-06-19,-71.07,-35.38,b15b,0.0
2011-06-20,-71.067,-35.396,b15b,0.0
2011-06-21,-71.065,-35.436,b15b,0.0
2011-06-22,-71.063,-35.49,b15b,0.0
2011-06-23,-71.061,-35.55,b15b,0.0
2011-06-24,-71.058,-35.605,b15b,0.0
2011-06-25,-71.055,-35.645,b15b,0.0
2011-06-26,-71.05,-35.66,b15b,0.0
2011-06-27,-71.039,-35.635,b15b,0.0
2011-06-28,-71.016,-35.569,b15b,0.0
2011-06-29,-70.984,-35.479,b15b,0.0
2011-06-30,-70.944,-35.381,b15b,0.0
2011-07-01,-70.899,-35.291,b15b,0.0
2011-07-02,-70.851,-35.226,b15b,0.0
2011-07-03,-70.8,-35.2,b15b,0.0
2011-07-04,-70.735,-35.213,b15b,0.0
2011-07-05,-70.647,-35.248,b15b,0.0
2011-07-06,-70.545,-35.295,b15b,0.0
2011-07-07,-70.438,-35.346,b15b,0.0
2011-07-08,-70.336,-35.392,b15b,0.0
2011-07-09,-70.247,-35.427,b15b,0.0
2011-07-10,-70.18,-35.44,b15b,0.0
2011-07-11,-70.132,-35.434,b15b,0.0
2011-07-12,-70.091,-35.418,b15b,0.0
2011-07-13,-70.054,-35.397,b15b,0.0
2011-07-14,-70.021,-35.373,b15b,0.0
2011-07-15,-69.989,-35.352,b15b,0.0
2011-07-16,-69.956,-35.336,b15b,0.0
2011-07-17,-69.92,-35.33,b15b,0.0
2011-07-18,-69.883,-35.346,b15b,0.0
2011-07-19,-69.848,-35.39,b15b,0.0
2011-07-20,-69.812,-35.456,b15b,0.0
2011-07-21,-69.776,-35.538,b15b,0.0
2011-07-22,-69.738,-35.632,b15b,0.0
2011-07-23,-69.696,-35.731,b15b,0.0
2011-07-24,-69.65,-35.83,b15b,0.0
2011-07-25,-69.598,-35.951,b15b,0.0
2011-07-26,-69.538,-36.109,b15b,0.0
2011-07-27,-69.474,-36.288,b15b,0.0
2011-07-28,-69.405,-36.471,b15b,0.0
2011-07-29,-69.334,-36.642,b15b,0.0
2011-07-30,-69.262,-36.783,b15b,0.0
2011-07-31,-69.19,-36.88,b15b,0.0
2011-08-01,-69.11,-36.94,b15b,0.0
2011-08-02,-69.016,-36.987,b15b,0.0
2011-08-03,-68.918,-37.026,b15b,0.0
2011-08-04,-68.823,-37.06,b15b,0.0
2011-08-05,-68.741,-37.096,b15b,0.0
2011-08-06,-68.681,-37.138,b15b,0.0
2011-08-07,-68.65,-37.19,b15b,0.0
2011-08-08,-68.639,-37.266,b15b,0.0
2011-08-09,-68.632,-37.367,b15b,0.0
2011-08-10,-68.627,-37.48,b15b,0.0
2011-08-11,-68.623,-37.594,b15b,0.0
2011-08-12,-68.618,-37.695,b15b,0.0
2011-08-13,-68.611,-37.771,b15b,0.0
2011-08-14,-68.6,-37.81,b15b,0.0
2011-08-15,-68.575,-37.824,b15b,0.0
2011-08-16,-68.53,-37.834,b15b,0.0
2011-08-17,-68.471,-37.841,b15b,0.0
2011-08-18,-68.402,-37.848,b15b,0.0
2011-08-19,-68.33,-37.854,b15b,0.0
2011-08-20,-68.261,-37.861,b15b,0.0
2011-08-21,-68.2,-37.87,b15b,0.0
2011-08-22,-68.142,-37.88,b15b,0.0
2011-08-23,-68.078,-37.89,b15b,0.0
2011-08-24,-68.014,-37.9,b15b,0.0
2011-08-25,-67.954,-37.912,b15b,0.0
2011-08-26,-67.9,-37.925,b15b,0.0
2011-08-27,-67.858,-37.941,b15b,0.0
2011-08-28,-67.83,-37.96,b15b,0.0
2011-08-29,-67.814,-37.997,b15b,0.0
2011-08-30,-67.855,-38.166,b15b,0.0
2011-08-31,-67.816,-38.206,b15b,0.0
2011-09-01,-67.803,-38.224,b15b,0.0
2011-09-02,-67.793,-38.226,b15b,0.0
2011-09-03,-67.784,-38.214,b15b,0.0
2011-09-04,-67.774,-38.19,b15b,0.0
2011-09-05,-67.762,-38.155,b15b,0.0
2011-09-06,-67.744,-38.119,b15b,0.0
2011-09-07,-67.723,-38.089,b15b,0.0
2011-09-08,-67.702,-38.347,b15b,0.0
2011-09-09,-67.633,-38.415,b15b,0.0
2011-09-10,-67.564,-38.478,b15b,0.0
2011-09-11,-67.541,-38.454,b15b,0.0
2011-09-12,-67.521,-38.458,b15b,0.0
2011-09-13,-67.523,-38.222,b15b,0.0
2011-09-14,-67.548,-38.211,b15b,0.0
2011-09-15,-67.493,-38.101,b15b,0.0
2011-09-16,-67.573,-38.204,b15b,0.0
2011-09-17,-67.637,-38.094,b15b,0.0
2011-09-18,-67.711,-38.203,b15b,0.0
2011-09-19,-67.758,-38.323,b15b,0.0
2011-09-20,-67.765,-38.511,b15b,0.0
2011-09-21,-67.734,-38.398,b15b,0.0
2011-09-22,-67.674,-38.379,b15b,0.0
2011-09-23,-67.608,-38.024,b15b,0.0
2011-09-24,-67.601,-37.839,b15b,0.0
2011-09-25,-67.573,-37.519,b15b,0.0
2011-09-26,-67.555,-37.532,b15b,0.0
2011-09-27,-67.559,-37.37,b15b,0.0
2011-09-28,-67.525,-37.464,b15b,0.0
2011-09-29,-67.439,-37.463,b15b,0.0
2011-09-30,-67.397,-37.587,b15b,0.0
2011-10-01,-67.35,-37.677,b15b,0.0
2011-10-02,-67.315,-37.861,b15b,0.0
2011-10-03,-67.315,-37.931,b15b,0.0
2011-10-04,-67.25,-38.103,b15b,0.0
2011-10-05,-67.209,-38.275,b15b,0.0
2011-10-06,-67.126,-38.424,b15b,0.0
2011-10-07,-67.011,-38.375,b15b,0.0
2011-10-08,-66.986,-38.384,b15b,0.0
2011-10-09,-66.971,-38.353,b15b,0.0
2011-10-10,-66.904,-38.417,b15b,0.0
2011-10-11,-66.836,-38.266,b15b,0.0
2011-10-12,-66.74,-38.298,b15b,0.0
2011-10-13,-66.605,-38.252,b15b,0.0
2011-10-14,-66.586,-38.308,b15b,0.0
2011-10-15,-66.574,-38.313,b15b,0.0
2011-10-16,-66.537,-38.391,b15b,0.0
2011-10-17,-66.521,-38.373,b15b,0.0
2011-10-18,-66.538,-38.412,b15b,0.0
2011-10-19,-66.54,-38.349,b15b,0.0
2011-10-20,-66.54,-38.24,b15b,0.0
2011-10-21,-66.49,-38.096,b15b,0.0
2011-10-22,-66.435,-38.097,b15b,0.0
2011-10-23,-66.358,-38.067,b15b,0.0
2011-10-24,-66.344,-38.103,b15b,0.0
2011-10-25,-66.274,-38.136,b15b,0.0
2011-10-26,-66.26,-38.271,b15b,0.0
2011-10-27,-66.186,-38.229,b15b,0.0
2011-10-28,-66.188,-38.265,b15b,0.0
2011-10-29,-66.144,-38.295,b15b,0.0
2011-10-30,-66.128,-38.349,b15b,0.0
2011-10-31,-66.133,-38.422,b15b,0.0
2011-11-01,-66.109,-38.519,b15b,0.0
2011-11-02,-66.02,-38.61,b15b,0.0
2011-11-03,-65.977,-38.583,b15b,0.0
2011-11-04,-65.944,-38.574,b15b,0.0
2011-11-05,-65.966,-38.611,b15b,0.0
2011-11-06,-65.977,-38.547,b15b,0.0
2011-11-07,-65.952,-38.451,b15b,0.0
2011-11-08,-65.925,-38.393,b15b,0.0
2011-11-09,-65.91,-38.339,b15b,0.0
2011-11-10,-65.864,-38.206,b15b,0.0
2011-11-11,-65.849,-38.094,b15b,0.0
2011-11-12,-65.811,-38.067,b15b,0.0
2011-11-13,-65.808,-38.008,b15b,0.0
2011-11-14,-65.788,-38.092,b15b,0.0
2011-11-15,-65.814,-38.079,b15b,0.0
2011-11-16,-65.786,-38.075,b15b,0.0
2011-11-17,-65.724,-38.128,b15b,0.0
2011-11-18,-65.72,-38.33,b15b,0.0
2011-11-19,-65.721,-38.404,b15b,0.0
2011-11-20,-65.677,-38.433,b15b,0.0
2011-11-21,-65.708,-38.55,b15b,0.0
2011-11-22,-65.737,-38.722,b15b,0.0
2011-11-23,-65.764,-38.724,b15b,0.0
2011-11-24,-65.756,-38.698,b15b,0.0
2011-11-25,-65.745,-38.667,b15b,0.0
2011-11-26,-65.75,-38.73,b15b,0.0
2011-11-27,-65.73,-38.688,b15b,0.0
2011-11-28,-65.729,-38.549,b15b,0.0
2011-11-29,-65.666,-38.587,b15b,0.0
2011-11-30,-65.636,-38.534,b15b,0.0
2011-12-01,-65.64,-38.592,b15b,0.0
2011-12-02,-65.646,-38.572,b15b,0.0
2011-12-03,-65.603,-38.635,b15b,0.0
2011-12-04,-65.592,-38.612,b15b,0.0
2011-12-05,-65.568,-38.596,b15b,0.0
2011-12-06,-65.508,-38.531,b15b,0.0
2011-12-07,-65.532,-38.568,b15b,0.0
2011-12-08,-65.53,-38.614,b15b,0.0
2011-12-09,-65.461,-38.614,b15b,0.0
2011-12-10,-65.442,-38.629,b15b,0.0
2011-12-11,-65.388,-38.679,b15b,0.0
2011-12-12,-65.355,-38.797,b15b,0.0
2011-12-13,-65.404,-38.84,b15b,0.0
2011-12-14,-65.41,-38.762,b15b,0.0
2011-12-15,-65.352,-38.949,b15b,0.0
2011-12-16,-65.336,-39.017,b15b,0.0
2011-12-17,-65.369,-39.034,b15b,0.0
2011-12-18,-65.342,-39.176,b15b,0.0
2011-12-19,-65.295,-39.439,b15b,0.0
2011-12-20,-65.27,-39.663,b15b,0.0
2011-12-21,-65.272,-39.802,b15b,0.0
2011-12-22,-65.274,-39.924,b15b,0.0
2011-12-23,-65.278,-40.034,b15b,0.0
2011-12-24,-65.283,-40.136,b15b,0.0
2011-12-25,-65.288,-40.235,b15b,0.0
2011-12-26,-65.32,-40.331,b15b,0.0
2011-12-27,-65.309,-40.45,b15b,0.0
2011-12-28,-65.286,-40.571,b15b,0.0
2011-12-29,-65.259,-40.641,b15b,0.0
2011-12-30,-65.226,-40.605,b15b,0.0
2011-12-31,-65.239,-40.29,b15b,0.0
2012-01-01,-65.243,-40.465,b15b,0.0
2012-01-02,-65.251,-40.579,b15b,0.0
2012-01-03,-65.373,-40.612,b15b,0.0
2012-01-04,-65.317,-40.379,b15b,0.0
2012-01-05,-65.296,-40.322,b15b,0.0
2012-01-06,-65.324,-40.343,b15b,0.0
2012-01-07,-65.255,-40.434,b15b,0.0
2012-01-08,-65.263,-40.52,b15b,0.0
2012-01-09,-65.338,-40.598,b15b,0.0
2012-01-10,-65.33,-40.42,b15b,0.0
2012-01-11,-65.303,-40.448,b15b,0.0
2012-01-12,-65.287,-40.584,b15b,0.0
2012-01-13,-65.292,-40.699,b15b,0.0
2012-01-14,-65.301,-40.824,b15b,0.0
2012-01-15,-65.336,-41.004,b15b,0.0
2012-01-16,-65.345,-41.083,b15b,0.0
2012-01-17,-65.374,-41.201,b15b,0.0
2012-01-18,-65.436,-41.256,b15b,0.0
2012-01-19,-65.56,-41.398,b15b,0.0
2012-01-20,-65.612,-41.43,b15b,0.0
2012-01-21,-65.622,-41.449,b15b,0.0
2012-01-22,-65.611,-41.497,b15b,0.0
2012-01-23,-65.6,-41.51,b15b,0.0
2012-01-24,-65.567,-41.39,b15b,0.0
2012-01-25,-65.49,-41.259,b15b,0.0
2012-01-26,-65.388,-41.096,b15b,0.0
2012-01-27,-65.32,-41.008,b15b,0.0
2012-01-28,-65.286,-40.874,b15b,0.0
2012-01-29,-65.238,-40.843,b15b,0.0
2012-01-30,-65.199,-40.816,b15b,0.0
2012-01-31,-65.175,-40.818,b15b,0.0
2012-02-01,-65.158,-40.833,b15b,0.0
2012-02-02,-65.181,-40.804,b15b,0.0
2012-02-03,-65.173,-40.898,b15b,0.0
2012-02-04,-65.183,-40.838,b15b,0.0
2012-02-05,-65.166,-40.867,b15b,0.0
2012-02-06,-65.167,-40.886,b15b,0.0
2012-02-07,-65.157,-40.875,b15b,0.0
2012-02-08,-65.183,-40.916,b15b,0.0
2012-02-09,-65.203,-40.902,b15b,0.0
2012-02-10,-65.206,-40.918,b15b,0.0
2012-02-11,-65.21,-40.898,b15b,0.0
2012-02-12,-65.215,-40.849,b15b,0.0
2012-02-13,-65.22,-40.895,b15b,0.0
2012-02-14,-65.232,-40.929,b15b,0.0
2012-02-15,-65.194,-40.993,b15b,0.0
2012-02-16,-65.225,-40.957,b15b,0.0
2012-02-17,-65.223,-41.02,b15b,0.0
2012-02-18,-65.18,-41.055,b15b,0.0
2012-02-19,-65.165,-41.108,b15b,0.0
2012-02-20,-65.155,-41.175,b15b,0.0
2012-02-21,-65.143,-41.227,b15b,0.0
2012-02-22,-65.106,-41.256,b15b,0.0
2012-02-23,-65.082,-41.291,b15b,0.0
2012-02-24,-65.081,-41.371,b15b,0.0
2012-02-25,-65.092,-41.411,b15b,0.0
2012-02-26,-65.05,-41.461,b15b,0.0
2012-02-27,-65.012,-41.416,b15b,0.0
2012-02-28,-65.045,-41.46,b15b,0.0
2012-02-29,-65.006,-41.464,b15b,0.0
2012-03-01,-64.963,-41.467,b15b,0.0
2012-03-02,-64.952,-41.479,b15b,0.0
2012-03-03,-64.921,-41.486,b15b,0.0
2012-03-04,-64.892,-41.472,b15b,0.0
2012-03-05,-64.889,-41.469,b15b,0.0
2012-03-06,-64.897,-41.47,b15b,0.0
2012-03-07,-64.866,-41.514,b15b,0.0
2012-03-08,-64.873,-41.555,b15b,0.0
2012-03-09,-64.879,-41.532,b15b,0.0
2012-03-10,-64.865,-41.567,b15b,0.0
2012-03-11,-64.856,-41.592,b15b,0.0
2012-03-12,-64.873,-41.581,b15b,0.0
2012-03-13,-64.862,-41.562,b15b,0.0
2012-03-14,-64.875,-41.505,b15b,0.0
2012-03-15,-64.884,-41.501,b15b,0.0
2012-03-16,-64.846,-41.463,b15b,0.0
2012-03-17,-64.853,-41.441,b15b,0.0
2012-03-18,-64.875,-41.275,b15b,0.0
2012-03-19,-64.902,-41.355,b15b,0.0
2012-03-20,-64.898,-41.271,b15b,0.0
2012-03-21,-64.9,-41.285,b15b,0.0
2012-03-22,-64.866,-41.287,b15b,0.0
2012-03-23,-64.864,-41.313,b15b,0.0
2012-03-24,-64.853,-41.278,b15b,0.0
2012-03-25,-64.85,-41.339,b15b,0.0
2012-03-26,-64.833,-41.349,b15b,0.0
2012-03-27,-64.827,-41.319,b15b,0.0
2012-03-28,-64.812,-41.335,b15b,0.0
2012-03-29,-64.828,-41.332,b15b,0.0
2012-03-30,-64.812,-41.343,b15b,0.0
2012-03-31,-64.806,-41.337,b15b,0.0
2012-04-01,-64.827,-41.346,b15b,0.0
2012-04-02,-64.805,-41.37,b15b,0.0
2012-04-03,-64.758,-41.448,b15b,0.0
2012-04-04,-64.731,-41.51,b15b,0.0
2012-04-05,-64.7,-41.525,b15b,0.0
2012-04-06,-64.719,-41.502,b15b,0.0
2012-04-07,-64.666,-41.598,b15b,0.0
2012-04-08,-64.661,-41.673,b15b,0.0
2012-04-09,-64.647,-41.76,b15b,0.0
2012-04-10,-64.636,-41.812,b15b,0.0
2012-04-11,-64.6,-41.842,b15b,0.0
2012-04-12,-64.567,-41.862,b15b,0.0
2012-04-13,-64.491,-41.895,b15b,0.0
2012-04-14,-64.403,-41.933,b15b,0.0
2012-04-15,-64.352,-41.895,b15b,0.0
2012-04-16,-64.311,-41.866,b15b,0.0
2012-04-17,-64.296,-41.829,b15b,0.0
2012-04-18,-64.227,-41.779,b15b,0.0
2012-04-19,-64.191,-41.693,b15b,0.0
2012-04-20,-64.156,-41.729,b15b,0.0
2012-04-21,-64.09,-41.799,b15b,0.0
2012-04-22,-64.026,-41.867,b15b,0.0
2012-04-23,-63.967,-41.92,b15b,0.0
2012-04-24,-63.922,-41.829,b15b,0.0
2012-04-25,-63.897,-41.654,b15b,0.0
2012-04-26,-63.885,-41.621,b15b,0.0
2012-04-27,-63.859,-41.537,b15b,0.0
2012-04-28,-63.828,-41.522,b15b,0.0
2012-04-29,-63.806,-41.31,b15b,0.0
2012-04-30,-63.75,-41.268,b15b,0.0
2012-05-01,-63.722,-41.122,b15b,0.0
2012-05-02,-63.706,-41.058,b15b,0.0
2012-05-03,-63.671,-40.975,b15b,0.0
2012-05-04,-63.671,-40.922,b15b,0.0
2012-05-05,-63.671,-40.892,b15b,0.0
2012-05-06,-63.634,-40.871,b15b,0.0
2012-05-07,-63.59,-40.799,b15b,0.0
2012-05-08,-63.6,-40.741,b15b,0.0
2012-05-09,-63.562,-40.707,b15b,0.0
2012-05-10,-63.555,-40.559,b15b,0.0
2012-05-11,-63.47,-40.568,b15b,0.0
2012-05-12,-63.447,-40.444,b15b,0.0
2012-05-13,-63.392,-40.276,b15b,0.0
2012-05-14,-63.338,-40.171,b15b,0.0
2012-05-15,-63.323,-40.037,b15b,0.0
2012-05-16,-63.253,-39.604,b15b,0.0
2012-05-17,-63.246,-39.41,b15b,0.0
2012-05-18,-63.184,-38.772,b15b,0.0
2012-05-19,-63.122,-38.447,b15b,0.0
2012-05-20,-63.076,-38.218,b15b,0.0
2012-05-21,-63.074,-38.067,b15b,0.0
2012-05-22,-63.08,-37.994,b15b,0.0
2012-05-23,-63.015,-37.911,b15b,0.0
2012-05-24,-63.011,-37.826,b15b,0.0
2012-05-25,-62.956,-37.758,b15b,0.0
2012-05-26,-62.916,-37.636,b15b,0.0
2012-05-27,-62.864,-37.677,b15b,0.0
2012-05-28,-62.838,-37.563,b15b,0.0
2012-05-29,-62.765,-37.511,b15b,0.0
2012-05-30,-62.729,-37.257,b15b,0.0
2012-05-31,-62.718,-37.235,b15b,0.0
2012-06-01,-62.721,-37.059,b15b,0.0
2012-06-02,-62.701,-36.997,b15b,0.0
2012-06-03,-62.698,-36.679,b15b,0.0
2012-06-04,-62.667,-36.54,b15b,0.0
2012-06-05,-62.683,-36.197,b15b,0.0
2012-06-06,-62.73,-36.189,b15b,0.0
2012-06-07,-62.76,-35.96,b15b,0.0
2012-06-08,-62.755,-35.993,b15b,0.0
2012-06-09,-62.764,-35.823,b15b,0.0
2012-06-10,-62.776,-35.885,b15b,0.0
2012-06-11,-62.762,-35.617,b15b,0.0
2012-06-12,-62.729,-35.513,b15b,0.0
2012-06-13,-62.723,-35.426,b15b,0.0
2012-06-14,-62.666,-35.453,b15b,0.0
2012-06-15,-62.601,-35.328,b15b,0.0
2012-06-16,-62.486,-35.364,b15b,0.0
2012-06-17,-62.47,-35.126,b15b,0.0
2012-06-18,-62.43,-35.075,b15b,0.0
2012-06-19,-62.397,-34.849,b15b,0.0
2012-06-20,-62.303,-34.763,b15b,0.0
2012-06-21,-62.3,-34.488,b15b,0.0
2012-06-22,-62.262,-34.492,b15b,0.0
2012-06-23,-62.25,-34.309,b15b,0.0
2012-06-24,-62.284,-34.4,b15b,0.0
2012-06-25,-62.248,-34.292,b15b,0.0
2012-06-26,-62.204,-34.105,b15b,0.0
2012-06-27,-62.19,-33.94,b15b,0.0
2012-06-28,-62.207,-33.972,b15b,0.0
2012-06-29,-62.153,-33.85,b15b,0.0
2012-06-30,-62.188,-33.908,b15b,0.0
2012-07-01,-62.202,-33.702,b15b,0.0
2012-07-02,-62.179,-33.902,b15b,0.0
2012-07-03,-62.141,-33.824,b15b,0.0
2012-07-04,-62.137,-33.986,b15b,0.0
2012-07-05,-62.082,-33.963,b15b,0.0
2012-07-06,-62.042,-33.998,b15b,0.0
2012-07-07,-61.938,-33.922,b15b,0.0
2012-07-08,-61.799,-34.139,b15b,0.0
2012-07-09,-61.729,-34.063,b15b,0.0
2012-07-10,-61.682,-34.076,b15b,0.0
2012-07-11,-61.645,-33.993,b15b,0.0
2012-07-12,-61.619,-34.018,b15b,0.0
2012-07-13,-61.558,-34.0,b15b,0.0
2012-07-14,-61.494,-34.105,b15b,0.0
2012-07-15,-61.466,-33.927,b15b,0.0
2012-07-16,-61.423,-33.901,b15b,0.0
2012-07-17,-61.376,-33.791,b15b,0.0
2012-07-18,-61.296,-33.533,b15b,0.0
2012-07-19,-61.189,-33.096,b15b,0.0
2012-07-20,-61.099,-32.883,b15b,0.0
2012-07-21,-61.068,-32.618,b15b,0.0
2012-07-22,-61.062,-32.578,b15b,0.0
2012-07-23,-61.006,-32.419,b15b,0.0
2012-07-24,-60.988,-32.309,b15b,0.0
2012-07-25,-60.981,-32.255,b15b,0.0
2012-07-26,-60.998,-32.259,b15b,0.0
2012-07-27,-61.029,-32.123,b15b,0.0
2012-07-28,-60.991,-32.259,b15b,0.0
2012-07-29,-60.975,-32.217,b15b,0.0
2012-07-30,-60.967,-32.177,b15b,0.0
2012-07-31,-60.956,-32.132,b15b,0.0
2012-08-01,-60.942,-32.086,b15b,0.0
2012-08-02,-60.925,-32.041,b15b,0.0
2012-08-03,-60.906,-32.001,b15b,0.0
2012-08-04,-60.883,-31.97,b15b,0.0
2012-08-05,-60.837,-31.952,b15b,0.0
2012-08-06,-60.808,-31.844,b15b,0.0
2012-08-07,-60.725,-31.756,b15b,0.0
2012-08-08,-60.658,-31.594,b15b,0.0
2012-08-09,-60.578,-31.384,b15b,0.0
2012-08-10,-60.535,-31.357,b15b,0.0
2012-08-11,-60.488,-31.308,b15b,0.0
2012-08-12,-60.477,-31.271,b15b,0.0
2012-08-13,-60.426,-31.261,b15b,0.0
2012-08-14,-60.443,-31.003,b15b,0.0
2012-08-15,-60.415,-30.935,b15b,0.0
2012-08-16,-60.375,-30.851,b15b,0.0
2012-08-17,-60.35,-30.907,b15b,0.0
2012-08-18,-60.349,-30.762,b15b,0.0
2012-08-19,-60.338,-30.493,b15b,0.0
2012-08-20,-60.317,-30.281,b15b,0.0
2012-08-21,-60.289,-30.224,b15b,0.0
2012-08-22,-60.223,-30.063,b15b,0.0
2012-08-23,-60.132,-29.888,b15b,0.0
2012-08-24,-60.158,-29.789,b15b,0.0
2012-08-25,-60.098,-29.561,b15b,0.0
2012-08-26,-60.002,-29.499,b15b,0.0
2012-08-27,-59.921,-29.392,b15b,0.0
2012-08-28,-59.905,-29.313,b15b,0.0
2012-08-29,-59.87,-29.302,b15b,0.0
2012-08-30,-59.857,-29.23,b15b,0.0
2012-08-31,-59.826,-29.174,b15b,0.0
2012-09-01,-59.813,-29.071,b15b,0.0
2012-09-02,-59.791,-29.072,b15b,0.0
2012-09-03,-59.82,-29.035,b15b,0.0
2012-09-04,-59.785,-28.962,b15b,0.0
2012-09-05,-59.784,-28.93,b15b,0.0
2012-09-06,-59.788,-28.83,b15b,0.0
2012-09-07,-59.757,-28.852,b15b,0.0
2012-09-08,-59.771,-28.819,b15b,0.0
2012-09-09,-59.776,-28.872,b15b,0.0
2012-09-10,-59.744,-28.765,b15b,0.0
2012-09-11,-59.778,-28.832,b15b,0.0
2012-09-12,-59.718,-28.896,b15b,0.0
2012-09-13,-59.692,-28.807,b15b,0.0
2012-09-14,-59.62,-28.872,b15b,0.0
2012-09-15,-59.564,-28.764,b15b,0.0
2012-09-16,-59.499,-28.775,b15b,0.0
2012-09-17,-59.486,-28.654,b15b,0.0
2012-09-18,-59.463,-28.646,b15b,0.0
2012-09-19,-59.439,-28.565,b15b,0.0
2012-09-20,-59.396,-28.476,b15b,0.0
2012-09-21,-59.348,-28.41,b15b,0.0
2012-09-22,-59.292,-28.252,b15b,0.0
2012-09-23,-59.232,-28.195,b15b,0.0
2012-09-24,-59.167,-28.069,b15b,0.0
2012-09-25,-59.095,-27.989,b15b,0.0
2012-09-26,-59.012,-27.874,b15b,0.0
2012-09-27,-58.825,-27.782,b15b,0.0
2012-09-28,-58.721,-27.579,b15b,0.0
2012-09-29,-58.572,-27.44,b15b,0.0
2012-09-30,-58.39,-27.263,b15b,0.0
2012-10-01,-58.306,-27.18,b15b,0.0
2012-10-02,-58.209,-27.136,b15b,0.0
2012-10-03,-58.107,-27.103,b15b,0.0
2012-10-04,-58.019,-27.09,b15b,0.0
2012-10-05,-57.952,-27.093,b15b,0.0
2012-10-06,-57.908,-27.024,b15b,0.0
2012-10-07,-57.882,-27.066,b15b,0.0
2012-10-08,-57.828,-26.955,b15b,0.0
2012-10-09,-57.795,-26.996,b15b,0.0
2012-10-10,-57.702,-27.013,b15b,0.0
2012-10-11,-57.681,-26.955,b15b,0.0
2012-10-12,-57.609,-26.939,b15b,0.0
2012-10-13,-57.536,-26.902,b15b,0.0
2012-10-14,-57.521,-26.882,b15b,0.0
2012-10-15,-57.444,-26.822,b15b,0.0
2012-10-16,-57.422,-26.815,b15b,0.0
2012-10-17,-57.427,-26.833,b15b,0.0
2012-10-18,-57.365,-26.919,b15b,0.0
2012-10-19,-57.385,-26.924,b15b,0.0
2012-10-20,-57.372,-26.899,b15b,0.0
2012-10-21,-57.341,-26.857,b15b,0.0
2012-10-22,-57.312,-26.797,b15b,0.0
2012-10-23,-57.299,-26.672,b15b,0.0
2012-10-24,-57.192,-26.665,b15b,0.0
2012-10-25,-57.111,-26.568,b15b,0.0
2012-10-26,-57.026,-26.561,b15b,0.0
2012-10-27,-56.916,-26.568,b15b,0.0
2012-10-28,-56.863,-26.519,b15b,0.0
2012-10-29,-56.775,-26.539,b15b,0.0
2012-10-30,-56.717,-26.486,b15b,0.0
2012-10-31,-56.617,-26.549,b15b,0.0
2012-11-01,-56.544,-26.545,b15b,0.0
2012-11-02,-56.438,-26.584,b15b,0.0
2012-11-03,-56.402,-26.628,b15b,0.0
2012-11-04,-56.351,-26.638,b15b,0.0
2012-11-05,-56.303,-26.605,b15b,0.0
2012-11-06,-56.286,-26.556,b15b,0.0
2012-11-07,-56.248,-26.431,b15b,0.0
2012-11-08,-56.241,-26.378,b15b,0.0
2012-11-09,-56.254,-26.196,b15b,0.0
2012-11-10,-56.272,-26.09,b15b,0.0
2012-11-11,-56.276,-25.991,b15b,0.0
2012-11-12,-56.342,-25.708,b15b,0.0
2012-11-13,-56.423,-25.284,b15b,0.0
2012-11-14,-56.674,-24.703,b15b,0.0
2012-11-15,-56.859,-24.439,b15b,0.0
2012-11-16,-57.068,-24.272,b15b,0.0
2012-11-17,-57.229,-24.054,b15b,0.0
2012-11-18,-57.35,-23.808,b15b,0.0
2012-11-19,-57.46,-23.626,b15b,0.0
2012-11-20,-57.602,-23.486,b15b,0.0
2012-11-21,-57.74,-23.365,b15b,0.0
2012-11-22,-57.867,-23.327,b15b,0.0
2012-11-23,-57.978,-23.233,b15b,0.0
2012-11-24,-58.223,-23.259,b15b,0.0
2012-11-25,-58.455,-23.334,b15b,0.0
2012-11-26,-58.753,-23.393,b15b,0.0
2012-11-27,-58.858,-23.242,b15b,0.0
2012-11-28,-58.845,-22.938,b15b,0.0
2012-11-29,-58.803,-22.707,b15b,0.0
2012-11-30,-58.655,-22.455,b15b,0.0
2012-12-01,-58.513,-22.372,b15b,0.0
2012-12-02,-58.373,-22.299,b15b,0.0
2012-12-03,-58.309,-22.338,b15b,0.0
2012-12-04,-58.145,-22.282,b15b,0.0
2012-12-05,-57.983,-21.994,b15b,0.0
2012-12-06,-57.923,-21.889,b15b,0.0
2012-12-07,-57.841,-21.758,b15b,0.0
2012-12-08,-57.767,-21.79,b15b,0.0
2012-12-09,-57.685,-21.805,b15b,0.0
2012-12-10,-57.583,-21.833,b15b,0.0
2012-12-11,-57.405,-22.075,b15b,0.0
2012-12-12,-57.297,-22.136,b15b,0.0
2012-12-13,-57.14,-22.175,b15b,0.0
2012-12-14,-57.024,-22.228,b15b,0.0
2012-12-15,-56.875,-22.191,b15b,0.0
2012-12-16,-56.74,-22.207,b15b,0.0
2012-12-17,-56.699,-22.006,b15b,0.0
2012-12-18,-56.635,-21.883,b15b,0.0
2012-12-19,-56.623,-21.663,b15b,0.0
2012-12-20,-56.615,-21.481,b15b,0.0
2012-12-21,-56.581,-21.293,b15b,0.0
2012-12-22,-56.553,-21.21,b15b,0.0
2012-12-23,-56.554,-21.166,b15b,0.0
2012-12-24,-56.583,-21.092,b15b,0.0
2012-12-25,-56.606,-20.989,b15b,0.0
2012-12-26,-56.539,-21.029,b15b,0.0
2012-12-27,-56.614,-20.965,b15b,0.0
2012-12-28,-56.529,-20.926,b15b,0.0
2012-12-29,-56.51,-20.886,b15b,0.0
2012-12-30,-56.504,-20.857,b15b,0.0
2012-12-31,-56.527,-20.826,b15b,0.0
2013-01-01,-56.527,-20.771,b15b,0.0
2013-01-02,-56.543,-20.736,b15b,0.0
2013-01-03,-56.577,-20.604,b15b,0.0
2013-01-04,-56.552,-20.642,b15b,0.0
2013-01-05,-56.5,-20.602,b15b,0.0
2013-01-06,-56.477,-20.621,b15b,0.0
2013-01-07,-56.488,-20.563,b15b,0.0
2013-01-08,-56.488,-20.38,b15b,0.0
2013-01-09,-56.488,-20.326,b15b,0.0
2013-01-10,-56.502,-20.335,b15b,0.0
2013-01-11,-56.563,-20.266,b15b,0.0
2013-01-12,-56.601,-20.146,b15b,0.0
2013-01-13,-56.57,-20.089,b15b,0.0
2013-01-14,-56.577,-20.075,b15b,0.0
2013-01-15,-56.659,-19.892,b15b,0.0
2013-01-16,-56.601,-19.891,b15b,0.0
2013-01-17,-56.565,-19.812,b15b,0.0
2013-01-18,-56.583,-19.788,b15b,0.0
2013-01-19,-56.663,-19.749,b15b,0.0
2013-01-20,-56.652,-19.983,b15b,0.0
2013-01-21,-56.734,-19.811,b15b,0.0
2013-01-22,-56.702,-19.672,b15b,0.0
2013-01-23,-56.646,-19.611,b15b,0.0
2013-01-24,-56.619,-19.475,b15b,0.0
2013-01-25,-56.595,-19.358,b15b,0.0
2013-01-26,-56.568,-19.278,b15b,0.0
2013-01-27,-56.434,-19.399,b15b,0.0
2013-01-28,-56.377,-19.429,b15b,0.0
2013-01-29,-56.348,-19.461,b15b,0.0
2013-01-30,-56.309,-19.479,b15b,0.0
2013-01-31,-56.28,-19.469,b15b,0.0
2013-02-01,-56.293,-19.487,b15b,0.0
2013-02-02,-56.252,-19.425,b15b,0.0
2013-02-03,-56.186,-19.313,b15b,0.0
2013-02-04,-56.103,-19.246,b15b,0.0
2013-02-05,-55.967,-19.293,b15b,0.0
2013-02-06,-55.867,-19.287,b15b,0.0
2013-02-07,-55.829,-19.221,b15b,0.0
2013-02-08,-55.736,-19.176,b15b,0.0
2013-02-09,-55.7,-19.135,b15b,0.0
2013-02-10,-55.658,-19.011,b15b,0.0
2013-02-11,-55.637,-18.844,b15b,0.0
2013-02-12,-55.626,-18.631,b15b,0.0
2013-02-13,-55.608,-18.389,b15b,0.0
2013-02-14,-55.676,-17.971,b15b,0.0
2013-02-15,-55.756,-17.688,b15b,0.0
2013-02-16,-55.837,-17.478,b15b,0.0
2013-02-17,-55.911,-17.344,b15b,0.0
2013-02-18,-55.89,-17.333,b15b,0.0
2013-02-19,-55.917,-17.326,b15b,0.0
2013-02-20,-55.96,-17.319,b15b,0.0
2013-02-21,-56.004,-17.22,b15b,0.0
2013-02-22,-56.019,-17.246,b15b,0.0
2013-02-23,-56.005,-17.239,b15b,0.0
2013-02-24,-56.038,-17.239,b15b,0.0
2013-02-25,-56.073,-17.418,b15b,0.0
2013-02-26,-56.082,-17.352,b15b,0.0
2013-02-27,-56.162,-17.397,b15b,0.0
2013-02-28,-56.174,-17.439,b15b,0.0
2013-03-01,-56.208,-17.511,b15b,0.0
2013-03-02,-56.216,-17.64,b15b,0.0
2013-03-03,-56.196,-17.814,b15b,0.0
2013-03-04,-56.152,-18.0,b15b,0.0
2013-03-05,-56.109,-18.112,b15b,0.0
2013-03-06,-56.074,-18.144,b15b,0.0
2013-03-07,-56.051,-18.148,b15b,0.0
2013-03-08,-56.002,-18.066,b15b,0.0
2013-03-09,-56.008,-17.999,b15b,0.0
2013-03-10,-55.981,-17.895,b15b,0.0
2013-03-11,-55.914,-17.751,b15b,0.0
2013-03-12,-55.852,-17.346,b15b,0.0
2013-03-13,-55.969,-16.954,b15b,0.0
2013-03-14,-56.132,-16.584,b15b,0.0
2013-03-15,-56.257,-16.688,b15b,0.0
2013-03-16,-56.373,-16.768,b15b,0.0
2013-03-17,-56.41,-16.896,b15b,0.0
2013-03-18,-56.294,-17.205,b15b,0.0
2013-03-19,-56.15,-17.337,b15b,0.0
2013-03-20,-56.118,-17.089,b15b,0.0
2013-03-21,-56.157,-16.913,b15b,0.0
2013-03-22,-56.23,-16.743,b15b,0.0
2013-03-23,-56.317,-16.524,b15b,0.0
2013-03-24,-56.361,-16.549,b15b,0.0
2013-03-25,-56.326,-16.584,b15b,0.0
2013-03-26,-56.36,-16.566,b15b,0.0
2013-03-27,-56.377,-16.565,b15b,0.0
2013-03-28,-56.391,-16.565,b15b,0.0
2013-03-29,-56.409,-16.628,b15b,0.0
2013-03-30,-56.429,-16.532,b15b,0.0
2013-03-31,-56.429,-16.532,b15b,0.0
2013-04-01,-56.348,-16.542,b15b,0.0
2013-04-02,-56.276,-16.503,b15b,0.0
2013-04-03,-56.33,-16.284,b15b,0.0
2013-04-04,-56.383,-16.294,b15b,0.0
2013-04-05,-56.334,-16.145,b15b,0.0
2013-04-06,-56.354,-16.191,b15b,0.0
2013-04-07,-56.31,-16.15,b15b,0.0
2013-04-08,-56.311,-16.115,b15b,0.0
2013-04-09,-56.314,-16.135,b15b,0.0
2013-04-10,-56.386,-16.137,b15b,0.0
2013-04-11,-56.368,-16.127,b15b,0.0
2013-04-12,-56.366,-16.233,b15b,0.0
2013-04-13,-56.311,-16.044,b15b,0.0
2013-04-14,-56.324,-15.963,b15b,0.0
2013-04-15,-56.311,-15.885,b15b,0.0
2013-04-16,-56.276,-15.921,b15b,0.0
2013-04-17,-56.267,-15.898,b15b,0.0
2013-04-18,-56.362,-15.947,b15b,0.0
2013-04-19,-56.38,-16.027,b15b,0.0
2013-04-20,-56.391,-16.246,b15b,0.0
2013-04-21,-56.267,-16.181,b15b,0.0
2013-04-22,-56.186,-16.209,b15b,0.0
2013-04-23,-56.186,-16.103,b15b,0.0
2013-04-24,-56.281,-15.993,b15b,0.0
2013-04-25,-56.305,-16.059,b15b,0.0
2013-04-26,-56.252,-16.085,b15b,0.0
2013-04-27,-56.247,-16.135,b15b,0.0
2013-04-28,-56.306,-16.095,b15b,0.0
2013-04-29,-56.32,-16.155,b15b,0.0
2013-04-30,-56.228,-16.302,b15b,0.0
2013-05-01,-56.101,-16.235,b15b,0.0
2013-05-02,-56.082,-16.102,b15b,0.0
2013-05-03,-56.154,-15.787,b15b,0.0
2013-05-04,-56.278,-15.568,b15b,0.0
2013-05-05,-56.313,-15.339,b15b,0.0
2013-05-06,-56.298,-15.262,b15b,0.0
2013-05-07,-56.273,-15.127,b15b,0.0
2013-05-08,-56.313,-15.182,b15b,0.0
2013-05-09,-56.376,-15.195,b15b,0.0
2013-05-10,-56.477,-15.262,b15b,0.0
2013-05-11,-56.536,-15.362,b15b,0.0
2013-05-12,-56.535,-15.539,b15b,0.0
2013-05-13,-56.521,-15.585,b15b,0.0
2013-05-14,-56.516,-15.618,b15b,0.0
2013-05-15,-56.463,-15.787,b15b,0.0
2013-05-16,-56.33,-15.789,b15b,0.0
2013-05-17,-56.197,-15.704,b15b,0.0
2013-05-18,-56.179,-15.431,b15b,0.0
2013-05-19,-56.205,-15.392,b15b,0.0
2013-05-20,-56.397,-15.576,b15b,0.0
2013-05-21,-56.304,-15.706,b15b,0.0
2013-05-22,-56.222,-15.576,b15b,0.0
2013-05-23,-56.267,-15.44,b15b,0.0
2013-05-24,-56.348,-15.551,b15b,0.0
2013-05-25,-56.4,-15.79,b15b,0.0
2013-05-26,-56.378,-15.814,b15b,0.0
2013-05-27,-56.325,-15.698,b15b,0.0
2013-05-28,-56.324,-15.663,b15b,0.0
2013-05-29,-56.392,-15.661,b15b,0.0
2013-05-30,-56.435,-15.772,b15b,0.0
2013-05-31,-56.424,-15.944,b15b,0.0
2013-06-01,-56.335,-16.075,b15b,0.0
2013-06-02,-56.264,-15.914,b15b,0.0
2013-06-03,-56.291,-15.787,b15b,0.0
2013-06-04,-56.371,-15.793,b15b,0.0
2013-06-05,-56.504,-15.949,b15b,0.0
2013-06-06,-56.381,-16.277,b15b,0.0
2013-06-07,-56.255,-16.298,b15b,0.0
2013-06-08,-56.248,-16.046,b15b,0.0
2013-06-09,-56.305,-16.042,b15b,0.0
2013-06-10,-56.344,-16.221,b15b,0.0
2013-06-11,-56.251,-16.296,b15b,0.0
2013-06-12,-56.221,-16.156,b15b,0.0
2013-06-13,-56.314,-16.081,b15b,0.0
2013-06-14,-56.328,-16.213,b15b,0.0
2013-06-15,-56.268,-16.34,b15b,0.0
2013-06-16,-56.242,-16.203,b15b,0.0
2013-06-17,-56.311,-16.186,b15b,0.0
2013-06-18,-56.301,-16.287,b15b,0.0
2013-06-19,-56.258,-16.388,b15b,0.0
2013-06-20,-56.167,-16.287,b15b,0.0
2013-06-21,-56.203,-16.111,b15b,0.0
2013-06-22,-56.354,-15.872,b15b,0.0
2013-06-23,-56.448,-16.187,b15b,0.0
2013-06-24,-56.474,-16.392,b15b,0.0
2013-06-25,-56.505,-16.41,b15b,0.0
2013-06-26,-56.525,-16.394,b15b,0.0
2013-06-27,-56.494,-16.43,b15b,0.0
2013-06-28,-56.31,-16.262,b15b,0.0
2013-06-29,-56.205,-16.053,b15b,0.0
2013-06-30,-56.172,-15.893,b15b,0.0
2013-07-01,-56.188,-15.686,b15b,0.0
2013-07-02,-56.19,-15.565,b15b,0.0
2013-07-03,-56.282,-15.488,b15b,0.0
2013-07-04,-56.367,-15.444,b15b,0.0
2013-07-05,-56.461,-15.381,b15b,0.0
2013-07-06,-56.501,-15.364,b15b,0.0
2013-07-07,-56.545,-15.352,b15b,0.0
2013-07-08,-56.574,-15.399,b15b,0.0
2013-07-09,-56.674,-15.395,b15b,0.0
2013-07-10,-56.714,-15.434,b15b,0.0
2013-07-11,-56.766,-15.424,b15b,0.0
2013-07-12,-56.777,-15.322,b15b,0.0
2013-07-13,-56.781,-15.235,b15b,0.0
2013-07-14,-56.773,-15.159,b15b,0.0
2013-07-15,-56.814,-14.983,b15b,0.0
2013-07-16,-56.774,-14.731,b15b,0.0
2013-07-17,-56.725,-14.281,b15b,0.0
2013-07-18,-56.616,-14.178,b15b,0.0
2013-07-19,-56.503,-14.074,b15b,0.0
2013-07-20,-56.436,-14.15,b15b,0.0
2013-07-21,-56.43,-14.372,b15b,0.0
2013-07-22,-56.436,-14.431,b15b,0.0
2013-07-23,-56.473,-14.307,b15b,0.0
2013-07-24,-56.385,-14.143,b15b,0.0
2013-07-25,-56.318,-14.096,b15b,0.0
2013-07-26,-56.242,-14.026,b15b,0.0
2013-07-27,-56.162,-13.851,b15b,0.0
2013-07-28,-56.1,-13.72,b15b,0.0
2013-07-29,-55.968,-13.662,b15b,0.0
2013-07-30,-55.796,-13.485,b15b,0.0
2013-07-31,-55.649,-13.269,b15b,0.0
2013-08-01,-55.484,-13.133,b15b,0.0
2013-08-02,-55.19,-12.945,b15b,0.0
2013-08-03,-55.184,-12.977,b15b,0.0
2013-08-04,-54.943,-12.997,b15b,0.0
2013-08-05,-54.933,-13.077,b15b,0.0
2013-08-06,-54.765,-12.909,b15b,0.0
2013-08-07,-54.67,-12.756,b15b,0.0
2013-08-08,-54.575,-12.67,b15b,0.0
2013-08-09,-54.504,-12.791,b15b,0.0
2013-08-10,-54.506,-12.923,b15b,0.0
2013-08-11,-54.524,-12.996,b15b,0.0
2013-08-12,-54.605,-13.061,b15b,0.0
2013-08-13,-54.641,-13.175,b15b,0.0
2013-08-14,-54.697,-13.248,b15b,0.0
2013-08-15,-54.699,-13.282,b15b,0.0
2013-08-16,-54.721,-13.257,b15b,0.0
2013-08-17,-54.716,-13.056,b15b,0.0
2013-08-18,-54.5,-12.735,b15b,0.0
2013-08-19,-54.473,-12.861,b15b,0.0
2013-08-20,-54.351,-13.043,b15b,0.0
2013-08-21,-54.314,-13.176,b15b,0.0
2013-08-22,-54.181,-13.319,b15b,0.0
2013-08-23,-54.074,-13.182,b15b,0.0
2013-08-24,-54.004,-13.35,b15b,0.0
2013-08-25,-53.999,-13.437,b15b,0.0
2013-08-26,-54.008,-13.489,b15b,0.0
2013-08-27,-53.977,-13.575,b15b,0.0
2013-08-28,-53.935,-13.646,b15b,0.0
2013-08-29,-53.918,-13.629,b15b,0.0
2013-08-30,-53.911,-13.588,b15b,0.0
2013-08-31,-53.912,-13.49,b15b,0.0
2013-09-01,-53.838,-13.46,b15b,0.0
2013-09-02,-53.788,-13.522,b15b,0.0
2013-09-03,-53.723,-13.576,b15b,0.0
2013-09-04,-53.609,-13.554,b15b,0.0
2013-09-05,-53.472,-13.651,b15b,0.0
2013-09-06,-53.4,-13.621,b15b,0.0
2013-09-07,-53.33,-13.601,b15b,0.0
2013-09-08,-53.248,-13.464,b15b,0.0
2013-09-09,-53.159,-13.405,b15b,0.0
2013-09-10,-53.129,-13.154,b15b,0.0
2013-09-11,-53.083,-13.074,b15b,0.0
2013-09-12,-53.023,-12.853,b15b,0.0
2013-09-13,-52.839,-12.635,b15b,0.0
2013-09-14,-52.751,-12.65,b15b,0.0
2013-09-15,-53.088,-12.914,b15b,0.0
2013-09-16,-52.723,-12.671,b15b,0.0
2013-09-17,-52.627,-12.534,b15b,0.0
2013-09-18,-52.532,-12.523,b15b,0.0
2013-09-19,-52.513,-12.743,b15b,0.0
2013-09-20,-52.541,-12.752,b15b,0.0
2013-09-21,-52.562,-12.752,b15b,0.0
2013-09-22,-52.623,-12.821,b15b,0.0
2013-09-23,-52.706,-12.923,b15b,0.0
2013-09-24,-52.755,-12.886,b15b,0.0
2013-09-25,-52.762,-12.645,b15b,0.0
2013-09-26,-52.763,-12.592,b15b,0.0
2013-09-27,-52.605,-12.636,b15b,0.0
2013-09-28,-52.547,-12.755,b15b,0.0
2013-09-29,-52.55,-12.779,b15b,0.0
2013-09-30,-52.576,-12.733,b15b,0.0
2013-10-01,-52.579,-12.782,b15b,0.0
2013-10-02,-52.598,-12.813,b15b,0.0
2013-10-03,-52.614,-12.834,b15b,0.0
2013-10-04,-52.579,-12.844,b15b,0.0
2013-10-05,-52.512,-12.881,b15b,0.0
2013-10-06,-52.471,-12.905,b15b,0.0
2013-10-07,-52.477,-12.954,b15b,0.0
2013-10-08,-52.443,-12.909,b15b,0.0
2013-10-09,-52.442,-12.893,b15b,0.0
2013-10-10,-52.472,-12.889,b15b,0.0
2013-10-11,-52.468,-12.841,b15b,0.0
2013-10-12,-52.497,-12.813,b15b,0.0
2013-10-13,-52.448,-12.631,b15b,0.0
2013-10-14,-52.449,-12.479,b15b,0.0
2013-10-15,-52.453,-12.334,b15b,0.0
2013-10-16,-52.458,-12.197,b15b,0.0
2013-10-17,-52.465,-12.066,b15b,0.0
2013-10-18,-52.432,-12.294,b15b,0.0
2013-10-19,-52.441,-12.192,b15b,0.0
2013-10-20,-52.456,-12.069,b15b,0.0
2013-10-21,-52.474,-11.932,b15b,0.0
2013-10-22,-52.493,-11.786,b15b,0.0
2013-10-23,-52.51,-11.642,b15b,0.0
2013-10-24,-52.476,-11.491,b15b,0.0
2013-10-25,-52.398,-11.336,b15b,0.0
2013-10-26,-52.351,-11.156,b15b,0.0
2013-10-27,-52.357,-10.876,b15b,0.0
2013-10-28,-52.364,-10.589,b15b,0.0
2013-10-29,-52.358,-10.406,b15b,0.0
2013-10-30,-52.314,-10.181,b15b,0.0
2013-10-31,-52.269,-10.024,b15b,0.0
2013-11-01,-52.272,-9.999,b15b,0.0
2013-11-02,-52.195,-9.858,b15b,0.0
2013-11-03,-52.117,-9.883,b15b,0.0
2013-11-04,-52.013,-9.759,b15b,0.0
2013-11-05,-51.988,-9.849,b15b,0.0
2013-11-06,-51.951,-9.8,b15b,0.0
2013-11-07,-51.9,-9.751,b15b,0.0
2013-11-08,-51.817,-9.733,b15b,0.0
2013-11-09,-51.719,-9.712,b15b,0.0
2013-11-10,-51.681,-9.641,b15b,0.0
2013-11-11,-51.666,-9.644,b15b,0.0
2013-11-12,-51.663,-9.483,b15b,0.0
2013-11-13,-51.7,-9.392,b15b,0.0
2013-11-14,-51.695,-9.329,b15b,0.0
2013-11-15,-51.711,-9.284,b15b,0.0
2013-11-16,-51.617,-8.617,b15b,0.0
2013-11-17,-51.429,-8.677,b15b,0.0
2013-11-18,-51.384,-8.408,b15b,0.0
2013-11-19,-51.223,-8.287,b15b,0.0
2013-11-20,-51.176,-8.085,b15b,0.0
2013-11-21,-51.08,-8.052,b15b,0.0
2013-11-22,-51.055,-7.959,b15b,0.0
2013-11-23,-51.01,-7.854,b15b,0.0
2013-11-24,-50.924,-7.659,b15b,0.0
2013-11-25,-50.873,-7.7,b15b,0.0
2013-11-26,-50.816,-7.741,b15b,0.0
2013-11-27,-50.815,-7.693,b15b,0.0
2013-11-28,-50.759,-7.654,b15b,0.0
2013-11-29,-50.837,-7.686,b15b,0.0
2013-11-30,-50.739,-7.57,b15b,0.0
2013-12-01,-50.734,-7.518,b15b,0.0
2013-12-02,-50.733,-7.451,b15b,0.0
2013-12-03,-50.777,-7.332,b15b,0.0
2013-12-04,-50.876,-7.252,b15b,0.0
2013-12-05,-50.951,-6.999,b15b,0.0
2013-12-06,-50.939,-6.954,b15b,0.0
2013-12-07,-50.841,-6.699,b15b,0.0
2013-12-08,-50.849,-6.682,b15b,0.0
2013-12-09,-50.803,-6.546,b15b,0.0
2013-12-10,-50.73,-6.32,b15b,0.0
2013-12-11,-50.596,-6.17,b15b,0.0
2013-12-12,-50.541,-5.944,b15b,0.0
2013-12-13,-50.49,-5.665,b15b,0.0
2013-12-14,-50.391,-5.336,b15b,0.0
2013-12-15,-50.368,-5.135,b15b,0.0
2013-12-16,-50.359,-4.947,b15b,0.0
2013-12-17,-50.323,-4.717,b15b,0.0
2013-12-18,-50.181,-4.691,b15b,0.0
2013-12-19,-49.907,-4.673,b15b,0.0
2013-12-20,-49.573,-4.659,b15b,0.0
2013-12-21,-49.247,-4.651,b15b,0.0
2013-12-22,-49.0,-4.646,b15b,0.0
2013-12-23,-48.902,-4.645,b15b,0.0
2013-12-24,-48.944,-5.024,b15b,0.0
2013-12-25,-48.944,-5.024,b15b,0.0
2013-12-26,-48.944,-5.024,b15b,0.0
2013-12-27,-48.944,-5.024,b15b,0.0
2013-12-28,-48.815,-5.086,b15b,0.0
2013-12-29,-48.556,-5.221,b15b,0.0
2013-12-30,-48.361,-5.352,b15b,0.0
2013-12-31,-48.281,-5.451,b15b,0.0
2014-01-01,-48.201,-5.589,b15b,0.0
2014-01-02,-48.15,-5.687,b15b,0.0
2014-01-03,-48.082,-5.8,b15b,0.0
2014-01-04,-47.988,-5.933,b15b,0.0
2014-01-05,-47.875,-6.087,b15b,0.0
2014-01-06,-47.745,-6.257,b15b,0.0
2014-01-07,-47.604,-6.439,b15b,0.0
2000-12-10,-75.0,-179.4,b15f,1430.04
2000-12-12,-75.0,-179.405,b15f,1399.29
2000-12-13,-75.0,-179.405,b15f,1368.54
2000-12-14,-75.0,-179.405,b15f,1337.79
2000-12-15,-75.075,-179.544,b15f,1307.04
2000-12-16,-75.075,-179.544,b15f,1276.29
2000-12-17,-75.104,179.969,b15f,1245.54
2000-12-18,-75.104,179.969,b15f,1214.79
2000-12-19,-75.104,179.969,b15f,1184.04
2000-12-20,-75.101,179.684,b15f,1153.29
2000-12-21,-75.101,179.684,b15f,1122.54
2000-12-22,-75.101,179.684,b15f,1091.79
2000-12-23,-75.1,179.287,b15f,1061.04
2000-12-24,-75.15,178.793,b15f,1038.26
2000-12-25,-75.1,179.287,b15f,1012.24
2000-12-26,-75.168,178.972,b15f,984.86
2000-12-27,-75.168,178.972,b15f,946.1
2000-12-28,-75.168,178.972,b15f,915.12
2000-12-29,-75.25,178.858,b15f,882.44
2000-12-30,-75.25,178.858,b15f,847.47
2000-12-31,-75.25,178.858,b15f,802.63
2001-01-01,-75.25,178.858,b15f,764.38
2001-01-02,-75.25,178.858,b15f,725.12
2001-01-03,-75.25,178.858,b15f,684.15
2001-01-04,-75.25,178.858,b15f,642.1
2001-01-05,-75.255,178.59,b15f,598.84
2001-01-06,-75.255,178.59,b15f,554.75
2001-01-07,-75.255,178.59,b15f,503.51
2001-01-08,-75.255,178.59,b15f,452.93
2001-01-09,-75.381,178.489,b15f,406.12
2001-01-10,-75.381,178.489,b15f,358.18
2001-01-11,-75.381,178.489,b15f,321.23
2001-01-12,-75.404,178.998,b15f,285.04
2001-01-13,-75.404,178.998,b15f,250.76
2001-01-14,-75.452,178.949,b15f,235.56
2001-01-15,-75.452,178.964,b15f,225.53
2001-01-16,-75.452,178.979,b15f,196.75
2001-01-17,-75.452,178.993,b15f,186.85
2001-01-18,-75.452,179.008,b15f,164.6
2001-01-19,-75.452,179.023,b15f,147.99
2001-01-20,-75.452,179.036,b15f,133.25
2001-01-21,-75.452,179.049,b15f,133.94
2001-01-22,-75.419,179.119,b15f,127.8
2001-01-23,-75.419,179.119,b15f,127.84
2001-01-24,-75.419,179.119,b15f,130.19
2001-01-25,-75.419,179.119,b15f,150.44
2001-01-26,-75.419,179.119,b15f,164.06
2001-01-27,-75.419,179.119,b15f,186.9
2001-01-28,-75.419,179.119,b15f,211.37
2001-01-29,-75.419,179.119,b15f,240.57
2001-01-30,-75.419,179.119,b15f,270.52
2001-01-31,-75.408,179.196,b15f,304.87
2001-02-01,-75.408,179.196,b15f,341.55
2001-02-02,-75.408,179.196,b15f,379.29
2001-02-03,-75.408,179.196,b15f,416.84
2001-02-04,-75.378,179.392,b15f,454.98
2001-02-05,-75.372,179.389,b15f,492.81
2001-02-06,-75.363,179.382,b15f,530.6
2001-02-07,-75.353,179.372,b15f,568.74
2001-02-08,-75.344,179.362,b15f,606.59
2001-02-09,-75.336,179.352,b15f,652.79
2001-02-10,-75.33,179.345,b15f,689.0
2001-02-11,-75.328,179.342,b15f,733.11
2001-02-12,-75.274,179.288,b15f,774.43
2001-02-13,-75.274,179.288,b15f,812.78
2001-02-14,-75.274,179.288,b15f,843.59
2001-02-15,-75.274,179.288,b15f,870.55
2001-02-16,-75.274,179.288,b15f,896.92
2001-02-17,-75.274,179.288,b15f,919.23
2001-02-18,-75.274,179.288,b15f,941.2
2001-02-19,-75.247,179.276,b15f,955.84
2001-02-20,-75.247,179.276,b15f,970.19
2001-02-21,-75.247,179.276,b15f,975.42
2001-02-22,-75.247,179.276,b15f,981.44
2001-02-23,-75.247,179.276,b15f,982.96
2001-02-24,-75.247,179.276,b15f,984.91
2001-02-25,-75.247,179.276,b15f,982.6
2001-02-26,-75.247,179.276,b15f,981.7
2001-02-27,-75.247,179.276,b15f,977.73
2001-02-28,-75.247,179.276,b15f,983.75
2001-03-01,-75.247,179.276,b15f,988.45
2001-03-02,-75.247,179.276,b15f,992.51
2001-03-03,-75.247,179.276,b15f,998.49
2001-03-04,-75.274,178.988,b15f,1003.3
2001-03-05,-75.276,178.962,b15f,996.64
2001-03-06,-75.291,178.821,b15f,988.45
2001-03-07,-75.301,178.792,b15f,984.27
2001-03-08,-75.311,178.763,b15f,975.06
2001-03-09,-75.321,178.733,b15f,966.6
2001-03-10,-75.328,178.704,b15f,961.21
2001-03-11,-75.353,178.449,b15f,964.09
2001-03-12,-75.353,178.417,b15f,967.84
2001-03-13,-75.359,178.255,b15f,971.59
2001-03-14,-75.359,178.218,b15f,975.81
2001-03-15,-75.359,178.182,b15f,980.03
2001-03-16,-75.359,178.152,b15f,982.14
2001-03-17,-75.359,178.132,b15f,983.99
2001-03-18,-75.359,178.124,b15f,987.22
2001-03-19,-75.354,178.138,b15f,986.82
2001-03-20,-75.36,177.978,b15f,990.04
2001-03-21,-75.337,178.026,b15f,987.56
2001-03-22,-75.31,178.08,b15f,983.52
2001-03-23,-75.282,178.128,b15f,1003.19
2001-03-24,-75.255,178.164,b15f,1023.84
2001-03-25,-75.175,178.228,b15f,1033.61
2001-03-26,-75.249,178.056,b15f,1044.4
2001-03-27,-75.249,178.056,b15f,1026.07
2001-03-28,-75.095,178.569,b15f,1017.69
2001-03-29,-75.095,178.569,b15f,993.96
2001-03-30,-75.044,177.987,b15f,973.97
2001-03-31,-75.044,177.987,b15f,952.56
2001-04-01,-74.999,177.883,b15f,937.02
2001-04-02,-74.999,177.883,b15f,917.84
2001-04-03,-74.999,177.883,b15f,898.16
2001-04-04,-74.908,178.227,b15f,875.16
2001-04-05,-74.908,178.227,b15f,850.98
2001-04-06,-74.955,177.631,b15f,824.37
2001-04-07,-74.955,177.631,b15f,796.76
2001-04-08,-74.752,177.015,b15f,767.14
2001-04-09,-74.735,177.015,b15f,736.4
2001-04-10,-74.644,176.719,b15f,697.16
2001-04-11,-74.627,176.719,b15f,661.22
2001-04-12,-74.516,176.392,b15f,628.14
2001-04-13,-74.499,176.392,b15f,598.26
2001-04-14,-74.48,176.392,b15f,565.09
2001-04-15,-74.459,176.392,b15f,536.78
2001-04-16,-74.351,176.405,b15f,510.59
2001-04-17,-74.319,176.341,b15f,459.92
2001-04-18,-74.285,176.253,b15f,409.04
2001-04-19,-74.25,176.157,b15f,360.39
2001-04-20,-74.169,176.009,b15f,312.28
2001-04-21,-74.105,176.007,b15f,289.23
2001-04-22,-74.036,175.934,b15f,255.21
2001-04-23,-74.026,175.935,b15f,244.78
2001-04-24,-73.948,175.861,b15f,243.3
2001-04-25,-73.877,175.524,b15f,236.16
2001-04-26,-73.872,175.532,b15f,230.86
2001-04-27,-73.835,175.55,b15f,228.98
2001-04-28,-73.828,175.561,b15f,227.77
2001-04-29,-73.82,175.571,b15f,228.5
2001-04-30,-73.809,175.585,b15f,230.61
2001-05-01,-73.797,175.603,b15f,235.32
2001-05-02,-73.784,175.625,b15f,242.13
2001-05-03,-73.75,175.711,b15f,249.43
2001-05-04,-73.735,175.736,b15f,261.31
2001-05-05,-73.718,175.761,b15f,287.12
2001-05-06,-73.701,175.784,b15f,312.84
2001-05-07,-73.621,175.83,b15f,339.77
2001-05-08,-73.6,175.857,b15f,346.62
2001-05-09,-73.579,175.886,b15f,406.26
2001-05-10,-73.481,176.092,b15f,468.5
2001-05-11,-73.459,176.114,b15f,508.84
2001-05-12,-73.418,176.117,b15f,562.29
2001-05-13,-73.363,176.099,b15f,615.56
2001-05-14,-73.324,176.067,b15f,668.56
2001-05-15,-73.302,176.015,b15f,722.27
2001-05-16,-73.281,175.939,b15f,781.68
2001-05-17,-73.228,175.972,b15f,844.17
2001-05-18,-73.216,175.73,b15f,899.23
2001-05-19,-73.195,175.639,b15f,956.97
2001-05-20,-73.086,175.481,b15f,1014.21
2001-05-21,-73.064,175.414,b15f,1070.94
2001-05-22,-72.986,175.095,b15f,1126.69
2001-05-23,-72.964,175.031,b15f,1181.82
2001-05-24,-72.893,174.715,b15f,1235.85
2001-05-25,-72.811,174.515,b15f,1289.75
2001-05-26,-72.79,174.451,b15f,1345.03
2001-05-27,-72.813,174.462,b15f,1400.86
2001-05-28,-72.703,174.247,b15f,1458.12
2001-05-29,-72.687,174.188,b15f,1509.93
2001-05-30,-72.675,173.977,b15f,1560.42
2001-05-31,-72.66,173.918,b15f,1608.46
2001-06-01,-72.643,173.854,b15f,1663.38
2001-06-02,-72.593,173.623,b15f,1734.96
2001-06-03,-72.569,173.544,b15f,1756.4
2001-06-04,-72.534,173.449,b15f,1773.59
2001-06-05,-72.432,173.355,b15f,1812.13
2001-06-06,-72.375,173.228,b15f,1837.98
2001-06-07,-72.312,173.095,b15f,1863.16
2001-06-08,-72.25,172.961,b15f,1886.78
2001-06-09,-72.1,172.575,b15f,1911.01
2001-06-10,-71.974,172.406,b15f,1932.97
2001-06-11,-72.248,173.113,b15f,1948.69
2001-06-12,-72.248,173.113,b15f,1965.43
2001-06-13,-72.059,172.524,b15f,1977.86
2001-06-14,-72.059,172.524,b15f,1992.79
2001-06-15,-71.761,171.73,b15f,1997.36
2001-06-16,-71.761,171.73,b15f,2000.22
2001-06-17,-71.761,171.73,b15f,1992.93
2001-06-18,-71.761,171.73,b15f,1985.75
2001-06-19,-71.634,171.55,b15f,1979.07
2001-06-20,-71.634,171.55,b15f,1966.55
2001-06-21,-71.494,171.394,b15f,1954.54
2001-06-22,-71.494,171.394,b15f,1941.2
2001-06-23,-71.27,171.044,b15f,1929.32
2001-06-24,-70.989,170.27,b15f,1913.44
2001-06-25,-70.765,169.787,b15f,1897.85
2001-06-26,-70.613,168.968,b15f,1870.33
2001-06-27,-70.494,168.714,b15f,1839.43
2001-06-28,-70.494,168.714,b15f,1805.71
2001-06-29,-70.394,168.345,b15f,1774.48
2001-06-30,-70.394,168.345,b15f,1743.6
2001-07-01,-70.239,167.853,b15f,1713.51
2001-07-02,-70.225,167.828,b15f,1684.03
2001-07-03,-70.212,167.81,b15f,1656.22
2001-07-04,-70.157,167.727,b15f,1625.98
2001-07-05,-70.147,167.713,b15f,1597.64
2001-07-06,-70.137,167.698,b15f,1568.36
2001-07-07,-70.111,167.608,b15f,1536.84
2001-07-08,-70.071,167.452,b15f,1506.97
2001-07-09,-70.046,167.329,b15f,1476.47
2001-07-10,-70.038,167.241,b15f,1454.75
2001-07-11,-69.982,167.059,b15f,1434.41
2001-07-12,-69.975,166.934,b15f,1424.86
2001-07-13,-69.968,166.808,b15f,1414.48
2001-07-14,-69.962,166.691,b15f,1402.29
2001-07-15,-69.955,166.595,b15f,1394.47
2001-07-16,-69.906,166.466,b15f,1384.25
2001-07-17,-69.9,166.4,b15f,1376.98
2001-07-18,-69.905,166.124,b15f,1369.83
2001-07-19,-69.898,166.065,b15f,1362.98
2001-07-20,-69.866,165.803,b15f,1355.69
2001-07-21,-69.855,165.629,b15f,1350.09
2001-07-22,-69.846,165.397,b15f,1349.74
2001-07-23,-69.836,165.07,b15f,1350.16
2001-07-24,-69.819,164.761,b15f,1350.93
2001-07-25,-69.801,164.614,b15f,1352.53
2001-07-26,-69.784,164.465,b15f,1354.66
2001-07-27,-69.704,164.361,b15f,1357.7
2001-07-28,-69.711,164.087,b15f,1358.87
2001-07-29,-69.661,163.901,b15f,1360.62
2001-07-30,-69.722,164.601,b15f,1367.19
2001-07-31,-69.668,164.394,b15f,1376.79
2001-08-01,-69.668,164.394,b15f,1386.65
2001-08-02,-69.668,164.394,b15f,1396.7
2001-08-03,-69.668,164.394,b15f,1403.0
2001-08-04,-69.668,164.394,b15f,1407.28
2001-08-05,-69.668,164.394,b15f,1414.11
2001-08-06,-69.591,164.203,b15f,1419.46
2001-08-07,-69.591,164.203,b15f,1423.91
2001-08-08,-69.569,163.89,b15f,1428.91
2001-08-09,-69.569,163.89,b15f,1434.01
2001-08-10,-69.569,163.89,b15f,1439.96
2001-08-11,-69.453,163.569,b15f,1445.42
2001-08-12,-69.453,163.569,b15f,1453.16
2001-08-13,-69.485,163.314,b15f,1464.18
2001-08-14,-69.467,162.952,b15f,1471.79
2001-08-15,-69.467,162.952,b15f,1477.11
2001-08-16,-69.467,162.952,b15f,1486.62
2001-08-17,-69.467,162.952,b15f,1497.52
2001-08-18,-69.483,162.017,b15f,1507.02
2001-08-19,-69.515,161.543,b15f,1531.65
2001-08-20,-69.51,161.526,b15f,1558.71
2001-08-21,-69.502,161.51,b15f,1574.02
2001-08-22,-69.492,161.496,b15f,1600.66
2001-08-23,-69.482,161.484,b15f,1628.67
2001-08-24,-69.474,161.471,b15f,1664.68
2001-08-25,-69.468,161.458,b15f,1703.17
2001-08-26,-69.449,161.495,b15f,1744.51
2001-08-27,-69.449,161.478,b15f,1785.59
2001-08-28,-69.449,161.457,b15f,1824.35
2001-08-29,-69.449,161.434,b15f,1872.06
2001-08-30,-69.449,161.413,b15f,1925.22
2001-08-31,-69.449,161.396,b15f,1984.33
2001-09-01,-69.427,161.324,b15f,2034.65
2001-09-02,-69.427,161.32,b15f,2083.69
2001-09-03,-69.427,161.323,b15f,2136.85
2001-09-04,-69.427,161.333,b15f,2204.29
2001-09-05,-69.427,161.346,b15f,2253.54
2001-09-06,-69.427,161.36,b15f,2300.93
2001-09-07,-69.427,161.373,b15f,2342.47
2001-09-08,-69.427,161.383,b15f,2391.28
2001-09-09,-69.427,161.386,b15f,2437.47
2001-09-10,-69.404,161.282,b15f,2481.24
2001-09-11,-69.404,161.275,b15f,2553.31
2001-09-12,-69.404,161.265,b15f,2600.69
2001-09-13,-69.404,161.255,b15f,2667.3
2001-09-14,-69.404,161.245,b15f,2741.16
2001-09-15,-69.404,161.238,b15f,2776.12
2001-09-16,-69.404,161.235,b15f,2828.5
2001-09-17,-69.406,161.236,b15f,2856.75
2001-09-18,-69.409,161.24,b15f,2867.86
2001-09-19,-69.414,161.245,b15f,2875.7
2001-09-20,-69.42,161.25,b15f,2881.65
2001-09-21,-69.425,161.255,b15f,2886.24
2001-09-22,-69.428,161.259,b15f,2892.51
2001-09-23,-69.429,161.26,b15f,2891.83
2001-09-24,-69.428,161.256,b15f,2874.29
2001-09-25,-69.426,161.245,b15f,2852.09
2001-09-26,-69.422,161.231,b15f,2840.26
2001-09-27,-69.417,161.215,b15f,2827.92
2001-09-28,-69.412,161.2,b15f,2804.3
2001-09-29,-69.408,161.189,b15f,2765.69
2001-09-30,-69.404,161.185,b15f,2762.41
2001-10-01,-69.402,161.189,b15f,2756.54
2001-10-02,-69.4,161.198,b15f,2728.45
2001-10-03,-69.397,161.211,b15f,2695.89
2001-10-04,-69.395,161.225,b15f,2689.96
2001-10-05,-69.393,161.239,b15f,2690.27
2001-10-06,-69.391,161.248,b15f,2656.72
2001-10-07,-69.388,161.252,b15f,2646.12
2001-10-08,-69.384,161.25,b15f,2573.08
2001-10-09,-69.38,161.244,b15f,2523.08
2001-10-10,-69.376,161.235,b15f,2526.73
2001-10-11,-69.371,161.224,b15f,2471.71
2001-10-12,-69.365,161.211,b15f,2441.56
2001-10-13,-69.36,161.198,b15f,2420.44
2001-10-14,-69.354,161.185,b15f,2400.33
2001-10-15,-69.409,161.27,b15f,2382.09
2001-10-16,-69.409,161.27,b15f,2366.07
2001-10-17,-69.334,161.009,b15f,2350.08
2001-10-18,-69.334,161.009,b15f,2339.18
2001-10-19,-69.334,161.009,b15f,2335.72
2001-10-20,-69.334,161.009,b15f,2332.68
2001-10-21,-69.334,161.009,b15f,2329.45
2001-10-22,-69.334,161.009,b15f,2327.67
2001-10-23,-69.334,161.009,b15f,2331.08
2001-10-24,-69.334,161.009,b15f,2333.7
2001-10-25,-69.334,161.009,b15f,2316.69
2001-10-26,-69.334,161.009,b15f,2309.5
2001-10-27,-69.334,161.009,b15f,2337.55
2001-10-28,-69.217,160.755,b15f,2361.93
2001-10-29,-69.223,160.769,b15f,2359.02
2001-10-30,-69.237,160.804,b15f,2354.15
2001-10-31,-69.257,160.853,b15f,2356.05
2001-11-01,-69.278,160.906,b15f,2356.73
2001-11-02,-69.297,160.955,b15f,2385.29
2001-11-03,-69.312,160.991,b15f,2375.66
2001-11-04,-69.317,161.005,b15f,2363.91
2001-11-05,-69.317,161.005,b15f,2389.22
2001-11-06,-69.317,161.005,b15f,2406.93
2001-11-07,-69.317,161.005,b15f,2422.85
2001-11-08,-69.317,161.005,b15f,2435.87
2001-11-09,-69.317,161.005,b15f,2426.0
2001-11-10,-69.317,161.005,b15f,2435.67
2001-11-11,-69.317,161.005,b15f,2450.97
2001-11-12,-69.312,160.991,b15f,2434.16
2001-11-13,-69.297,160.955,b15f,2414.1
2001-11-14,-69.278,160.906,b15f,2392.34
2001-11-15,-69.257,160.853,b15f,2368.5
2001-11-16,-69.237,160.804,b15f,2342.55
2001-11-17,-69.223,160.769,b15f,2314.89
2001-11-18,-69.217,160.755,b15f,2241.76
2001-11-19,-69.217,160.755,b15f,2210.26
2001-11-20,-69.217,160.755,b15f,2135.77
2001-11-21,-69.217,160.755,b15f,2081.74
2001-11-22,-69.217,160.755,b15f,1993.15
2001-11-23,-69.217,160.755,b15f,1942.01
2001-11-24,-69.217,160.755,b15f,1883.2
2001-11-25,-69.217,160.755,b15f,1817.33
2001-11-26,-69.223,160.771,b15f,1733.46
2001-11-27,-69.237,160.814,b15f,1671.63
2001-11-28,-69.257,160.873,b15f,1616.51
2001-11-29,-69.278,160.937,b15f,1561.03
2001-11-30,-69.297,160.995,b15f,1488.08
2001-12-01,-69.312,161.038,b15f,1419.8
2001-12-02,-69.317,161.055,b15f,1359.0
2001-12-03,-69.312,161.038,b15f,1308.96
2001-12-04,-69.297,160.995,b15f,1268.01
2001-12-05,-69.278,160.937,b15f,1203.11
2001-12-06,-69.257,160.873,b15f,1136.99
2001-12-07,-69.237,160.814,b15f,1102.27
2001-12-08,-69.223,160.771,b15f,1071.75
2001-12-09,-69.217,160.755,b15f,1042.81
2001-12-10,-69.334,161.009,b15f,991.64
2001-12-11,-69.334,161.009,b15f,972.41
2001-12-12,-69.334,161.009,b15f,959.47
2001-12-13,-69.334,161.009,b15f,966.15
2001-12-14,-69.334,161.009,b15f,991.79
2001-12-15,-69.334,161.009,b15f,1027.2
2001-12-16,-69.334,161.009,b15f,1036.71
2001-12-17,-69.334,161.009,b15f,1103.13
2001-12-18,-69.334,161.009,b15f,1138.18
2001-12-19,-69.334,161.009,b15f,1178.7
2001-12-20,-69.334,161.009,b15f,1226.8
2001-12-21,-69.334,161.009,b15f,1283.2
2001-12-22,-69.334,161.009,b15f,1319.87
2001-12-23,-69.334,161.009,b15f,1359.4
2001-12-24,-69.334,161.009,b15f,1388.06
2001-12-25,-69.334,161.009,b15f,1438.12
2001-12-26,-69.334,161.009,b15f,1490.4
2001-12-27,-69.334,161.009,b15f,1531.26
2001-12-28,-69.334,161.009,b15f,1564.31
2001-12-29,-69.334,161.009,b15f,1617.19
2001-12-30,-69.334,161.009,b15f,1665.99
2001-12-31,-69.334,161.009,b15f,1718.73
2002-01-01,-69.334,161.009,b15f,1767.4
2002-01-02,-69.334,161.009,b15f,1816.69
2002-01-03,-69.334,161.009,b15f,1862.7
2002-01-04,-69.334,161.009,b15f,1934.91
2002-01-05,-69.334,161.009,b15f,1978.16
2002-01-06,-69.317,160.955,b15f,2016.7
2002-01-07,-69.334,161.009,b15f,2075.01
2002-01-08,-69.334,161.009,b15f,2077.01
2002-01-09,-69.334,161.009,b15f,2101.31
2002-01-10,-69.334,161.009,b15f,2124.36
2002-01-11,-69.334,161.009,b15f,2129.94
2002-01-12,-69.334,161.009,b15f,2130.86
2002-01-13,-69.334,161.009,b15f,2130.82
2002-01-14,-69.334,161.009,b15f,2128.25
2002-01-15,-69.334,161.009,b15f,2138.96
2002-01-16,-69.334,161.009,b15f,2146.42
2002-01-17,-69.334,161.009,b15f,2148.2
2002-01-18,-69.334,161.009,b15f,2158.67
2002-01-19,-69.334,161.009,b15f,2159.6
2002-01-20,-69.317,160.955,b15f,2155.12
2002-01-21,-69.317,160.957,b15f,2152.02
2002-01-22,-69.317,160.965,b15f,2147.41
2002-01-23,-69.317,160.974,b15f,2135.37
2002-01-24,-69.317,160.985,b15f,2130.61
2002-01-25,-69.317,160.995,b15f,2119.71
2002-01-26,-69.317,161.002,b15f,2108.74
2002-01-27,-69.317,161.005,b15f,2090.83
2002-01-28,-69.334,161.009,b15f,2085.95
2002-01-29,-69.334,161.009,b15f,2079.2
2002-01-30,-69.334,161.009,b15f,2070.16
2002-01-31,-69.334,161.009,b15f,2061.94
2002-02-01,-69.334,161.009,b15f,2060.33
2002-02-02,-69.334,161.009,b15f,2055.59
2002-02-03,-69.334,161.009,b15f,2056.19
2002-02-04,-69.334,161.009,b15f,2052.54
2002-02-05,-69.334,161.009,b15f,2061.15
2002-02-06,-69.334,161.009,b15f,2075.68
2002-02-07,-69.334,161.009,b15f,2089.0
2002-02-08,-69.334,161.009,b15f,2094.0
2002-02-09,-69.334,161.009,b15f,2092.84
2002-02-10,-69.334,161.009,b15f,2088.4
2002-02-11,-69.334,161.009,b15f,2092.85
2002-02-12,-69.334,161.009,b15f,2088.74
2002-02-13,-69.334,161.009,b15f,2084.48
2002-02-14,-69.334,161.009,b15f,2081.95
2002-02-15,-69.334,161.009,b15f,2077.82
2002-02-16,-69.334,161.009,b15f,2076.41
2002-02-17,-69.334,161.009,b15f,2073.28
2002-02-18,-69.334,161.009,b15f,2068.18
2002-02-19,-69.334,161.009,b15f,2060.64
2002-02-20,-69.334,161.009,b15f,2051.41
2002-02-21,-69.334,161.009,b15f,2045.67
2002-02-22,-69.334,161.009,b15f,1989.47
2002-02-23,-69.334,161.009,b15f,1963.7
2002-02-24,-69.334,161.009,b15f,1901.53
2002-02-25,-69.334,161.009,b15f,1864.1
2002-02-26,-69.334,161.009,b15f,1822.58
2002-02-27,-69.334,161.009,b15f,1772.3
2002-02-28,-69.334,161.009,b15f,1716.33
2002-03-01,-69.334,161.009,b15f,1655.13
2002-03-02,-69.334,161.009,b15f,1577.51
2002-03-03,-69.267,160.855,b15f,1485.21
2002-03-04,-69.334,161.009,b15f,1391.18
2002-03-05,-69.334,161.009,b15f,1305.47
2002-03-06,-69.334,161.009,b15f,1231.27
2002-03-07,-69.216,160.706,b15f,1161.17
2002-03-08,-69.216,160.706,b15f,1082.86
2002-03-09,-69.216,160.706,b15f,1015.04
2002-03-10,-69.216,160.706,b15f,948.05
2002-03-11,-69.216,160.706,b15f,881.45
2002-03-12,-69.216,160.706,b15f,812.42
2002-03-13,-69.216,160.706,b15f,751.92
2002-03-14,-69.216,160.706,b15f,685.4
2002-03-15,-69.216,160.706,b15f,621.25
2002-03-16,-69.216,160.706,b15f,565.4
2002-03-17,-69.216,160.706,b15f,511.37
2002-03-18,-69.216,160.706,b15f,460.04
2002-03-19,-69.216,160.706,b15f,447.8
2002-03-20,-69.216,160.706,b15f,405.84
2002-03-21,-69.216,160.706,b15f,401.9
2002-03-22,-69.216,160.706,b15f,359.77
2002-03-23,-69.216,160.706,b15f,321.42
2002-03-24,-69.216,160.706,b15f,292.52
2002-03-25,-69.216,160.706,b15f,286.28
2002-03-26,-69.216,160.706,b15f,287.47
2002-03-27,-69.216,160.706,b15f,291.81
2002-03-28,-69.216,160.706,b15f,316.06
2002-03-29,-69.216,160.706,b15f,329.02
2002-03-30,-69.216,160.706,b15f,359.64
2002-03-31,-69.216,160.706,b15f,388.26
2002-04-01,-69.216,160.706,b15f,395.05
2002-04-02,-69.216,160.706,b15f,396.56
2002-04-03,-69.216,160.706,b15f,432.78
2002-04-04,-69.216,160.706,b15f,471.22
2002-04-05,-69.216,160.706,b15f,514.87
2002-04-06,-69.216,160.706,b15f,531.71
2002-04-07,-69.216,160.706,b15f,578.04
2002-04-08,-69.216,160.706,b15f,635.02
2002-04-09,-69.216,160.706,b15f,660.27
2002-04-10,-69.216,160.706,b15f,715.16
2002-12-31,-67.2,151.0,b15f,773.01
2003-01-02,-67.209,151.007,b15f,833.32
2003-01-03,-67.209,151.007,b15f,896.26
2003-01-04,-67.209,151.007,b15f,988.85
2003-01-05,-67.755,154.504,b15f,1073.22
2003-01-06,-67.209,151.007,b15f,1169.0
2003-01-07,-67.209,151.007,b15f,1265.35
2003-01-08,-67.209,151.007,b15f,1372.31
2003-01-09,-67.209,151.007,b15f,1459.57
2003-01-10,-67.209,151.007,b15f,1544.77
2003-01-11,-67.209,151.007,b15f,1631.99
2003-01-12,-67.209,151.007,b15f,1710.55
2003-01-13,-67.209,151.007,b15f,1801.56
2003-01-14,-67.209,151.007,b15f,1875.21
2003-01-15,-67.209,151.007,b15f,1947.48
2003-01-16,-67.209,151.007,b15f,2037.79
2003-01-17,-67.209,151.007,b15f,2133.51
2003-01-18,-67.209,151.007,b15f,2197.42
2003-01-19,-67.205,151.104,b15f,2258.44
2003-01-20,-67.212,151.185,b15f,2316.26
2003-01-21,-67.212,151.185,b15f,2401.29
2003-01-22,-67.212,151.185,b15f,2450.19
2003-01-23,-67.212,151.185,b15f,2495.78
2003-01-24,-67.212,151.185,b15f,2570.18
2003-01-25,-67.212,151.185,b15f,2604.37
2003-01-26,-67.706,154.242,b15f,2638.87
2003-01-27,-67.212,151.185,b15f,2669.29
2003-01-28,-67.212,151.185,b15f,2688.67
2003-01-29,-67.212,151.185,b15f,2675.62
2003-01-30,-67.212,151.185,b15f,2673.36
2003-01-31,-67.212,151.185,b15f,2664.93
2003-02-01,-67.212,151.185,b15f,2664.12
2003-02-02,-67.212,151.185,b15f,2651.94
2003-02-03,-67.212,151.185,b15f,2636.3
2003-02-04,-67.212,151.185,b15f,2610.28
2003-02-05,-67.212,151.185,b15f,2594.82
2003-02-06,-67.212,151.185,b15f,2567.73
2003-02-07,-67.212,151.185,b15f,2535.1
2003-02-08,-67.212,151.185,b15f,2457.49
2003-02-09,-67.212,151.185,b15f,2380.68
2003-02-10,-67.212,151.185,b15f,2349.09
2003-02-11,-67.212,151.185,b15f,2318.98
2003-02-12,-67.212,151.185,b15f,2287.47
2003-02-13,-67.212,151.185,b15f,2209.29
2003-02-14,-67.212,151.185,b15f,2131.22
2003-02-15,-67.212,151.185,b15f,2068.51
2003-02-16,-67.231,150.942,b15f,2005.82
2003-02-17,-67.212,151.185,b15f,1943.04
2003-02-18,-67.211,150.562,b15f,1870.61
2003-02-19,-67.211,150.562,b15f,1877.85
2003-02-20,-67.211,150.562,b15f,1811.73
2003-02-21,-67.211,150.562,b15f,1753.48
2003-02-22,-67.211,150.562,b15f,1783.98
2003-02-23,-67.211,150.562,b15f,1822.41
2003-02-24,-67.211,150.562,b15f,1860.79
2003-02-25,-67.211,150.562,b15f,1914.61
2003-02-26,-67.211,150.562,b15f,1953.42
2003-02-27,-67.211,150.562,b15f,1991.5
2003-02-28,-67.211,150.562,b15f,2036.49
2003-03-01,-67.211,150.562,b15f,2114.52
2003-03-02,-67.211,150.562,b15f,2167.56
2003-03-03,-67.211,150.562,b15f,2239.18
2003-03-04,-67.211,150.562,b15f,2334.73
2003-03-05,-67.211,150.562,b15f,2483.26
2003-03-06,-67.211,150.562,b15f,2621.29
2003-03-07,-67.211,150.562,b15f,2743.79
2003-03-08,-67.211,150.562,b15f,2858.95
2003-03-09,-67.211,150.562,b15f,2982.86
2003-03-10,-67.211,150.562,b15f,3170.35
2003-03-11,-67.211,150.562,b15f,3358.0
2003-03-12,-67.211,150.562,b15f,3533.89
2003-03-13,-67.211,150.562,b15f,3703.43
2003-03-14,-67.211,150.562,b15f,3878.89
2003-03-15,-67.211,150.562,b15f,4060.23
2003-03-16,-67.211,150.562,b15f,4173.02
2003-03-17,-67.211,150.562,b15f,4358.75
2003-03-18,-67.211,150.562,b15f,4518.46
2003-03-19,-67.211,150.562,b15f,4600.64
2003-03-20,-67.211,150.562,b15f,4679.72
2003-03-21,-67.211,150.562,b15f,4757.92
2003-03-22,-67.211,150.562,b15f,4831.83
2003-03-23,-67.13,150.606,b15f,4915.28
2003-03-24,-67.211,150.562,b15f,5001.85
2003-03-25,-67.211,150.562,b15f,5088.19
2003-03-26,-67.211,150.562,b15f,5155.92
2003-03-27,-67.211,150.562,b15f,5237.53
2003-03-28,-67.211,150.562,b15f,5314.54
2003-03-29,-67.211,150.562,b15f,5374.7
2003-03-30,-66.797,150.321,b15f,5423.1
2003-03-31,-66.797,150.321,b15f,5446.73
2003-04-01,-66.797,150.321,b15f,5440.36
2003-04-02,-66.797,150.321,b15f,5405.39
2003-04-03,-66.797,150.321,b15f,5351.12
2003-04-04,-66.797,150.321,b15f,5240.43
2003-04-05,-66.797,150.321,b15f,5106.18
2003-04-06,-66.923,150.436,b15f,4947.09
2003-04-07,-66.797,150.321,b15f,4781.06
2003-04-08,-66.797,150.321,b15f,4591.02
2003-04-09,-66.797,150.321,b15f,4398.66
2003-04-10,-66.797,150.321,b15f,4188.31
2003-04-11,-66.797,150.321,b15f,3969.98
2003-04-12,-66.797,150.321,b15f,3762.13
2003-04-13,-66.797,150.321,b15f,3551.51
2003-04-14,-66.797,150.321,b15f,3338.31
2003-04-15,-66.797,150.321,b15f,3123.09
2003-04-16,-66.797,150.321,b15f,2905.13
2003-04-17,-66.797,150.321,b15f,2685.03
2003-04-18,-66.797,150.321,b15f,2462.57
2003-04-19,-66.797,150.321,b15f,2237.94
2003-04-20,-66.898,150.211,b15f,2011.33
2003-04-21,-66.898,150.23,b15f,1783.24
2003-04-22,-66.898,150.28,b15f,1553.76
2003-04-23,-66.898,150.348,b15f,1322.75
2003-04-24,-66.89,150.345,b15f,1094.53
2003-04-25,-66.89,150.39,b15f,899.27
2003-04-26,-66.89,150.423,b15f,708.24
2003-04-27,-66.89,150.436,b15f,551.04
2003-04-28,-66.867,150.307,b15f,401.94
2003-04-29,-66.867,150.307,b15f,292.51
2003-04-30,-66.867,150.307,b15f,206.19
2003-05-01,-66.867,150.307,b15f,144.39
2003-05-02,-66.867,150.307,b15f,92.73
2003-05-03,-66.867,150.307,b15f,59.17
2003-05-04,-66.867,150.307,b15f,33.69
2003-05-05,-66.867,150.307,b15f,19.32
2003-05-06,-66.867,150.307,b15f,0.0
2003-05-07,-66.867,150.307,b15f,0.0
2003-05-08,-66.867,150.307,b15f,0.0
2003-05-09,-66.867,150.307,b15f,0.0
2003-05-10,-66.867,150.307,b15f,0.0
2003-05-11,-66.911,150.471,b15f,0.0
2003-05-12,-66.911,150.466,b15f,0.0
2003-05-13,-66.911,150.452,b15f,0.0
2003-05-14,-66.911,150.432,b15f,0.0
2003-05-15,-66.911,150.411,b15f,0.0
2003-05-16,-66.911,150.391,b15f,0.0
2003-05-17,-66.911,150.377,b15f,0.0
2003-05-18,-66.911,150.371,b15f,0.0
2003-05-19,-66.911,150.371,b15f,0.0
2003-05-20,-66.911,150.371,b15f,0.0
2003-05-21,-66.911,150.371,b15f,0.0
2003-05-22,-66.911,150.371,b15f,0.0
2003-05-23,-66.911,150.371,b15f,0.0
2003-05-24,-66.911,150.371,b15f,0.0
2003-05-25,-66.911,150.371,b15f,0.0
2003-05-26,-66.911,150.374,b15f,11.69
2003-05-27,-66.911,150.381,b15f,12.87
2003-05-28,-66.911,150.391,b15f,17.39
2003-05-29,-66.911,150.402,b15f,19.21
2003-05-30,-66.911,150.412,b15f,28.78
2003-05-31,-66.911,150.419,b15f,40.42
2003-06-01,-66.911,150.421,b15f,55.91
2003-06-02,-66.911,150.419,b15f,73.62
2003-06-03,-66.911,150.412,b15f,86.36
2003-06-04,-66.911,150.402,b15f,99.11
2003-06-05,-66.911,150.391,b15f,114.59
2003-06-06,-66.911,150.381,b15f,126.19
2003-06-07,-66.911,150.374,b15f,138.52
2003-06-08,-66.911,150.371,b15f,151.27
2003-06-09,-66.911,150.371,b15f,162.14
2003-06-10,-66.911,150.371,b15f,220.02
2003-06-11,-66.911,150.371,b15f,282.76
2003-06-12,-66.911,150.371,b15f,347.88
2003-06-13,-66.911,150.371,b15f,369.29
2003-06-14,-66.911,150.371,b15f,395.63
2003-06-15,-66.911,150.371,b15f,468.66
2003-06-16,-66.867,150.307,b15f,543.9
2003-06-17,-66.867,150.307,b15f,618.04
2003-06-18,-66.867,150.307,b15f,693.98
2003-06-19,-66.867,150.307,b15f,769.2
2003-06-20,-66.867,150.307,b15f,842.75
2003-06-21,-66.867,150.307,b15f,950.12
2003-06-22,-66.867,150.307,b15f,1019.74
2003-06-23,-66.867,150.307,b15f,1130.22
2003-06-24,-66.867,150.307,b15f,1242.43
2003-06-25,-66.867,150.307,b15f,1339.35
2003-06-26,-66.867,150.307,b15f,1427.63
2003-06-27,-66.867,150.307,b15f,1522.22
2003-06-28,-66.867,150.307,b15f,1623.37
2003-06-29,-66.911,150.371,b15f,1732.6
2003-06-30,-66.911,150.375,b15f,1834.26
2003-07-01,-66.911,150.385,b15f,1928.02
2003-07-02,-66.911,150.398,b15f,2037.23
2003-07-03,-66.911,150.412,b15f,2089.64
2003-07-04,-66.911,150.425,b15f,2139.61
2003-07-05,-66.911,150.434,b15f,2143.13
2003-07-06,-66.911,150.438,b15f,2136.1
2003-07-07,-66.91,150.433,b15f,2126.21
2003-07-08,-66.905,150.418,b15f,2160.5
2003-07-09,-66.898,150.399,b15f,2189.39
2003-07-10,-66.891,150.377,b15f,2169.61
2003-07-11,-66.885,150.358,b15f,2146.87
2003-07-12,-66.88,150.344,b15f,2089.78
2003-07-13,-66.878,150.338,b15f,2061.43
2003-07-14,-66.867,150.307,b15f,2003.15
2003-07-15,-66.867,150.307,b15f,1944.14
2003-07-16,-66.867,150.307,b15f,1870.57
2003-07-17,-66.867,150.307,b15f,1803.85
2003-07-18,-66.867,150.307,b15f,1718.52
2003-07-19,-66.867,150.307,b15f,1598.86
2003-07-20,-66.867,150.307,b15f,1509.71
2003-07-21,-66.867,150.307,b15f,1423.44
2003-07-22,-66.867,150.307,b15f,1324.32
2003-07-23,-66.867,150.307,b15f,1213.84
2003-07-24,-66.867,150.307,b15f,1099.37
2003-07-25,-66.867,150.307,b15f,987.88
2003-07-26,-66.867,150.307,b15f,885.09
2003-07-27,-66.867,150.307,b15f,765.53
2003-07-28,-66.888,150.396,b15f,700.37
2003-07-29,-66.888,150.396,b15f,639.52
2003-07-30,-66.888,150.396,b15f,578.13
2003-07-31,-66.888,150.396,b15f,522.43
2003-08-01,-66.888,150.396,b15f,467.19
2003-08-02,-66.888,150.396,b15f,411.49
2003-08-03,-66.926,150.464,b15f,356.25
2003-08-04,-66.888,150.396,b15f,303.01
2003-08-05,-66.888,150.396,b15f,250.51
2003-08-06,-66.888,150.396,b15f,233.46
2003-08-07,-66.888,150.396,b15f,185.87
2003-08-08,-66.888,150.396,b15f,168.93
2003-08-09,-66.888,150.396,b15f,152.7
2003-08-10,-66.888,150.396,b15f,117.72
2003-08-11,-66.885,150.342,b15f,110.31
2003-08-12,-66.885,150.342,b15f,83.62
2003-08-13,-66.885,150.342,b15f,82.32
2003-08-14,-66.885,150.342,b15f,63.48
2003-08-15,-66.898,150.309,b15f,49.23
2003-08-16,-66.898,150.309,b15f,40.61
2003-08-17,-66.887,150.237,b15f,43.41
2003-08-18,-66.887,150.237,b15f,43.78
2003-08-19,-66.887,150.237,b15f,48.27
2003-08-20,-66.887,150.237,b15f,57.84
2003-08-21,-66.887,150.237,b15f,70.56
2003-08-22,-66.887,150.237,b15f,79.23
2003-08-23,-66.887,150.237,b15f,85.25
2003-08-24,-66.887,150.237,b15f,95.39
2003-08-25,-66.887,150.237,b15f,104.07
2003-08-26,-66.887,150.237,b15f,110.78
2003-08-27,-66.887,150.237,b15f,116.71
2003-08-28,-66.887,150.237,b15f,149.26
2003-08-29,-66.887,150.237,b15f,157.58
2003-08-30,-66.887,150.237,b15f,194.44
2003-08-31,-66.887,150.237,b15f,233.47
2003-09-01,-66.887,150.237,b15f,273.99
2003-09-02,-66.887,150.237,b15f,316.19
2003-09-03,-66.887,150.237,b15f,358.39
2003-09-04,-66.887,150.237,b15f,403.41
2003-09-05,-66.887,150.237,b15f,449.67
2003-09-06,-66.887,150.237,b15f,505.15
2003-09-07,-67.125,150.291,b15f,563.56
2003-09-08,-67.112,150.297,b15f,622.68
2003-09-09,-67.078,150.31,b15f,677.64
2003-09-10,-67.033,150.328,b15f,726.62
2003-09-11,-66.983,150.349,b15f,781.62
2003-09-12,-66.938,150.368,b15f,836.5
2003-09-13,-66.904,150.384,b15f,892.01
2003-09-14,-66.891,150.391,b15f,941.56
2003-09-15,-66.887,150.237,b15f,986.47
2003-09-16,-66.887,150.237,b15f,1042.5
2003-09-17,-66.887,150.237,b15f,1104.26
2003-09-18,-66.887,150.237,b15f,1165.33
2003-09-19,-66.887,150.237,b15f,1229.11
2003-09-20,-66.887,150.237,b15f,1292.85
2003-09-21,-66.887,150.237,b15f,1361.1
2003-09-22,-66.887,150.237,b15f,1402.47
2003-09-23,-66.887,150.237,b15f,1466.93
2003-09-24,-66.887,150.237,b15f,1503.27
2003-09-25,-66.887,150.237,b15f,1535.49
2003-09-26,-66.887,150.237,b15f,1567.65
2003-09-27,-66.887,150.237,b15f,1594.39
2003-09-28,-66.887,150.237,b15f,1619.6
2003-09-29,-66.887,150.237,b15f,1645.48
2003-09-30,-66.887,150.237,b15f,1669.82
2003-10-01,-66.887,150.237,b15f,1687.08
2003-10-02,-66.887,150.237,b15f,1702.54
2003-10-03,-66.887,150.237,b15f,1711.65
2003-10-04,-66.887,150.237,b15f,1729.36
2003-10-05,-66.887,150.237,b15f,1751.84
2003-10-06,-66.887,150.237,b15f,1763.14
2003-10-07,-66.887,150.237,b15f,1782.98
2003-10-08,-66.887,150.237,b15f,1809.26
2003-10-09,-66.887,150.237,b15f,1828.18
2003-10-10,-66.887,150.237,b15f,1859.58
2003-10-11,-66.887,150.237,b15f,1888.33
2003-10-12,-66.887,150.237,b15f,1919.81
2003-10-13,-66.887,150.237,b15f,1957.1
2003-10-14,-66.887,150.237,b15f,1982.91
2003-10-15,-66.887,150.237,b15f,2023.68
2003-10-16,-66.887,150.237,b15f,2060.53
2003-10-17,-66.887,150.237,b15f,2099.28
2003-10-18,-66.887,150.237,b15f,2151.12
2003-10-19,-66.887,150.237,b15f,2193.22
2003-10-20,-66.887,150.237,b15f,2237.28
2003-10-21,-66.887,150.237,b15f,2281.67
2003-10-22,-66.887,150.237,b15f,2331.71
2003-10-23,-66.887,150.237,b15f,2385.43
2003-10-24,-66.887,150.237,b15f,2439.61
2003-10-25,-66.797,150.321,b15f,2494.1
2003-10-26,-66.797,150.321,b15f,2581.88
2003-10-27,-66.797,150.321,b15f,2635.39
2003-10-28,-66.797,150.321,b15f,2739.73
2003-10-29,-66.797,150.321,b15f,2837.43
2003-10-30,-66.797,150.321,b15f,2926.06
2003-10-31,-66.797,150.321,b15f,3021.42
2003-11-01,-66.797,150.321,b15f,3048.23
2003-11-02,-66.898,150.611,b15f,3097.42
2003-11-03,-66.797,150.321,b15f,3158.11
2003-11-04,-66.797,150.321,b15f,3209.78
2003-11-05,-66.797,150.321,b15f,3258.73
2003-11-06,-66.797,150.321,b15f,3302.39
2003-11-07,-66.797,150.321,b15f,3336.73
2003-11-08,-66.797,150.321,b15f,3380.88
2003-11-09,-66.797,150.321,b15f,3412.32
2003-11-10,-66.797,150.321,b15f,3443.39
2003-11-11,-66.797,150.321,b15f,3499.51
2003-11-12,-66.797,150.321,b15f,3538.13
2003-11-13,-66.797,150.321,b15f,3560.58
2003-11-14,-66.797,150.321,b15f,3606.76
2003-11-15,-66.797,150.321,b15f,3653.27
2003-11-16,-66.797,150.321,b15f,3691.09
2003-11-17,-66.797,150.321,b15f,3732.6
2003-11-18,-66.797,150.321,b15f,3757.98
2003-11-19,-66.797,150.321,b15f,3772.85
2003-11-20,-66.797,150.321,b15f,3739.19
2003-11-21,-66.797,150.321,b15f,3734.26
2003-11-22,-66.797,150.321,b15f,3680.79
2003-11-23,-66.748,150.561,b15f,3624.18
2003-11-24,-66.797,150.321,b15f,3575.38
2003-11-25,-66.797,150.321,b15f,3534.23
2003-11-26,-66.797,150.321,b15f,3551.5
2003-11-27,-66.797,150.321,b15f,3530.04
2003-11-28,-66.797,150.321,b15f,3505.76
2003-11-29,-66.797,150.321,b15f,3489.0
2003-11-30,-66.719,150.69,b15f,3471.08
2003-12-01,-66.719,150.69,b15f,3449.55
2003-12-02,-66.719,150.69,b15f,3359.76
2003-12-03,-66.719,150.69,b15f,3333.89
2003-12-04,-66.719,150.69,b15f,3297.6
2003-12-05,-66.719,150.69,b15f,3265.49
2003-12-06,-66.719,150.69,b15f,3203.08
2003-12-07,-66.719,150.69,b15f,3141.29
2003-12-08,-66.719,150.69,b15f,3099.74
2003-12-09,-66.719,150.69,b15f,3030.18
2003-12-10,-66.719,150.69,b15f,2954.1
2003-12-11,-66.719,150.69,b15f,2881.31
2003-12-12,-66.719,150.69,b15f,2800.18
2003-12-13,-66.719,150.69,b15f,2728.74
2003-12-14,-66.719,150.69,b15f,2676.27
2003-12-15,-66.719,150.69,b15f,2633.11
2003-12-16,-66.719,150.69,b15f,2592.06
2003-12-17,-66.719,150.69,b15f,2553.93
2003-12-18,-66.719,150.69,b15f,2518.01
2003-12-19,-66.719,150.69,b15f,2476.03
2003-12-20,-66.719,150.69,b15f,2430.6
2003-12-21,-66.719,150.69,b15f,2386.15
2003-12-22,-66.719,150.69,b15f,2346.38
2003-12-23,-66.719,150.69,b15f,2308.95
2003-12-24,-66.719,150.69,b15f,2254.05
2003-12-25,-66.719,150.69,b15f,2191.57
2003-12-26,-66.719,150.69,b15f,2132.47
2003-12-27,-66.719,150.69,b15f,2143.0
2003-12-28,-66.719,150.69,b15f,2090.74
2003-12-29,-66.719,150.69,b15f,2042.78
2003-12-30,-66.719,150.69,b15f,1990.89
2003-12-31,-66.719,150.69,b15f,1941.12
2004-01-01,-66.719,150.69,b15f,1898.19
2004-01-02,-66.719,150.69,b15f,1858.11
2004-01-03,-66.719,150.69,b15f,1822.3
2004-01-04,-66.719,150.69,b15f,1787.84
2004-01-05,-66.719,150.69,b15f,1754.45
2004-01-06,-66.719,150.69,b15f,1725.55
2004-01-07,-66.719,150.69,b15f,1696.31
2004-01-08,-66.719,150.69,b15f,1658.92
2004-01-09,-66.719,150.69,b15f,1623.96
2004-01-10,-66.719,150.69,b15f,1588.57
2004-01-11,-66.71,150.445,b15f,1553.34
2004-01-12,-66.719,150.69,b15f,1514.7
2004-01-13,-66.719,150.69,b15f,1485.3
2004-01-14,-66.719,150.69,b15f,1448.13
2004-01-15,-66.719,150.69,b15f,1399.5
2004-01-16,-66.719,150.69,b15f,1351.96
2004-01-17,-66.719,150.69,b15f,1303.39
2004-01-18,-66.733,150.791,b15f,1260.62
2004-01-19,-66.733,150.791,b15f,1225.68
2004-01-20,-66.733,150.791,b15f,1191.63
2004-01-21,-66.733,150.791,b15f,1155.14
2004-01-22,-66.733,150.791,b15f,1116.75
2004-01-23,-66.733,150.791,b15f,1083.12
2004-01-24,-66.733,150.791,b15f,1032.6
2004-01-25,-66.733,150.791,b15f,980.44
2004-01-26,-66.733,150.791,b15f,928.26
2004-01-27,-66.733,150.791,b15f,890.38
2004-01-28,-66.733,150.791,b15f,838.63
2004-01-29,-66.733,150.791,b15f,788.41
2004-01-30,-66.733,150.791,b15f,749.9
2004-01-31,-66.733,150.791,b15f,707.73
2004-02-01,-66.733,150.791,b15f,666.43
2004-02-02,-66.733,150.791,b15f,623.53
2004-02-03,-66.733,150.791,b15f,576.01
2004-02-04,-66.733,150.791,b15f,533.27
2004-02-05,-66.733,150.791,b15f,487.93
2004-02-06,-66.733,150.791,b15f,447.32
2004-02-07,-66.733,150.791,b15f,403.91
2004-02-08,-66.516,150.296,b15f,360.26
2004-02-09,-66.301,149.813,b15f,326.68
2004-02-10,-66.301,149.813,b15f,294.32
2004-02-11,-66.301,149.813,b15f,263.31
2004-02-12,-66.301,149.813,b15f,235.06
2004-02-13,-66.301,149.813,b15f,207.99
2004-02-14,-66.301,149.813,b15f,179.74
2004-02-15,-66.301,149.813,b15f,152.66
2004-02-16,-66.301,149.813,b15f,126.77
2004-02-17,-66.301,149.813,b15f,101.98
2004-02-18,-66.301,149.813,b15f,94.41
2004-02-19,-66.301,149.813,b15f,89.95
2004-02-20,-66.301,149.813,b15f,83.62
2004-02-21,-66.301,149.813,b15f,65.38
2004-02-22,-66.301,149.813,b15f,60.99
2004-02-23,-66.301,149.813,b15f,58.18
2004-02-24,-66.301,149.813,b15f,46.09
2004-02-25,-66.301,149.813,b15f,35.63
2004-02-26,-66.301,149.813,b15f,27.15
2004-02-27,-66.301,149.813,b15f,19.95
2004-02-28,-66.301,149.813,b15f,18.43
2004-02-29,-66.3,149.857,b15f,14.34
2004-03-01,-66.297,149.904,b15f,13.38
2004-03-02,-66.297,149.904,b15f,11.53
2004-03-03,-66.297,149.904,b15f,10.48
2004-03-04,-66.297,149.904,b15f,0.0
2004-03-05,-66.297,149.904,b15f,0.0
2004-03-06,-66.297,149.904,b15f,0.0
2004-03-07,-66.297,149.904,b15f,0.0
2004-03-08,-66.297,149.904,b15f,0.0
2004-03-09,-66.297,149.904,b15f,0.0
2004-03-10,-66.297,149.904,b15f,0.0
2004-03-11,-66.297,149.904,b15f,10.23
2004-03-12,-66.297,149.904,b15f,10.46
2004-03-13,-66.297,149.904,b15f,11.07
2004-03-14,-66.297,149.904,b15f,11.83
2004-03-15,-66.297,149.904,b15f,13.16
2004-03-16,-66.297,149.904,b15f,13.43
2004-03-17,-66.297,149.904,b15f,14.38
2004-03-18,-66.297,149.904,b15f,15.12
2004-03-19,-66.297,149.904,b15f,16.18
2004-03-20,-66.297,149.904,b15f,17.13
2004-03-21,-66.297,149.904,b15f,22.54
2004-03-22,-66.297,149.904,b15f,28.7
2004-03-23,-66.297,149.904,b15f,36.07
2004-03-24,-66.297,149.904,b15f,44.58
2004-03-25,-66.297,149.904,b15f,47.08
2004-03-26,-66.297,149.904,b15f,58.15
2004-03-27,-66.297,149.904,b15f,70.23
2004-03-28,-66.298,149.902,b15f,84.03
2004-03-29,-66.297,149.904,b15f,98.77
2004-03-30,-66.297,149.904,b15f,115.23
2004-03-31,-66.297,149.904,b15f,132.47
2004-04-01,-66.297,149.904,b15f,151.46
2004-04-02,-66.297,149.904,b15f,171.26
2004-04-03,-66.297,149.904,b15f,192.9
2004-04-04,-66.297,149.904,b15f,201.36
2004-04-05,-66.297,149.904,b15f,227.63
2004-04-06,-66.297,149.904,b15f,251.71
2004-04-07,-66.297,149.904,b15f,279.07
2004-04-08,-66.297,149.904,b15f,307.03
2004-04-09,-66.297,149.904,b15f,335.01
2004-04-10,-66.297,149.904,b15f,364.38
2004-04-11,-66.298,150.167,b15f,392.23
2004-04-12,-66.296,150.166,b15f,419.45
2004-04-13,-66.288,150.163,b15f,446.26
2004-04-14,-66.277,150.158,b15f,473.77
2004-04-15,-66.263,150.151,b15f,497.46
2004-04-16,-66.302,150.266,b15f,517.94
2004-04-17,-66.287,150.257,b15f,536.95
2004-04-18,-66.215,150.423,b15f,561.43
2004-04-19,-66.18,150.358,b15f,585.48
2004-04-20,-66.165,150.314,b15f,603.51
2004-04-21,-66.149,150.255,b15f,618.86
2004-04-22,-66.089,150.195,b15f,660.11
2004-04-23,-66.076,150.123,b15f,694.19
2004-04-24,-66.066,150.053,b15f,705.03
2004-04-25,-66.025,149.955,b15f,715.21
2004-04-26,-66.023,149.896,b15f,703.01
2004-04-27,-66.021,149.837,b15f,690.56
2004-04-28,-66.001,149.633,b15f,697.96
2004-04-29,-65.997,149.491,b15f,716.93
2004-04-30,-65.974,149.255,b15f,720.36
2004-05-01,-65.965,149.045,b15f,726.24
2004-05-02,-65.969,148.872,b15f,728.44
2004-05-03,-65.967,148.735,b15f,730.99
2004-05-04,-65.958,148.69,b15f,733.43
2004-05-05,-65.947,148.648,b15f,735.14
2004-05-06,-65.929,148.415,b15f,737.91
2004-05-07,-65.892,148.188,b15f,741.9
2004-05-08,-65.878,148.135,b15f,747.4
2004-05-09,-65.866,148.072,b15f,752.01
2004-05-10,-65.853,147.991,b15f,755.97
2004-05-11,-65.812,147.751,b15f,762.21
2004-05-12,-65.797,147.631,b15f,767.87
2004-05-13,-65.74,147.257,b15f,766.92
2004-05-14,-65.728,147.127,b15f,771.2
2004-05-15,-65.721,147.004,b15f,772.51
2004-05-16,-65.683,146.56,b15f,774.5
2004-05-17,-65.725,146.343,b15f,748.37
2004-05-18,-65.819,145.95,b15f,727.31
2004-05-19,-65.819,145.95,b15f,734.48
2004-05-20,-65.881,145.738,b15f,742.47
2004-05-21,-65.881,145.738,b15f,773.23
2004-05-22,-65.843,145.362,b15f,799.76
2004-05-23,-65.878,145.294,b15f,808.95
2004-05-24,-65.878,145.294,b15f,804.43
2004-05-25,-65.878,145.294,b15f,796.84
2004-05-26,-65.86,144.583,b15f,788.48
2004-05-27,-65.884,144.302,b15f,779.45
2004-05-28,-65.812,144.191,b15f,769.11
2004-05-29,-65.796,143.655,b15f,758.0
2004-05-30,-65.801,143.405,b15f,746.4
2004-05-31,-65.796,143.241,b15f,734.59
2004-06-01,-65.794,143.146,b15f,721.84
2004-06-02,-65.748,142.854,b15f,696.86
2004-06-03,-65.711,142.672,b15f,681.82
2004-06-04,-65.703,142.515,b15f,665.19
2004-06-05,-65.677,142.366,b15f,647.71
2004-06-06,-65.672,142.256,b15f,618.0
2004-06-07,-65.667,142.138,b15f,598.06
2004-06-08,-65.677,141.915,b15f,569.91
2004-06-09,-65.664,141.652,b15f,541.7
2004-06-10,-65.646,141.334,b15f,519.67
2004-06-11,-65.623,141.047,b15f,497.54
2004-06-12,-65.599,140.806,b15f,474.7
2004-06-13,-65.577,140.552,b15f,444.93
2004-06-14,-65.545,140.359,b15f,412.48
2004-06-15,-65.532,140.26,b15f,375.93
2004-06-16,-65.485,140.132,b15f,343.27
2004-06-17,-65.472,139.878,b15f,312.89
2004-06-18,-65.418,139.598,b15f,299.83
2004-06-19,-65.404,139.506,b15f,291.27
2004-06-20,-65.361,139.284,b15f,285.32
2004-06-21,-65.331,139.093,b15f,279.96
2004-06-22,-65.306,138.899,b15f,276.43
2004-06-23,-65.327,139.12,b15f,282.05
2004-06-24,-65.318,139.028,b15f,275.62
2004-06-25,-65.263,138.799,b15f,289.31
2004-06-26,-65.237,138.547,b15f,306.18
2004-06-27,-65.191,138.395,b15f,333.9
2004-06-28,-65.163,138.158,b15f,357.74
2004-06-29,-65.128,137.91,b15f,385.31
2004-06-30,-65.101,137.776,b15f,411.76
2004-07-01,-65.074,137.64,b15f,453.9
2004-07-02,-65.047,137.503,b15f,486.56
2004-07-03,-65.019,137.321,b15f,528.78
2004-07-04,-64.989,137.059,b15f,571.62
2004-07-05,-64.955,136.738,b15f,609.13
2004-07-06,-64.918,136.373,b15f,647.37
2004-07-07,-64.879,135.985,b15f,687.74
2004-07-08,-64.84,135.594,b15f,732.32
2004-07-09,-64.803,135.221,b15f,774.87
2004-07-10,-64.769,134.886,b15f,824.88
2004-07-11,-64.741,134.611,b15f,875.64
2004-07-12,-64.715,134.387,b15f,917.13
2004-07-13,-64.71,134.271,b15f,951.8
2004-07-14,-64.686,134.081,b15f,982.95
2004-07-15,-64.696,133.762,b15f,1015.55
2004-07-16,-64.701,133.506,b15f,1047.57
2004-07-17,-64.717,133.397,b15f,1077.99
2004-07-18,-64.716,133.352,b15f,1097.62
2004-07-19,-64.732,133.307,b15f,1129.11
2004-07-20,-64.745,133.197,b15f,1141.32
2004-07-21,-64.756,133.174,b15f,1150.29
2004-07-22,-64.769,133.156,b15f,1159.0
2004-07-23,-64.782,133.142,b15f,1162.5
2004-07-24,-64.795,133.133,b15f,1163.54
2004-07-25,-64.805,133.13,b15f,1166.68
2004-07-26,-64.814,133.134,b15f,1166.8
2004-07-27,-64.822,133.143,b15f,1168.43
2004-07-28,-64.829,133.156,b15f,1168.27
2004-07-29,-64.837,133.17,b15f,1168.99
2004-07-30,-64.845,133.185,b15f,1167.54
2004-07-31,-64.852,133.197,b15f,1165.26
2004-08-01,-64.86,133.205,b15f,1164.51
2004-08-02,-64.867,133.21,b15f,1158.24
2004-08-03,-64.887,133.345,b15f,1156.66
2004-08-04,-64.893,133.348,b15f,1149.44
2004-08-05,-64.9,133.35,b15f,1141.59
2004-08-06,-64.972,133.406,b15f,1134.24
2004-08-07,-64.981,133.41,b15f,1131.06
2004-08-08,-65.029,133.32,b15f,1125.47
2004-08-09,-65.037,133.502,b15f,1117.25
2004-08-10,-65.061,133.525,b15f,1107.49
2004-08-11,-65.068,133.443,b15f,1098.66
2004-08-12,-65.096,133.474,b15f,1090.85
2004-08-13,-65.112,133.625,b15f,1083.21
2004-08-14,-65.129,133.645,b15f,1076.84
2004-08-15,-65.135,133.653,b15f,1072.17
2004-08-16,-65.187,133.624,b15f,1065.4
2004-08-17,-65.179,133.62,b15f,1054.42
2004-08-18,-65.167,133.615,b15f,1047.7
2004-08-19,-65.154,133.609,b15f,1041.7
2004-08-20,-65.143,133.603,b15f,1034.9
2004-08-21,-65.114,133.732,b15f,1026.31
2004-08-22,-65.111,133.731,b15f,1019.25
2004-08-23,-65.113,133.731,b15f,1012.83
2004-08-24,-65.18,133.644,b15f,1008.57
2004-08-25,-65.188,133.647,b15f,1005.13
2004-08-26,-65.197,133.65,b15f,991.92
2004-08-27,-65.206,133.654,b15f,980.25
2004-08-28,-65.215,133.658,b15f,967.51
2004-08-29,-65.245,133.727,b15f,954.56
2004-08-30,-65.252,133.731,b15f,941.15
2004-08-31,-65.258,133.736,b15f,929.89
2004-09-01,-65.311,133.77,b15f,919.39
2004-09-02,-65.317,133.775,b15f,910.63
2004-09-03,-65.324,133.78,b15f,900.95
2004-09-04,-65.33,133.783,b15f,893.15
2004-09-05,-65.338,133.784,b15f,884.39
2004-09-06,-65.346,133.784,b15f,875.97
2004-09-07,-65.355,133.782,b15f,869.03
2004-09-08,-65.364,133.78,b15f,858.35
2004-09-09,-65.434,133.751,b15f,857.11
2004-09-10,-65.444,133.748,b15f,857.1
2004-09-11,-65.453,133.743,b15f,866.53
2004-09-12,-65.461,133.739,b15f,857.41
2004-09-13,-65.502,133.661,b15f,848.48
2004-09-14,-65.511,133.627,b15f,852.86
2004-09-15,-65.519,133.582,b15f,856.44
2004-09-16,-65.527,133.531,b15f,851.76
2004-09-17,-65.533,133.482,b15f,853.9
2004-09-18,-65.537,133.441,b15f,850.21
2004-09-19,-65.564,133.35,b15f,851.12
2004-09-20,-65.543,133.535,b15f,857.48
2004-09-21,-65.561,133.143,b15f,866.36
2004-09-22,-65.561,133.143,b15f,875.39
2004-09-23,-65.561,133.143,b15f,885.89
2004-09-24,-65.648,132.898,b15f,902.03
2004-09-25,-65.648,132.898,b15f,913.96
2004-09-26,-65.648,132.898,b15f,932.32
2004-09-27,-65.648,132.898,b15f,949.32
2004-09-28,-65.648,132.898,b15f,961.46
2004-09-29,-65.648,132.898,b15f,981.2
2004-09-30,-65.648,132.898,b15f,1000.42
2004-10-01,-65.648,132.898,b15f,1017.2
2004-10-02,-65.648,132.898,b15f,1033.65
2004-10-03,-65.648,132.898,b15f,1045.84
2004-10-04,-65.648,132.898,b15f,1054.36
2004-10-05,-65.648,132.898,b15f,1065.23
2004-10-06,-65.648,132.898,b15f,1070.61
2004-10-07,-65.648,132.898,b15f,1089.08
2004-10-08,-65.648,132.898,b15f,1107.36
2004-10-09,-65.648,132.898,b15f,1112.85
2004-10-10,-65.648,132.898,b15f,1120.05
2004-10-11,-65.648,132.898,b15f,1136.0
2004-10-12,-65.648,132.898,b15f,1130.11
2004-10-13,-65.648,132.898,b15f,1106.26
2004-10-14,-65.648,132.898,b15f,1100.6
2004-10-15,-65.648,132.898,b15f,1097.35
2004-10-16,-65.648,132.898,b15f,1090.5
2004-10-17,-65.648,132.898,b15f,1083.33
2004-10-18,-65.648,132.898,b15f,1056.9
2004-10-19,-65.682,132.793,b15f,1041.29
2004-10-20,-65.682,132.793,b15f,1006.38
2004-10-21,-65.682,132.793,b15f,973.33
2004-10-22,-65.682,132.793,b15f,953.35
2004-10-23,-65.682,132.793,b15f,937.12
2004-10-24,-65.682,132.793,b15f,895.41
2004-10-25,-65.682,132.793,b15f,853.38
2004-10-26,-65.682,132.793,b15f,827.3
2004-10-27,-65.682,132.793,b15f,798.84
2004-10-28,-65.682,132.793,b15f,775.19
2004-10-29,-65.682,132.793,b15f,734.02
2004-10-30,-65.682,132.793,b15f,700.51
2004-10-31,-65.541,132.596,b15f,666.13
2004-11-01,-65.682,132.793,b15f,633.89
2004-11-02,-65.682,132.793,b15f,589.1
2004-11-03,-65.682,132.793,b15f,548.05
2004-11-04,-65.682,132.793,b15f,518.04
2004-11-05,-65.682,132.793,b15f,488.72
2004-11-06,-65.682,132.793,b15f,474.61
2004-11-07,-65.682,132.793,b15f,471.18
2004-11-08,-65.682,132.793,b15f,448.55
2004-11-09,-65.682,132.793,b15f,441.3
2004-11-10,-65.682,132.793,b15f,437.16
2004-11-11,-65.682,132.793,b15f,434.63
2004-11-12,-65.682,132.793,b15f,436.66
2004-11-13,-65.682,132.793,b15f,438.82
2004-11-14,-65.682,132.793,b15f,474.29
2004-11-15,-65.682,132.793,b15f,501.0
2004-11-16,-65.682,132.793,b15f,518.97
2004-11-17,-65.682,132.793,b15f,535.5
2004-11-18,-65.682,132.793,b15f,570.69
2004-11-19,-65.639,132.777,b15f,607.54
2004-11-20,-65.639,132.777,b15f,630.06
2004-11-21,-65.639,132.777,b15f,656.42
2004-11-22,-65.639,132.777,b15f,683.54
2004-11-23,-65.639,132.777,b15f,721.36
2004-11-24,-65.639,132.777,b15f,749.89
2004-11-25,-65.639,132.777,b15f,784.12
2004-11-26,-65.565,132.811,b15f,813.16
2004-11-27,-65.565,132.811,b15f,849.58
2004-11-28,-65.565,132.811,b15f,887.78
2004-11-29,-65.565,132.811,b15f,917.57
2004-11-30,-65.615,132.726,b15f,939.15
2004-12-01,-65.615,132.726,b15f,964.75
2004-12-02,-65.615,132.726,b15f,1002.56
2004-12-03,-65.615,132.726,b15f,1037.31
2004-12-04,-65.615,132.726,b15f,1053.27
2004-12-05,-65.615,132.726,b15f,1067.74
2004-12-06,-65.615,132.726,b15f,1080.92
2004-12-07,-65.615,132.726,b15f,1108.02
2004-12-08,-65.615,132.726,b15f,1117.77
2004-12-09,-65.615,132.726,b15f,1117.09
2004-12-10,-65.615,132.726,b15f,1117.5
2004-12-11,-65.615,132.726,b15f,1114.45
2004-12-12,-65.615,132.726,b15f,1113.53
2004-12-13,-65.615,132.726,b15f,1110.17
2004-12-14,-65.615,132.726,b15f,1106.92
2004-12-15,-65.615,132.726,b15f,1105.07
2004-12-16,-65.615,132.726,b15f,1100.61
2004-12-17,-65.615,132.726,b15f,1096.22
2004-12-18,-65.615,132.726,b15f,1115.24
2004-12-19,-65.615,132.726,b15f,1111.59
2004-12-20,-65.615,132.726,b15f,1129.42
2004-12-21,-65.615,132.726,b15f,1154.15
2004-12-22,-65.615,132.726,b15f,1180.01
2004-12-23,-65.615,132.726,b15f,1162.97
2004-12-24,-65.615,132.726,b15f,1161.22
2004-12-25,-65.615,132.726,b15f,1168.27
2004-12-26,-65.615,132.726,b15f,1171.16
2004-12-27,-65.615,132.726,b15f,1176.52
2004-12-28,-65.615,132.726,b15f,1178.11
2004-12-29,-65.615,132.726,b15f,1188.69
2004-12-30,-65.615,132.726,b15f,1199.09
2004-12-31,-65.615,132.726,b15f,1209.13
2005-01-01,-65.615,132.726,b15f,1219.19
2005-01-02,-65.615,132.726,b15f,1231.27
2005-01-03,-65.615,132.726,b15f,1243.72
2005-01-04,-65.529,132.8,b15f,1255.43
2005-01-05,-65.529,132.8,b15f,1267.49
2005-01-06,-65.529,132.8,b15f,1280.16
2005-01-07,-65.529,132.8,b15f,1295.27
2005-01-08,-65.529,132.8,b15f,1309.89
2005-01-09,-65.529,132.8,b15f,1324.5
2005-01-10,-65.529,132.8,b15f,1340.02
2005-01-11,-65.529,132.8,b15f,1359.36
2005-01-12,-65.529,132.8,b15f,1349.84
2005-01-13,-65.529,132.8,b15f,1365.18
2005-01-14,-65.529,132.8,b15f,1353.29
2005-01-15,-65.529,132.8,b15f,1337.63
2005-01-16,-65.411,132.999,b15f,1324.77
2005-01-17,-65.442,132.998,b15f,1350.01
2005-01-18,-65.442,132.998,b15f,1356.91
2005-01-19,-65.442,132.998,b15f,1361.69
2005-01-20,-65.442,132.998,b15f,1365.18
2005-01-21,-65.442,132.998,b15f,1365.77
2005-01-22,-65.442,132.998,b15f,1369.76
2005-01-23,-65.442,132.998,b15f,1368.65
2005-01-24,-65.442,132.998,b15f,1366.89
2005-01-25,-65.442,132.998,b15f,1364.65
2005-01-26,-65.442,132.998,b15f,1362.3
2005-01-27,-65.442,132.998,b15f,1360.1
2005-01-28,-65.442,132.998,b15f,1357.43
2005-01-29,-65.442,132.998,b15f,1353.07
2005-01-30,-65.442,132.998,b15f,1348.79
2005-01-31,-65.442,132.998,b15f,1341.06
2005-02-01,-65.442,132.998,b15f,1332.09
2005-02-02,-65.442,132.998,b15f,1322.37
2005-02-03,-65.442,132.998,b15f,1312.51
2005-02-04,-65.442,132.998,b15f,1302.45
2005-02-05,-65.442,132.998,b15f,1288.13
2005-02-06,-65.442,132.998,b15f,1278.56
2005-02-07,-65.442,132.998,b15f,1266.97
2005-02-08,-65.442,132.998,b15f,1256.68
2005-02-09,-65.442,132.998,b15f,1247.18
2005-02-10,-65.442,132.998,b15f,1238.33
2005-02-11,-65.442,132.998,b15f,1228.8
2005-02-12,-65.487,132.684,b15f,1218.71
2005-02-13,-65.487,132.684,b15f,1209.08
2005-02-14,-65.487,132.684,b15f,1198.44
2005-02-15,-65.487,132.684,b15f,1189.14
2005-02-16,-65.487,132.684,b15f,1179.41
2005-02-17,-65.487,132.684,b15f,1169.19
2005-02-18,-65.487,132.684,b15f,1159.25
2005-02-19,-65.487,132.684,b15f,1150.17
2005-02-20,-65.508,132.649,b15f,1140.69
2005-02-21,-65.507,132.646,b15f,1130.0
2005-02-22,-65.502,132.643,b15f,1120.28
2005-02-23,-65.496,132.64,b15f,1112.06
2005-02-24,-65.49,132.637,b15f,1104.45
2005-02-25,-65.484,132.635,b15f,1100.33
2005-02-26,-65.48,132.633,b15f,1096.15
2005-02-27,-65.478,132.632,b15f,1091.67
2005-02-28,-65.487,132.684,b15f,1089.44
2005-03-01,-65.487,132.684,b15f,1085.48
2005-03-02,-65.487,132.684,b15f,1081.71
2005-03-03,-65.487,132.684,b15f,1078.13
2005-03-04,-65.487,132.684,b15f,1075.02
2005-03-05,-65.487,132.684,b15f,1072.7
2005-03-06,-65.487,132.684,b15f,1068.93
2005-03-07,-65.487,132.684,b15f,1067.34
2005-03-08,-65.487,132.684,b15f,1067.6
2005-03-09,-65.487,132.684,b15f,1067.92
2005-03-10,-65.487,132.684,b15f,1067.64
2005-03-11,-65.487,132.684,b15f,1067.94
2005-03-12,-65.487,132.684,b15f,1067.89
2005-03-13,-65.487,132.684,b15f,1068.01
2005-03-14,-65.487,132.684,b15f,1069.34
2005-03-15,-65.487,132.684,b15f,1070.06
2005-03-16,-65.487,132.684,b15f,1070.77
2005-03-17,-65.487,132.684,b15f,1071.4
2005-03-18,-65.487,132.684,b15f,1074.34
2005-03-19,-65.487,132.684,b15f,1074.47
2005-03-20,-65.487,132.684,b15f,1074.97
2005-03-21,-65.487,132.684,b15f,1074.72
2005-03-22,-65.487,132.684,b15f,1073.9
2005-03-23,-65.487,132.684,b15f,1074.31
2005-03-24,-65.487,132.684,b15f,1074.82
2005-03-25,-65.487,132.684,b15f,1071.45
2005-03-26,-65.487,132.684,b15f,1068.7
2005-03-27,-65.487,132.684,b15f,1066.61
2005-03-28,-65.487,132.684,b15f,1060.85
2005-03-29,-65.487,132.684,b15f,1057.71
2005-03-30,-65.487,132.684,b15f,1048.71
2005-03-31,-65.487,132.684,b15f,1040.69
2005-04-01,-65.487,132.684,b15f,1030.38
2005-04-02,-65.487,132.684,b15f,1018.09
2005-04-03,-65.487,132.684,b15f,1005.54
2005-04-04,-65.487,132.684,b15f,993.06
2005-04-05,-65.487,132.684,b15f,980.22
2005-04-06,-65.487,132.684,b15f,967.12
2005-04-07,-65.487,132.684,b15f,953.69
2005-04-08,-65.487,132.684,b15f,938.45
2005-04-09,-65.487,132.684,b15f,922.3
2005-04-10,-65.487,132.684,b15f,906.17
2005-04-11,-65.487,132.684,b15f,889.98
2005-04-12,-65.487,132.684,b15f,868.71
2005-04-13,-65.487,132.684,b15f,837.59
2005-04-14,-65.487,132.684,b15f,818.69
2005-04-15,-65.487,132.684,b15f,782.65
2005-04-16,-65.487,132.684,b15f,774.19
2005-04-17,-65.487,132.684,b15f,753.41
2005-04-18,-65.487,132.684,b15f,731.98
2005-04-19,-65.487,132.684,b15f,711.81
2005-04-20,-65.487,132.684,b15f,709.58
2005-04-21,-65.487,132.684,b15f,689.1
2005-04-22,-65.487,132.684,b15f,683.19
2005-04-23,-65.487,132.684,b15f,679.25
2005-04-24,-65.493,132.607,b15f,679.88
2005-04-25,-65.487,132.684,b15f,679.48
2005-04-26,-65.487,132.684,b15f,663.33
2005-04-27,-65.487,132.684,b15f,648.1
2005-04-28,-65.487,132.684,b15f,650.2
2005-04-29,-65.487,132.684,b15f,635.81
2005-04-30,-65.487,132.684,b15f,620.81
2005-05-01,-65.487,132.684,b15f,606.47
2005-05-02,-65.487,132.684,b15f,592.45
2005-05-03,-65.487,132.684,b15f,579.23
2005-05-04,-65.487,132.684,b15f,566.41
2005-05-05,-65.487,132.684,b15f,544.42
2005-05-06,-65.487,132.684,b15f,530.77
2005-05-07,-65.487,132.684,b15f,519.3
2005-05-08,-65.483,132.632,b15f,510.62
2005-05-09,-65.487,132.684,b15f,489.18
2005-05-10,-65.487,132.684,b15f,491.67
2005-05-11,-65.487,132.684,b15f,465.88
2005-05-12,-65.487,132.684,b15f,450.43
2005-05-13,-65.487,132.684,b15f,431.34
2005-05-14,-65.487,132.684,b15f,415.64
2005-05-15,-65.487,132.684,b15f,382.94
2005-05-16,-65.487,132.684,b15f,365.63
2005-05-17,-65.487,132.684,b15f,337.72
2005-05-18,-65.487,132.684,b15f,306.7
2005-05-19,-65.487,132.684,b15f,275.57
2005-05-20,-65.487,132.684,b15f,246.73
2005-05-21,-65.487,132.684,b15f,231.4
2005-05-22,-65.503,132.617,b15f,219.09
2005-05-23,-65.505,132.615,b15f,190.39
2005-05-24,-65.508,132.612,b15f,179.6
2005-05-25,-65.511,132.609,b15f,166.31
2005-05-26,-65.514,132.607,b15f,158.62
2005-05-27,-65.516,132.604,b15f,148.0
2005-05-28,-65.518,132.602,b15f,137.3
2005-05-29,-65.518,132.602,b15f,126.73
2005-05-30,-65.518,132.602,b15f,124.05
2005-05-31,-65.518,132.603,b15f,124.47
2005-06-01,-65.518,132.604,b15f,117.24
2005-06-02,-65.518,132.605,b15f,130.01
2005-06-03,-65.518,132.606,b15f,144.21
2005-06-04,-65.518,132.606,b15f,153.67
2005-06-05,-65.518,132.607,b15f,164.2
2005-06-06,-65.518,132.607,b15f,178.29
2005-06-07,-65.516,132.607,b15f,197.78
2005-06-08,-65.514,132.607,b15f,219.14
2005-06-09,-65.512,132.607,b15f,245.7
2005-06-10,-65.51,132.607,b15f,271.55
2005-06-11,-65.525,132.552,b15f,297.14
2005-06-12,-65.524,132.552,b15f,321.05
2005-06-13,-65.524,132.552,b15f,343.68
2005-06-14,-65.524,132.552,b15f,366.89
2005-06-15,-65.524,132.552,b15f,392.87
2005-06-16,-65.524,132.552,b15f,421.68
2005-06-17,-65.524,132.552,b15f,449.96
2005-06-18,-65.524,132.552,b15f,476.58
2005-06-19,-65.524,132.552,b15f,506.83
2005-06-20,-65.518,132.575,b15f,530.99
2005-06-21,-65.518,132.575,b15f,560.72
2005-06-22,-65.518,132.575,b15f,588.4
2005-06-23,-65.518,132.575,b15f,618.38
2005-06-24,-65.518,132.575,b15f,650.3
2005-06-25,-65.518,132.575,b15f,664.87
2005-06-26,-65.518,132.575,b15f,693.14
2005-06-27,-65.518,132.575,b15f,712.47
2005-06-28,-65.518,132.575,b15f,727.16
2005-06-29,-65.518,132.575,b15f,743.59
2005-06-30,-65.518,132.575,b15f,756.41
2005-07-01,-65.518,132.575,b15f,769.9
2005-07-02,-65.518,132.575,b15f,779.59
2005-07-03,-65.524,132.552,b15f,777.52
2005-07-04,-65.518,132.575,b15f,769.9
2005-07-05,-65.518,132.575,b15f,750.97
2005-07-06,-65.518,132.575,b15f,737.58
2005-07-07,-65.518,132.575,b15f,731.96
2005-07-08,-65.518,132.575,b15f,726.95
2005-07-09,-65.518,132.575,b15f,720.6
2005-07-10,-65.518,132.575,b15f,698.73
2005-07-11,-65.518,132.575,b15f,684.9
2005-07-12,-65.518,132.575,b15f,663.94
2005-07-13,-65.518,132.575,b15f,649.77
2005-07-14,-65.518,132.575,b15f,634.87
2005-07-15,-65.518,132.575,b15f,620.56
2005-07-16,-65.518,132.575,b15f,603.59
2005-07-17,-65.524,132.552,b15f,575.58
2005-07-18,-65.518,132.575,b15f,559.45
2005-07-19,-65.518,132.575,b15f,542.93
2005-07-20,-65.518,132.575,b15f,532.85
2005-07-21,-65.518,132.575,b15f,507.21
2005-07-22,-65.518,132.575,b15f,489.9
2005-07-23,-65.518,132.575,b15f,478.05
2005-07-24,-65.518,132.575,b15f,462.9
2005-07-25,-65.518,132.575,b15f,452.46
2005-07-26,-65.518,132.575,b15f,439.92
2005-07-27,-65.518,132.575,b15f,437.11
2005-07-28,-65.518,132.575,b15f,436.27
2005-07-29,-65.518,132.575,b15f,443.46
2005-07-30,-65.518,132.575,b15f,466.37
2005-07-31,-65.524,132.552,b15f,484.16
2005-08-01,-65.524,132.552,b15f,493.44
2005-08-02,-65.524,132.552,b15f,502.43
2005-08-03,-65.524,132.552,b15f,511.52
2005-08-04,-65.524,132.552,b15f,537.1
2005-08-05,-65.524,132.552,b15f,552.05
2005-08-06,-65.524,132.552,b15f,574.19
2005-08-07,-65.524,132.552,b15f,590.94
2005-08-08,-65.518,132.575,b15f,609.55
2005-08-09,-65.518,132.575,b15f,629.43
2005-08-10,-65.518,132.575,b15f,649.71
2005-08-11,-65.518,132.575,b15f,683.47
2005-08-12,-65.518,132.575,b15f,706.33
2005-08-13,-65.518,132.575,b15f,727.67
2005-08-14,-65.518,132.575,b15f,751.06
2005-08-15,-65.518,132.575,b15f,785.17
2005-08-16,-65.518,132.575,b15f,809.59
2005-08-17,-65.518,132.575,b15f,831.96
2005-08-18,-65.518,132.575,b15f,854.19
2005-08-19,-65.518,132.575,b15f,874.97
2005-08-20,-65.518,132.575,b15f,895.01
2005-08-21,-65.524,132.552,b15f,909.34
2005-08-22,-65.524,132.552,b15f,933.52
2005-08-23,-65.524,132.552,b15f,943.99
2005-08-24,-65.524,132.552,b15f,961.3
2005-08-25,-65.524,132.552,b15f,993.37
2005-08-26,-65.524,132.552,b15f,1025.95
2005-08-27,-65.524,132.552,b15f,1055.64
2005-08-28,-65.524,132.552,b15f,1080.55
2005-08-29,-65.524,132.552,b15f,1102.86
2005-08-30,-65.524,132.552,b15f,1106.88
2005-08-31,-65.524,132.552,b15f,1110.77
2005-09-01,-65.524,132.552,b15f,1114.64
2005-09-02,-65.524,132.552,b15f,1117.23
2005-09-03,-65.524,132.552,b15f,1118.54
2005-09-04,-65.524,132.552,b15f,1119.46
2005-09-05,-65.525,132.554,b15f,1120.32
2005-09-06,-65.526,132.556,b15f,1119.17
2005-09-07,-65.528,132.56,b15f,1119.56
2005-09-08,-65.53,132.565,b15f,1117.11
2005-09-09,-65.532,132.569,b15f,1110.53
2005-09-10,-65.534,132.571,b15f,1103.26
2005-09-11,-65.534,132.572,b15f,1095.57
2005-09-12,-65.534,132.572,b15f,1089.2
2005-09-13,-65.534,132.572,b15f,1082.54
2005-09-14,-65.534,132.572,b15f,1075.24
2005-09-15,-65.534,132.572,b15f,1066.87
2005-09-16,-65.534,132.572,b15f,1054.24
2005-09-17,-65.534,132.572,b15f,1049.19
2005-09-18,-65.534,132.572,b15f,1036.44
2005-09-19,-65.534,132.571,b15f,1021.55
2005-09-20,-65.534,132.568,b15f,1005.88
2005-09-21,-65.534,132.563,b15f,994.81
2005-09-22,-65.534,132.557,b15f,992.73
2005-09-23,-65.534,132.552,b15f,984.75
2005-09-24,-65.534,132.549,b15f,992.54
2005-09-25,-65.534,132.547,b15f,1001.04
2005-09-26,-65.534,132.547,b15f,1006.62
2005-09-27,-65.534,132.547,b15f,1014.21
2005-09-28,-65.534,132.547,b15f,1021.3
2005-09-29,-65.534,132.547,b15f,1029.04
2005-09-30,-65.534,132.547,b15f,1036.48
2005-10-01,-65.534,132.547,b15f,1042.5
2005-10-02,-65.534,132.547,b15f,1050.33
2005-10-03,-65.518,132.575,b15f,1059.37
2005-10-04,-65.518,132.575,b15f,1070.75
2005-10-05,-65.518,132.575,b15f,1082.84
2005-10-06,-65.518,132.575,b15f,1095.93
2005-10-07,-65.518,132.575,b15f,1108.25
2005-10-08,-65.518,132.575,b15f,1120.52
2005-10-09,-65.518,132.575,b15f,1134.92
2005-10-10,-65.518,132.575,b15f,1149.36
2005-10-11,-65.518,132.575,b15f,1163.11
2005-10-12,-65.518,132.575,b15f,1176.82
2005-10-13,-65.518,132.575,b15f,1189.71
2005-10-14,-65.518,132.575,b15f,1190.65
2005-10-15,-65.518,132.575,b15f,1193.77
2005-10-16,-65.534,132.537,b15f,1196.49
2005-10-17,-65.534,132.538,b15f,1194.49
2005-10-18,-65.536,132.539,b15f,1197.87
2005-10-19,-65.537,132.541,b15f,1204.64
2005-10-20,-65.539,132.544,b15f,1211.15
2005-10-21,-65.54,132.546,b15f,1219.17
2005-10-22,-65.541,132.548,b15f,1223.44
2005-10-23,-65.542,132.55,b15f,1230.11
2005-10-24,-65.518,132.575,b15f,1235.01
2005-10-25,-65.518,132.575,b15f,1240.27
2005-10-26,-65.518,132.575,b15f,1251.86
2005-10-27,-65.518,132.575,b15f,1262.11
2005-10-28,-65.518,132.575,b15f,1262.38
2005-10-29,-65.518,132.575,b15f,1272.18
2005-10-30,-65.518,132.575,b15f,1302.06
2005-10-31,-65.518,132.575,b15f,1332.52
2005-11-01,-65.518,132.575,b15f,1360.54
2005-11-02,-65.518,132.575,b15f,1390.24
2005-11-03,-65.518,132.575,b15f,1418.63
2005-11-04,-65.518,132.575,b15f,1449.58
2005-11-05,-65.518,132.575,b15f,1480.33
2005-11-06,-65.524,132.562,b15f,1507.82
2005-11-07,-65.526,132.564,b15f,1535.45
2005-11-08,-65.531,132.567,b15f,1558.78
2005-11-09,-65.538,132.57,b15f,1577.61
2005-11-10,-65.545,132.573,b15f,1593.83
2005-11-11,-65.552,132.575,b15f,1620.38
2005-11-12,-65.557,132.577,b15f,1642.6
2005-11-13,-65.559,132.577,b15f,1663.51
2005-11-14,-65.518,132.575,b15f,1682.47
2005-11-15,-65.518,132.575,b15f,1705.56
2005-11-16,-65.518,132.575,b15f,1725.15
2005-11-17,-65.518,132.575,b15f,1737.47
2005-11-18,-65.518,132.575,b15f,1746.75
2005-11-19,-65.518,132.575,b15f,1756.28
2005-11-20,-65.518,132.575,b15f,1760.56
2005-11-21,-65.518,132.575,b15f,1763.44
2005-11-22,-65.518,132.575,b15f,1773.03
2005-11-23,-65.518,132.575,b15f,1775.95
2005-11-24,-65.518,132.575,b15f,1757.9
2005-11-25,-65.518,132.575,b15f,1738.8
2005-11-26,-65.518,132.575,b15f,1719.07
2005-11-27,-65.518,132.575,b15f,1698.72
2005-11-28,-65.518,132.575,b15f,1682.1
2005-11-29,-65.518,132.575,b15f,1660.66
2005-11-30,-65.518,132.575,b15f,1637.69
2005-12-01,-65.518,132.575,b15f,1614.54
2005-12-02,-65.518,132.575,b15f,1590.2
2005-12-03,-65.518,132.575,b15f,1569.54
2005-12-04,-65.534,132.537,b15f,1548.42
2005-12-05,-65.534,132.537,b15f,1527.69
2005-12-06,-65.534,132.537,b15f,1496.16
2005-12-07,-65.534,132.537,b15f,1470.83
2005-12-08,-65.534,132.537,b15f,1447.18
2005-12-09,-65.534,132.537,b15f,1420.34
2005-12-10,-65.534,132.537,b15f,1388.91
2005-12-11,-65.534,132.537,b15f,1358.47
2005-12-12,-65.534,132.537,b15f,1333.93
2005-12-13,-65.534,132.537,b15f,1313.06
2005-12-14,-65.534,132.537,b15f,1291.68
2005-12-15,-65.552,132.6,b15f,1270.16
2005-12-16,-65.552,132.6,b15f,1249.09
2005-12-17,-65.552,132.6,b15f,1230.87
2005-12-18,-65.552,132.6,b15f,1210.9
2005-12-19,-65.555,132.7,b15f,1191.45
2005-12-20,-65.555,132.7,b15f,1171.79
2005-12-21,-65.555,132.7,b15f,1155.34
2005-12-22,-65.555,132.7,b15f,1139.57
2005-12-23,-65.555,132.7,b15f,1120.68
2005-12-24,-65.555,132.7,b15f,1101.3
2005-12-25,-65.555,132.7,b15f,1084.99
2005-12-26,-65.555,132.7,b15f,1071.47
2005-12-27,-65.555,132.7,b15f,1060.96
2005-12-28,-65.555,132.7,b15f,1051.71
2005-12-29,-65.555,132.7,b15f,1047.21
2005-12-30,-65.555,132.7,b15f,1043.54
2005-12-31,-65.555,132.7,b15f,1055.73
2006-01-01,-65.555,132.7,b15f,1066.93
2006-01-02,-65.555,132.7,b15f,1075.24
2006-01-03,-65.555,132.7,b15f,1089.26
2006-01-04,-65.555,132.7,b15f,1103.46
2006-01-05,-65.555,132.7,b15f,1124.94
2006-01-06,-65.555,132.7,b15f,1146.81
2006-01-07,-65.555,132.7,b15f,1169.17
2006-01-08,-65.555,132.7,b15f,1195.12
2006-01-09,-65.555,132.7,b15f,1219.26
2006-01-10,-65.555,132.7,b15f,1245.54
2006-01-11,-65.555,132.7,b15f,1269.39
2006-01-12,-65.555,132.7,b15f,1322.28
2006-01-13,-65.555,132.7,b15f,1369.13
2006-01-14,-65.555,132.7,b15f,1428.18
2006-01-15,-65.527,132.685,b15f,1480.01
2006-01-16,-65.531,132.688,b15f,1526.81
2006-01-17,-65.54,132.691,b15f,1562.98
2006-01-18,-65.553,132.693,b15f,1601.87
2006-01-19,-65.567,132.696,b15f,1649.91
2006-01-20,-65.58,132.698,b15f,1674.93
2006-01-21,-65.589,132.7,b15f,1713.64
2006-01-22,-65.592,132.7,b15f,1739.91
2006-01-23,-65.54,132.677,b15f,1765.37
2006-01-24,-65.526,132.671,b15f,1802.58
2006-01-25,-65.506,132.663,b15f,1815.04
2006-01-26,-65.483,132.655,b15f,1823.87
2006-01-27,-65.461,132.647,b15f,1828.08
2006-01-28,-65.442,132.641,b15f,1832.75
2006-01-29,-65.43,132.639,b15f,1832.04
2006-01-30,-65.423,132.639,b15f,1824.62
2006-01-31,-65.416,132.64,b15f,1814.34
2006-02-01,-65.41,132.641,b15f,1802.41
2006-02-02,-65.405,132.642,b15f,1785.84
2006-02-03,-65.352,132.666,b15f,1772.18
2006-02-04,-65.349,132.667,b15f,1754.41
2006-02-05,-65.347,132.667,b15f,1736.97
2006-02-06,-65.346,132.662,b15f,1696.16
2006-02-07,-65.345,132.648,b15f,1659.88
2006-02-08,-65.32,132.593,b15f,1605.99
2006-02-09,-65.32,132.567,b15f,1558.48
2006-02-10,-65.319,132.539,b15f,1514.74
2006-02-11,-65.319,132.51,b15f,1483.49
2006-02-12,-65.319,132.484,b15f,1447.62
2006-02-13,-65.319,132.458,b15f,1401.7
2006-02-14,-65.311,132.339,b15f,1382.96
2006-02-15,-65.304,132.255,b15f,1345.04
2006-02-16,-65.304,132.226,b15f,1323.6
2006-02-17,-65.305,132.196,b15f,1296.93
2006-02-18,-65.317,132.113,b15f,1260.68
2006-02-19,-65.318,132.079,b15f,1237.83
2006-02-20,-65.323,132.038,b15f,1220.6
2006-02-21,-65.36,131.85,b15f,1206.36
2006-02-22,-65.384,131.71,b15f,1201.57
2006-02-23,-65.399,131.659,b15f,1197.7
2006-02-24,-65.414,131.613,b15f,1194.97
2006-02-25,-65.436,131.5,b15f,1196.94
2006-02-26,-65.455,131.435,b15f,1212.19
2006-02-27,-65.454,131.426,b15f,1228.97
2006-02-28,-65.452,131.421,b15f,1244.24
2006-03-01,-65.461,131.347,b15f,1235.0
2006-03-02,-65.458,131.344,b15f,1256.42
2006-03-03,-65.453,131.282,b15f,1272.11
2006-03-04,-65.45,131.276,b15f,1290.11
2006-03-05,-65.45,131.267,b15f,1334.51
2006-03-06,-65.453,131.247,b15f,1376.1
2006-03-07,-65.462,131.208,b15f,1417.86
2006-03-08,-65.473,131.156,b15f,1458.43
2006-03-09,-65.523,131.046,b15f,1503.95
2006-03-10,-65.535,130.983,b15f,1551.12
2006-03-11,-65.543,130.921,b15f,1591.34
2006-03-12,-65.552,130.686,b15f,1634.14
2006-03-13,-65.552,130.634,b15f,1671.01
2006-03-14,-65.588,130.399,b15f,1715.64
2006-03-15,-65.588,130.343,b15f,1740.49
2006-03-16,-65.595,130.158,b15f,1762.7
2006-03-17,-65.595,130.107,b15f,1804.87
2006-03-18,-65.595,130.063,b15f,1826.02
2006-03-19,-65.553,129.822,b15f,1836.31
2006-03-20,-65.546,129.795,b15f,1852.1
2006-03-21,-65.527,129.773,b15f,1859.44
2006-03-22,-65.499,129.754,b15f,1874.92
2006-03-23,-65.468,129.737,b15f,1865.5
2006-03-24,-65.438,129.718,b15f,1854.11
2006-03-25,-65.334,129.742,b15f,1845.58
2006-03-26,-65.316,129.717,b15f,1863.57
2006-03-27,-65.304,129.686,b15f,1852.9
2006-03-28,-65.292,129.649,b15f,1844.98
2006-03-29,-65.242,129.537,b15f,1835.2
2006-03-30,-65.232,129.493,b15f,1802.6
2006-03-31,-65.224,129.446,b15f,1773.66
2006-04-01,-65.174,129.236,b15f,1742.81
2006-04-02,-65.138,129.097,b15f,1710.03
2006-04-03,-65.139,128.975,b15f,1682.06
2006-04-04,-65.112,128.822,b15f,1649.86
2006-04-05,-65.125,128.724,b15f,1618.7
2006-04-06,-65.116,128.562,b15f,1593.4
2006-04-07,-65.142,128.413,b15f,1574.61
2006-04-08,-65.154,128.286,b15f,1548.72
2006-04-09,-65.15,128.142,b15f,1545.49
2006-04-10,-65.165,127.956,b15f,1541.5
2006-04-11,-65.179,127.763,b15f,1516.73
2006-04-12,-65.184,127.606,b15f,1513.1
2006-04-13,-65.2,127.368,b15f,1508.61
2006-04-14,-65.223,127.073,b15f,1511.92
2006-04-15,-65.24,126.784,b15f,1517.78
2006-04-16,-65.241,126.507,b15f,1520.64
2006-04-17,-65.253,126.238,b15f,1535.17
2006-04-18,-65.265,125.819,b15f,1553.1
2006-04-19,-65.292,125.595,b15f,1570.29
2006-04-20,-65.31,125.48,b15f,1589.75
2006-04-21,-65.261,125.111,b15f,1607.43
2006-04-22,-65.326,124.884,b15f,1615.29
2006-04-23,-65.345,124.723,b15f,1631.77
2006-04-24,-65.412,124.184,b15f,1644.37
2006-04-25,-65.434,123.86,b15f,1646.45
2006-04-26,-65.456,123.492,b15f,1653.08
2006-04-27,-65.6,122.503,b15f,1668.96
2006-04-28,-65.603,122.095,b15f,1680.94
2006-04-29,-65.602,121.567,b15f,1680.83
2006-04-30,-65.607,121.411,b15f,1681.14
2006-05-01,-65.625,121.154,b15f,1672.55
2006-05-02,-65.655,120.937,b15f,1661.27
2006-05-03,-65.717,120.722,b15f,1657.39
2006-05-04,-65.809,120.446,b15f,1645.15
2006-05-05,-65.913,120.441,b15f,1635.69
2006-05-06,-65.964,120.562,b15f,1627.67
2006-05-07,-65.967,120.574,b15f,1614.59
2006-05-08,-65.963,120.566,b15f,1601.08
2006-05-09,-65.955,120.548,b15f,1580.0
2006-05-10,-65.895,120.519,b15f,1578.65
2006-05-11,-65.835,120.488,b15f,1593.7
2006-05-12,-65.823,120.463,b15f,1612.49
2006-05-13,-65.815,120.444,b15f,1651.94
2006-05-14,-65.811,120.437,b15f,1697.95
2006-05-15,-65.813,120.437,b15f,1748.56
2006-05-16,-65.818,120.437,b15f,1734.28
2006-05-17,-65.826,120.437,b15f,1727.21
2006-05-18,-65.836,120.437,b15f,1672.63
2006-05-19,-65.848,120.437,b15f,1628.45
2006-05-20,-65.859,120.437,b15f,1630.93
2006-05-21,-65.871,120.437,b15f,1631.17
2006-05-22,-65.942,120.386,b15f,1623.27
2006-05-23,-65.963,120.371,b15f,1581.93
2006-05-24,-65.986,120.348,b15f,1581.17
2006-05-25,-66.009,120.32,b15f,1581.23
2006-05-26,-66.083,120.242,b15f,1584.22
2006-05-27,-66.099,120.212,b15f,1591.29
2006-05-28,-66.164,120.141,b15f,1593.19
2006-05-29,-66.129,120.183,b15f,1595.93
2006-05-30,-66.129,120.183,b15f,1594.55
2006-05-31,-66.129,120.183,b15f,1588.35
2006-06-01,-66.219,120.135,b15f,1585.59
2006-06-02,-66.219,120.135,b15f,1581.06
2006-06-03,-66.219,120.135,b15f,1578.05
2006-06-04,-66.251,119.64,b15f,1561.5
2006-06-05,-66.251,119.64,b15f,1521.45
2006-06-06,-66.309,119.541,b15f,1477.2
2006-06-07,-66.309,119.541,b15f,1409.03
2006-06-08,-66.317,119.34,b15f,1333.04
2006-06-09,-66.317,119.34,b15f,1249.53
2006-06-10,-66.317,119.34,b15f,1232.58
2006-06-11,-66.274,119.295,b15f,1217.3
2006-06-12,-66.272,119.271,b15f,1242.07
2006-06-13,-66.269,119.249,b15f,1263.2
2006-06-14,-66.235,119.216,b15f,1248.64
2006-06-15,-66.229,119.196,b15f,1233.22
2006-06-16,-66.224,119.174,b15f,1216.55
2006-06-17,-66.221,119.15,b15f,1233.21
2006-06-18,-66.219,119.122,b15f,1223.81
2006-06-19,-66.222,119.085,b15f,1214.84
2006-06-20,-66.229,119.035,b15f,1207.35
2006-06-21,-66.19,118.822,b15f,1192.34
2006-06-22,-66.201,118.767,b15f,1179.81
2006-06-23,-66.246,118.594,b15f,1170.78
2006-06-24,-66.259,118.458,b15f,1163.53
2006-06-25,-66.262,118.438,b15f,1159.25
2006-06-26,-66.273,118.378,b15f,1156.29
2006-06-27,-66.279,118.32,b15f,1156.46
2006-06-28,-66.269,118.316,b15f,1154.71
2006-06-29,-66.258,118.313,b15f,1155.09
2006-06-30,-66.249,118.309,b15f,1154.52
2006-07-01,-66.217,118.324,b15f,1155.77
2006-07-02,-66.214,118.317,b15f,1158.7
2006-07-03,-66.215,118.299,b15f,1162.02
2006-07-04,-66.216,118.094,b15f,1165.75
2006-07-05,-66.22,118.054,b15f,1169.43
2006-07-06,-66.244,117.847,b15f,1171.96
2006-07-07,-66.248,117.804,b15f,1174.33
2006-07-08,-66.253,117.766,b15f,1175.92
2006-07-09,-66.255,117.74,b15f,1176.2
2006-07-10,-66.257,117.722,b15f,1176.95
2006-07-11,-66.228,117.764,b15f,1177.55
2006-07-12,-66.229,117.751,b15f,1176.5
2006-07-13,-66.23,117.739,b15f,1173.74
2006-07-14,-66.249,117.635,b15f,1171.44
2006-07-15,-66.25,117.623,b15f,1168.68
2006-07-16,-66.251,117.609,b15f,1165.21
2006-07-17,-66.253,117.594,b15f,1161.15
2006-07-18,-66.255,117.578,b15f,1157.08
2006-07-19,-66.257,117.562,b15f,1153.31
2006-07-20,-66.258,117.546,b15f,1149.36
2006-07-21,-66.26,117.529,b15f,1145.06
2006-07-22,-66.261,117.512,b15f,1140.98
2006-07-23,-66.262,117.484,b15f,1137.27
2006-07-24,-66.264,117.436,b15f,1133.51
2006-07-25,-66.266,117.375,b15f,1129.99
2006-07-26,-66.269,117.307,b15f,1127.04
2006-07-27,-66.272,117.239,b15f,1124.07
2006-07-28,-66.275,117.179,b15f,1120.74
2006-07-29,-66.277,117.135,b15f,1117.8
2006-07-30,-66.277,117.112,b15f,1115.18
2006-07-31,-66.285,117.154,b15f,1112.08
2006-08-01,-66.285,117.154,b15f,1109.3
2006-08-02,-66.285,117.154,b15f,1107.52
2006-08-03,-66.285,117.154,b15f,1106.46
2006-08-04,-66.285,117.154,b15f,1105.5
2006-08-05,-66.285,117.154,b15f,1106.07
2006-08-06,-66.285,117.154,b15f,1107.56
2006-08-07,-66.285,117.154,b15f,1110.88
2006-08-08,-66.285,117.154,b15f,1113.41
2006-08-09,-66.285,117.154,b15f,1116.91
2006-08-10,-66.285,117.154,b15f,1121.57
2006-08-11,-66.285,117.154,b15f,1126.77
2006-08-12,-66.285,117.154,b15f,1132.32
2006-08-13,-66.273,116.938,b15f,1137.57
2006-08-14,-66.273,116.938,b15f,1145.12
2006-08-15,-66.273,116.938,b15f,1153.75
2006-08-16,-66.273,116.938,b15f,1163.8
2006-08-17,-66.273,116.938,b15f,1173.79
2006-08-18,-66.273,116.938,b15f,1185.3
2006-08-19,-66.273,116.938,b15f,1196.61
2006-08-20,-66.273,116.938,b15f,1207.55
2006-08-21,-66.273,116.938,b15f,1218.18
2006-08-22,-66.273,116.938,b15f,1229.66
2006-08-23,-66.273,116.938,b15f,1240.95
2006-08-24,-66.273,116.938,b15f,1252.51
2006-08-25,-66.273,116.938,b15f,1263.14
2006-08-26,-66.273,116.938,b15f,1274.24
2006-08-27,-66.273,116.938,b15f,1283.98
2006-08-28,-66.273,116.938,b15f,1293.62
2006-08-29,-66.272,116.938,b15f,1300.17
2006-08-30,-66.271,116.938,b15f,1308.63
2006-08-31,-66.27,116.938,b15f,1313.57
2006-09-01,-66.268,116.938,b15f,1318.26
2006-09-02,-66.266,116.938,b15f,1323.1
2006-09-03,-66.263,116.938,b15f,1327.23
2006-09-04,-66.259,116.935,b15f,1331.08
2006-09-05,-66.253,116.926,b15f,1334.38
2006-09-06,-66.244,116.914,b15f,1337.19
2006-09-07,-66.234,116.902,b15f,1339.86
2006-09-08,-66.223,116.89,b15f,1340.23
2006-09-09,-66.159,116.825,b15f,1339.81
2006-09-10,-66.149,116.822,b15f,1337.37
2006-09-11,-66.168,116.843,b15f,1334.54
2006-09-12,-66.168,116.843,b15f,1332.58
2006-09-13,-66.168,116.843,b15f,1326.84
2006-09-14,-66.168,116.843,b15f,1319.41
2006-09-15,-65.963,116.802,b15f,1312.25
2006-09-16,-65.963,116.802,b15f,1300.47
2006-09-17,-65.856,116.871,b15f,1289.36
2006-09-18,-65.856,116.871,b15f,1281.97
2006-09-19,-65.856,116.871,b15f,1278.94
2006-09-20,-65.856,116.871,b15f,1271.58
2006-09-21,-65.856,116.871,b15f,1267.86
2006-09-22,-65.856,116.871,b15f,1261.28
2006-09-23,-65.856,116.871,b15f,1258.09
2006-09-24,-65.863,116.901,b15f,1252.38
2006-09-25,-65.852,116.907,b15f,1250.46
2006-09-26,-65.811,116.937,b15f,1248.84
2006-09-27,-65.798,116.944,b15f,1247.56
2006-09-28,-65.786,116.952,b15f,1246.76
2006-09-29,-65.745,116.996,b15f,1247.17
2006-09-30,-65.736,117.002,b15f,1248.44
2006-10-01,-65.729,117.006,b15f,1256.82
2006-10-02,-65.726,117.009,b15f,1264.65
2006-10-03,-65.723,117.011,b15f,1270.84
2006-10-04,-65.72,117.013,b15f,1276.77
2006-10-05,-65.718,117.014,b15f,1282.62
2006-10-06,-65.716,117.016,b15f,1289.19
2006-10-07,-65.713,117.018,b15f,1294.98
2006-10-08,-65.709,117.021,b15f,1304.6
2006-10-09,-65.704,117.027,b15f,1317.09
2006-10-10,-65.666,117.058,b15f,1330.25
2006-10-11,-65.658,117.07,b15f,1347.98
2006-10-12,-65.648,117.083,b15f,1365.98
2006-10-13,-65.609,117.1,b15f,1380.11
2006-10-14,-65.597,117.112,b15f,1387.91
2006-10-15,-65.571,117.087,b15f,1399.63
2006-10-16,-65.555,117.094,b15f,1411.09
2006-10-17,-65.503,117.203,b15f,1425.14
2006-10-18,-65.48,117.21,b15f,1442.25
2006-10-19,-65.421,117.333,b15f,1477.63
2006-10-20,-65.4,117.338,b15f,1514.94
2006-10-21,-65.353,117.462,b15f,1546.78
2006-10-22,-65.344,117.463,b15f,1581.46
2006-10-23,-65.337,117.425,b15f,1617.24
2006-10-24,-65.337,117.425,b15f,1651.78
2006-10-25,-65.294,117.381,b15f,1685.65
2006-10-26,-65.237,117.225,b15f,1712.53
2006-10-27,-65.237,117.225,b15f,1740.78
2006-10-28,-65.237,117.225,b15f,1770.72
2006-10-29,-65.201,117.573,b15f,1800.53
2006-10-30,-65.243,117.746,b15f,1829.4
2006-10-31,-65.243,117.746,b15f,1857.82
2006-11-01,-65.243,117.746,b15f,1881.94
2006-11-02,-65.22,117.459,b15f,1896.28
2006-11-03,-65.214,117.133,b15f,1921.41
2006-11-04,-65.214,117.133,b15f,1935.76
2006-11-05,-65.192,117.072,b15f,1946.46
2006-11-06,-65.155,116.994,b15f,1958.78
2006-11-07,-65.155,116.994,b15f,1963.3
2006-11-08,-65.155,116.994,b15f,1973.73
2006-11-09,-65.179,117.222,b15f,1987.99
2006-11-10,-65.179,117.222,b15f,1997.56
2006-11-11,-65.179,117.222,b15f,2010.59
2006-11-12,-65.234,117.113,b15f,2004.35
2006-11-13,-65.234,117.113,b15f,1977.31
2006-11-14,-65.234,117.113,b15f,1944.16
2006-11-15,-65.234,117.113,b15f,1916.19
2006-11-16,-65.234,117.113,b15f,1880.3
2006-11-17,-65.234,117.113,b15f,1844.5
2006-11-18,-65.234,117.113,b15f,1807.59
2006-11-19,-65.232,117.007,b15f,1769.62
2006-11-20,-65.231,116.998,b15f,1730.71
2006-11-21,-65.227,116.991,b15f,1688.53
2006-11-22,-65.203,116.937,b15f,1647.27
2006-11-23,-65.198,116.93,b15f,1605.69
2006-11-24,-65.193,116.921,b15f,1564.45
2006-11-25,-65.189,116.911,b15f,1522.58
2006-11-26,-65.188,116.899,b15f,1483.59
2006-11-27,-65.17,116.825,b15f,1452.93
2006-11-28,-65.17,116.825,b15f,1410.71
2006-11-29,-65.17,116.825,b15f,1382.0
2006-11-30,-65.13,116.648,b15f,1352.78
2006-12-01,-65.13,116.648,b15f,1326.48
2006-12-02,-65.104,116.516,b15f,1306.09
2006-12-03,-65.073,116.239,b15f,1285.55
2006-12-04,-65.083,116.098,b15f,1261.29
2006-12-05,-65.083,116.098,b15f,1242.17
2006-12-06,-65.105,115.832,b15f,1212.36
2006-12-07,-65.105,115.832,b15f,1202.35
2006-12-08,-65.102,115.628,b15f,1207.98
2006-12-09,-65.102,115.628,b15f,1202.12
2006-12-10,-65.133,115.429,b15f,1198.43
2006-12-11,-65.133,115.429,b15f,1211.64
2006-12-12,-65.186,115.391,b15f,1219.13
2006-12-13,-65.205,115.228,b15f,1227.18
2006-12-14,-65.189,115.084,b15f,1238.06
2006-12-15,-65.189,115.084,b15f,1250.33
2006-12-16,-65.189,115.084,b15f,1264.73
2006-12-17,-65.194,114.586,b15f,1279.73
2006-12-18,-65.177,114.806,b15f,1293.28
2006-12-19,-65.209,114.422,b15f,1306.63
2006-12-20,-65.209,114.422,b15f,1321.71
2006-12-21,-65.209,114.422,b15f,1336.15
2006-12-22,-65.209,114.422,b15f,1346.66
2006-12-23,-65.211,114.299,b15f,1357.22
2006-12-24,-65.213,114.177,b15f,1368.85
2006-12-25,-65.213,114.177,b15f,1379.92
2006-12-26,-65.2,114.015,b15f,1384.48
2006-12-27,-65.2,114.015,b15f,1389.18
2006-12-28,-65.2,114.015,b15f,1391.59
2006-12-29,-65.217,113.691,b15f,1395.79
2006-12-30,-65.217,113.691,b15f,1395.08
2006-12-31,-65.236,113.541,b15f,1400.61
2007-01-01,-65.236,113.541,b15f,1403.21
2007-01-02,-65.236,113.541,b15f,1391.37
2007-01-03,-65.236,113.541,b15f,1394.44
2007-01-04,-65.236,113.415,b15f,1390.66
2007-01-05,-65.236,113.415,b15f,1373.71
2007-01-06,-65.287,113.261,b15f,1361.07
2007-01-07,-65.345,112.77,b15f,1347.21
2007-01-08,-65.343,112.657,b15f,1332.49
2007-01-09,-65.337,112.484,b15f,1317.02
2007-01-10,-65.351,112.119,b15f,1302.24
2007-01-11,-65.337,111.711,b15f,1285.76
2007-01-12,-65.317,111.298,b15f,1270.86
2007-01-13,-65.294,110.934,b15f,1255.92
2007-01-14,-65.272,110.672,b15f,1239.46
2007-01-15,-65.261,110.832,b15f,1221.9
2007-01-16,-65.306,110.778,b15f,1210.24
2007-01-17,-65.279,110.521,b15f,1196.84
2007-01-18,-65.283,110.301,b15f,1176.56
2007-01-19,-65.307,110.017,b15f,1141.89
2007-01-20,-65.207,109.815,b15f,1123.01
2007-01-21,-65.141,109.714,b15f,1102.39
2007-01-22,-65.086,109.67,b15f,1081.06
2007-01-23,-65.086,109.67,b15f,1052.59
2007-01-24,-65.043,109.683,b15f,1034.39
2007-01-25,-65.043,109.683,b15f,1024.85
2007-01-26,-65.043,109.683,b15f,990.48
2007-01-27,-65.043,109.683,b15f,962.71
2007-01-28,-65.032,109.681,b15f,924.93
2007-01-29,-65.002,109.658,b15f,901.07
2007-01-30,-64.984,109.672,b15f,872.48
2007-01-31,-64.965,109.691,b15f,834.75
2007-02-01,-64.947,109.711,b15f,819.22
2007-02-02,-64.899,109.872,b15f,782.44
2007-02-03,-64.888,109.886,b15f,744.46
2007-02-04,-64.884,109.891,b15f,705.12
2007-02-05,-64.817,109.896,b15f,665.42
2007-02-06,-64.82,109.878,b15f,627.71
2007-02-07,-64.792,109.797,b15f,590.99
2007-02-08,-64.797,109.768,b15f,554.32
2007-02-09,-64.809,109.683,b15f,519.28
2007-02-10,-64.801,109.61,b15f,481.13
2007-02-11,-64.808,109.593,b15f,442.9
2007-02-12,-64.731,109.611,b15f,406.12
2007-02-13,-64.782,109.505,b15f,390.94
2007-02-14,-64.782,109.505,b15f,360.8
2007-02-15,-64.782,109.505,b15f,330.16
2007-02-16,-64.883,109.7,b15f,300.53
2007-02-17,-64.883,109.7,b15f,277.6
2007-02-18,-64.883,109.7,b15f,245.26
2007-02-19,-64.951,109.853,b15f,204.94
2007-02-20,-65.036,109.842,b15f,187.88
2007-02-21,-65.139,109.78,b15f,165.36
2007-02-22,-65.24,109.665,b15f,153.0
2007-02-23,-65.268,109.595,b15f,131.19
2007-02-24,-65.337,109.344,b15f,114.74
2007-02-25,-65.498,109.261,b15f,107.4
2007-02-26,-65.541,109.288,b15f,79.66
2007-02-27,-65.539,109.285,b15f,72.06
2007-02-28,-65.552,109.39,b15f,65.89
2007-03-01,-65.55,109.389,b15f,60.84
2007-03-02,-65.548,109.387,b15f,56.44
2007-03-03,-65.547,109.385,b15f,50.73
2007-03-04,-65.546,109.382,b15f,45.14
2007-03-05,-65.546,109.377,b15f,39.95
2007-03-06,-65.546,109.369,b15f,34.85
2007-03-07,-65.546,109.359,b15f,32.37
2007-03-08,-65.546,109.348,b15f,31.31
2007-03-09,-65.541,109.247,b15f,30.85
2007-03-10,-65.541,109.235,b15f,28.45
2007-03-11,-65.541,109.223,b15f,26.46
2007-03-12,-65.541,109.21,b15f,30.45
2007-03-13,-65.539,109.194,b15f,34.21
2007-03-14,-65.537,109.177,b15f,39.1
2007-03-15,-65.531,109.081,b15f,45.64
2007-03-16,-65.529,109.067,b15f,55.0
2007-03-17,-65.527,109.058,b15f,66.02
2007-03-18,-65.527,109.054,b15f,79.78
2007-03-19,-65.528,109.064,b15f,94.89
2007-03-20,-65.531,109.089,b15f,112.75
2007-03-21,-65.534,109.124,b15f,131.73
2007-03-22,-65.539,109.163,b15f,153.37
2007-03-23,-65.544,109.2,b15f,176.06
2007-03-24,-65.572,109.372,b15f,198.92
2007-03-25,-65.576,109.387,b15f,222.84
2007-03-26,-65.579,109.392,b15f,246.74
2007-03-27,-65.583,109.396,b15f,271.52
2007-03-28,-65.587,109.399,b15f,296.2
2007-03-29,-65.59,109.401,b15f,320.74
2007-03-30,-65.593,109.404,b15f,345.18
2007-03-31,-65.595,109.407,b15f,369.71
2007-04-01,-65.596,109.412,b15f,393.93
2007-04-02,-65.596,109.421,b15f,418.75
2007-04-03,-65.596,109.435,b15f,443.57
2007-04-04,-65.596,109.451,b15f,476.75
2007-04-05,-65.599,109.543,b15f,501.85
2007-04-06,-65.599,109.558,b15f,525.53
2007-04-07,-65.599,109.569,b15f,551.59
2007-04-08,-65.599,109.573,b15f,575.4
2007-04-09,-65.599,109.573,b15f,603.24
2007-04-10,-65.599,109.573,b15f,623.0
2007-04-11,-65.599,109.573,b15f,642.17
2007-04-12,-65.618,109.664,b15f,660.72
2007-04-13,-65.618,109.664,b15f,678.17
2007-04-14,-65.618,109.664,b15f,693.73
2007-04-15,-65.618,109.664,b15f,707.62
2007-04-16,-65.618,109.664,b15f,719.12
2007-04-17,-65.618,109.664,b15f,731.84
2007-04-18,-65.618,109.664,b15f,744.73
2007-04-19,-65.618,109.664,b15f,757.37
2007-04-20,-65.618,109.664,b15f,765.57
2007-04-21,-65.618,109.664,b15f,778.24
2007-04-22,-65.618,109.664,b15f,791.17
2007-04-23,-65.618,109.663,b15f,806.45
2007-04-24,-65.618,109.659,b15f,820.67
2007-04-25,-65.618,109.652,b15f,836.54
2007-04-26,-65.618,109.644,b15f,853.12
2007-04-27,-65.618,109.635,b15f,872.56
2007-04-28,-65.618,109.625,b15f,892.87
2007-04-29,-65.618,109.614,b15f,903.12
2007-04-30,-65.613,109.602,b15f,918.34
2007-05-01,-65.601,109.585,b15f,932.94
2007-05-02,-65.579,109.517,b15f,945.39
2007-05-03,-65.561,109.496,b15f,957.45
2007-05-04,-65.544,109.473,b15f,964.57
2007-05-05,-65.532,109.449,b15f,977.14
2007-05-06,-65.469,109.3,b15f,989.15
2007-05-07,-65.472,109.275,b15f,999.57
2007-05-08,-65.447,109.159,b15f,1009.91
2007-05-09,-65.457,109.13,b15f,1019.9
2007-05-10,-65.467,108.816,b15f,1030.76
2007-05-11,-65.477,108.788,b15f,1041.5
2007-05-12,-65.516,108.934,b15f,1050.02
2007-05-13,-65.519,108.912,b15f,1057.87
2007-05-14,-65.532,108.895,b15f,1064.99
2007-05-15,-65.532,108.874,b15f,1075.9
2007-05-16,-65.532,108.853,b15f,1082.11
2007-05-17,-65.532,108.835,b15f,1086.84
2007-05-18,-65.532,108.82,b15f,1087.49
2007-05-19,-65.532,108.809,b15f,1089.25
2007-05-20,-65.551,108.822,b15f,1090.2
2007-05-21,-65.561,108.847,b15f,1088.79
2007-05-22,-65.588,108.912,b15f,1083.97
2007-05-23,-65.625,108.999,b15f,1078.95
2007-05-24,-65.688,108.873,b15f,1072.09
2007-05-25,-65.772,108.902,b15f,1069.75
2007-05-26,-65.846,108.933,b15f,1063.61
2007-05-27,-65.917,109.051,b15f,1056.82
2007-05-28,-65.866,109.02,b15f,1053.75
2007-05-29,-65.918,109.31,b15f,1050.99
2007-05-30,-65.96,109.522,b15f,1048.57
2007-05-31,-66.035,109.658,b15f,1047.1
2007-06-01,-66.158,109.764,b15f,1042.04
2007-06-02,-66.258,109.867,b15f,1039.16
2007-06-03,-66.336,109.924,b15f,1038.1
2007-06-04,-66.384,109.747,b15f,1033.57
2007-06-05,-66.286,109.506,b15f,1033.62
2007-06-06,-66.286,109.506,b15f,1032.41
2007-06-07,-66.286,109.506,b15f,1031.77
2007-06-08,-66.322,109.382,b15f,1031.13
2007-06-09,-66.337,109.185,b15f,1031.68
2007-06-10,-66.353,108.874,b15f,1029.86
2007-06-11,-66.385,108.917,b15f,1030.93
2007-06-12,-66.329,108.687,b15f,1033.87
2007-06-13,-66.221,108.228,b15f,1037.0
2007-06-14,-66.163,108.065,b15f,1044.49
2007-06-15,-66.091,108.066,b15f,1054.41
2007-06-16,-66.003,108.019,b15f,1060.63
2007-06-17,-65.466,104.12,b15f,1076.53
2007-06-18,-65.952,107.87,b15f,1089.47
2007-06-19,-65.952,107.87,b15f,1118.21
2007-06-20,-65.947,107.767,b15f,1150.88
2007-06-21,-65.947,107.767,b15f,1185.22
2007-06-22,-65.881,107.694,b15f,1211.16
2007-06-23,-65.881,107.694,b15f,1234.17
2007-06-24,-65.743,107.353,b15f,1252.03
2007-06-25,-65.696,107.266,b15f,1267.88
2007-06-26,-65.693,107.256,b15f,1280.87
2007-06-27,-65.689,107.24,b15f,1290.25
2007-06-28,-65.67,107.187,b15f,1299.55
2007-06-29,-65.625,107.137,b15f,1311.67
2007-06-30,-65.633,107.111,b15f,1321.43
2007-07-01,-65.608,107.102,b15f,1328.18
2007-07-02,-65.614,107.031,b15f,1335.54
2007-07-03,-65.61,106.965,b15f,1346.14
2007-07-04,-65.601,106.929,b15f,1356.72
2007-07-05,-65.591,106.89,b15f,1368.67
2007-07-06,-65.511,106.712,b15f,1384.87
2007-07-07,-65.502,106.644,b15f,1396.15
2007-07-08,-65.466,106.532,b15f,1407.25
2007-07-09,-65.449,106.507,b15f,1422.46
2007-07-10,-65.427,106.486,b15f,1431.61
2007-07-11,-65.402,106.467,b15f,1445.57
2007-07-12,-65.375,106.448,b15f,1458.82
2007-07-13,-65.285,106.333,b15f,1465.39
2007-07-14,-65.209,106.27,b15f,1467.31
2007-07-15,-65.187,106.232,b15f,1456.04
2007-07-16,-65.149,106.101,b15f,1449.11
2007-07-17,-65.095,105.886,b15f,1441.52
2007-07-18,-65.049,105.528,b15f,1436.75
2007-07-19,-65.022,105.222,b15f,1431.48
2007-07-20,-64.956,104.801,b15f,1431.87
2007-07-21,-64.922,104.513,b15f,1442.07
2007-07-22,-64.905,104.278,b15f,1452.77
2007-07-23,-64.899,104.094,b15f,1459.35
2007-07-24,-64.894,103.922,b15f,1463.7
2007-07-25,-64.891,103.796,b15f,1468.72
2007-07-26,-64.885,103.706,b15f,1475.32
2007-07-27,-64.856,103.625,b15f,1481.04
2007-07-28,-64.845,103.595,b15f,1484.32
2007-07-29,-64.814,103.496,b15f,1487.08
2007-07-30,-64.8,103.431,b15f,1489.84
2007-07-31,-64.76,103.264,b15f,1486.91
2007-08-01,-64.742,103.151,b15f,1489.24
2007-08-02,-64.663,102.788,b15f,1491.5
2007-08-03,-64.664,102.613,b15f,1487.52
2007-08-04,-64.6,102.358,b15f,1489.4
2007-08-05,-64.579,102.173,b15f,1490.12
2007-08-06,-64.542,101.937,b15f,1481.37
2007-08-07,-64.527,101.876,b15f,1484.25
2007-08-08,-64.484,101.814,b15f,1474.86
2007-08-09,-64.469,101.761,b15f,1477.68
2007-08-10,-64.433,101.619,b15f,1474.39
2007-08-11,-64.45,101.383,b15f,1477.22
2007-08-12,-64.367,101.229,b15f,1477.75
2007-08-13,-64.322,101.067,b15f,1483.0
2007-08-14,-64.269,100.901,b15f,1483.68
2007-08-15,-64.206,100.723,b15f,1483.73
2007-08-16,-64.17,100.524,b15f,1484.25
2007-08-17,-64.143,100.304,b15f,1487.96
2007-08-18,-64.096,100.084,b15f,1493.82
2007-08-19,-64.066,99.741,b15f,1495.52
2007-08-20,-64.059,99.403,b15f,1503.97
2007-08-21,-64.054,98.974,b15f,1509.79
2007-08-22,-64.121,98.18,b15f,1512.68
2007-08-23,-64.182,97.641,b15f,1520.02
2007-08-24,-64.264,96.944,b15f,1522.72
2007-08-25,-64.31,96.496,b15f,1532.71
2007-08-26,-64.344,96.071,b15f,1540.33
2007-08-27,-64.428,95.769,b15f,1551.53
2007-08-28,-64.369,95.797,b15f,1549.77
2007-08-29,-64.493,95.632,b15f,1552.28
2007-08-30,-64.574,95.275,b15f,1549.33
2007-08-31,-64.559,95.051,b15f,1546.71
2007-09-01,-64.619,94.545,b15f,1535.98
2007-09-02,-64.709,94.252,b15f,1532.59
2007-09-03,-64.772,93.769,b15f,1522.44
2007-09-04,-64.856,93.177,b15f,1507.17
2007-09-05,-64.89,92.897,b15f,1496.7
2007-09-06,-64.966,92.628,b15f,1483.39
2007-09-07,-64.967,92.399,b15f,1471.46
2007-09-08,-64.981,92.217,b15f,1459.86
2007-09-09,-65.013,92.083,b15f,1443.75
2007-09-10,-65.035,91.921,b15f,1429.84
2007-09-11,-65.109,91.716,b15f,1414.57
2007-09-12,-65.179,91.559,b15f,1403.93
2007-09-13,-65.291,91.379,b15f,1393.67
2007-09-14,-65.368,91.318,b15f,1377.43
2007-09-15,-65.397,91.199,b15f,1363.11
2007-09-16,-65.484,90.569,b15f,1336.08
2007-09-17,-65.501,90.646,b15f,1316.88
2007-09-18,-65.55,90.318,b15f,1298.17
2007-09-19,-65.548,90.135,b15f,1267.24
2007-09-20,-65.589,89.721,b15f,1243.12
2007-09-21,-65.596,89.393,b15f,1214.76
2007-09-22,-65.656,89.008,b15f,1198.46
2007-09-23,-65.629,88.703,b15f,1172.95
2007-09-24,-65.615,88.219,b15f,1156.06
2007-09-25,-65.588,87.798,b15f,1139.88
2007-09-26,-65.522,87.524,b15f,1131.51
2007-09-27,-65.46,87.371,b15f,1115.57
2007-09-28,-65.339,87.345,b15f,1107.07
2007-09-29,-65.313,87.251,b15f,1102.71
2007-09-30,-65.322,87.086,b15f,1093.67
2007-10-01,-65.326,86.937,b15f,1090.31
2007-10-02,-65.328,86.868,b15f,1084.28
2007-10-03,-65.308,86.774,b15f,1074.63
2007-10-04,-65.291,86.704,b15f,1069.97
2007-10-05,-65.3,86.593,b15f,1060.72
2007-10-06,-65.304,86.527,b15f,1051.63
2007-10-07,-65.303,86.409,b15f,1039.09
2007-10-08,-65.338,86.215,b15f,1027.0
2007-10-09,-65.394,86.027,b15f,1016.66
2007-10-10,-65.44,85.811,b15f,1007.11
2007-10-11,-65.551,85.585,b15f,1013.41
2007-10-12,-65.654,85.362,b15f,1007.4
2007-10-13,-65.767,85.165,b15f,1004.78
2007-10-14,-65.807,84.988,b15f,1006.71
2007-10-15,-65.826,84.856,b15f,1003.57
2007-10-16,-65.813,84.68,b15f,1000.94
2007-10-17,-65.794,84.559,b15f,995.41
2007-10-18,-65.764,84.427,b15f,994.16
2007-10-19,-65.738,84.281,b15f,989.44
2007-10-20,-65.757,84.098,b15f,983.1
2007-10-21,-65.738,84.021,b15f,975.42
2007-10-22,-65.729,83.996,b15f,968.35
2007-10-23,-65.72,83.977,b15f,960.98
2007-10-24,-65.686,83.95,b15f,951.72
2007-10-25,-65.643,83.913,b15f,944.22
2007-10-26,-65.619,83.859,b15f,935.64
2007-10-27,-65.595,83.814,b15f,925.36
2007-10-28,-65.553,83.791,b15f,922.86
2007-10-29,-65.574,83.706,b15f,917.44
2007-10-30,-65.58,83.608,b15f,915.1
2007-10-31,-65.591,83.477,b15f,911.67
2007-11-01,-65.591,83.428,b15f,903.27
2007-11-02,-65.591,83.263,b15f,898.42
2007-11-03,-65.589,83.167,b15f,891.56
2007-11-04,-65.582,83.062,b15f,885.63
2007-11-05,-65.589,82.814,b15f,879.16
2007-11-06,-65.626,82.474,b15f,873.44
2007-11-07,-65.659,82.158,b15f,867.7
2007-11-08,-65.708,81.866,b15f,862.17
2007-11-09,-65.735,81.495,b15f,856.95
2007-11-10,-65.769,81.294,b15f,839.56
2007-11-11,-65.827,81.088,b15f,839.3
2007-11-12,-65.728,81.382,b15f,840.68
2007-11-13,-65.787,81.22,b15f,842.61
2007-11-14,-65.85,81.127,b15f,845.01
2007-11-15,-65.887,80.936,b15f,851.26
2007-11-16,-65.96,80.815,b15f,858.22
2007-11-17,-65.96,80.815,b15f,867.56
2007-11-18,-65.96,80.815,b15f,879.7
2007-11-19,-65.96,80.815,b15f,889.22
2007-11-20,-66.015,80.746,b15f,899.81
2007-11-21,-66.015,80.746,b15f,916.43
2007-11-22,-66.059,80.679,b15f,930.48
2007-11-23,-66.083,80.595,b15f,943.75
2007-11-24,-66.105,80.485,b15f,960.11
2007-11-25,-66.118,80.357,b15f,978.9
2007-11-26,-66.123,80.265,b15f,1010.46
2007-11-27,-66.123,80.234,b15f,1050.24
2007-11-28,-66.164,80.109,b15f,1076.14
2007-11-29,-66.142,80.022,b15f,1111.61
2007-11-30,-66.142,79.985,b15f,1149.27
2007-12-01,-66.138,79.886,b15f,1179.72
2007-12-02,-66.145,79.82,b15f,1209.36
2007-12-03,-66.159,79.767,b15f,1250.31
2007-12-04,-66.18,79.72,b15f,1282.97
2007-12-05,-66.208,79.671,b15f,1338.25
2007-12-06,-66.259,79.485,b15f,1373.74
2007-12-07,-66.31,79.379,b15f,1409.58
2007-12-08,-66.348,79.317,b15f,1445.9
2007-12-09,-66.36,79.34,b15f,1483.23
2007-12-10,-66.365,79.373,b15f,1518.42
2007-12-11,-66.394,79.214,b15f,1551.22
2007-12-12,-66.392,79.207,b15f,1578.09
2007-12-13,-66.39,79.201,b15f,1604.86
2007-12-14,-66.388,79.194,b15f,1631.83
2007-12-15,-66.387,79.184,b15f,1658.08
2007-12-16,-66.388,79.16,b15f,1682.12
2007-12-17,-66.396,79.096,b15f,1704.07
2007-12-18,-66.411,78.988,b15f,1726.08
2007-12-19,-66.431,78.853,b15f,1744.22
2007-12-20,-66.453,78.708,b15f,1760.9
2007-12-21,-66.475,78.571,b15f,1768.11
2007-12-22,-66.495,78.458,b15f,1763.46
2007-12-23,-66.509,78.386,b15f,1772.73
2007-12-24,-66.566,77.871,b15f,1767.88
2007-12-25,-66.583,77.786,b15f,1753.92
2007-12-26,-66.6,77.705,b15f,1705.05
2007-12-27,-66.617,77.628,b15f,1654.5
2007-12-28,-66.632,77.558,b15f,1623.91
2007-12-29,-66.646,77.495,b15f,1595.2
2007-12-30,-66.659,77.44,b15f,1552.63
2007-12-31,-66.669,77.393,b15f,1507.14
2008-01-01,-66.678,77.341,b15f,1456.37
2008-01-02,-66.68,77.32,b15f,1399.04
2008-01-03,-66.675,77.305,b15f,1336.54
2008-01-04,-66.665,77.292,b15f,1267.4
2008-01-05,-66.655,77.283,b15f,1195.61
2008-01-06,-66.588,78.122,b15f,1124.93
2008-01-07,-66.591,78.124,b15f,1054.14
2008-01-08,-66.601,78.129,b15f,983.18
2008-01-09,-66.701,77.308,b15f,911.95
2008-01-10,-66.729,77.322,b15f,840.6
2008-01-11,-66.754,77.336,b15f,769.4
2008-01-12,-66.773,77.346,b15f,698.29
2008-01-13,-66.78,77.35,b15f,627.76
2008-01-14,-66.779,77.34,b15f,557.44
2008-01-15,-66.778,77.315,b15f,492.03
2008-01-16,-66.776,77.279,b15f,427.21
2008-01-17,-66.774,77.237,b15f,369.84
2008-01-18,-66.772,77.195,b15f,317.53
2008-01-19,-66.771,77.158,b15f,280.18
2008-01-20,-66.77,77.13,b15f,287.38
2008-01-21,-66.771,77.109,b15f,307.5
2008-01-22,-66.772,77.087,b15f,299.91
2008-01-23,-66.774,77.066,b15f,307.63
2008-01-24,-66.776,77.048,b15f,321.96
2008-01-25,-66.778,77.033,b15f,351.44
2008-01-26,-66.779,77.024,b15f,387.53
2008-01-27,-66.78,77.02,b15f,438.49
2008-01-28,-66.778,77.021,b15f,446.22
2008-01-29,-66.771,77.022,b15f,463.79
2008-01-30,-66.762,77.024,b15f,478.18
2008-01-31,-66.752,77.026,b15f,557.98
2008-02-01,-66.742,77.028,b15f,639.33
2008-02-02,-66.735,77.029,b15f,721.9
2008-02-03,-66.73,77.03,b15f,805.25
2008-02-04,-66.728,77.025,b15f,887.81
2008-02-05,-66.727,77.012,b15f,972.23
2008-02-06,-66.726,76.992,b15f,1056.64
2008-02-07,-66.725,76.969,b15f,1141.49
2008-02-08,-66.76,78.016,b15f,1226.75
2008-02-09,-66.76,78.005,b15f,1335.71
2008-02-10,-66.759,77.994,b15f,1417.43
2008-02-11,-66.757,77.986,b15f,1507.24
2008-02-12,-66.754,77.977,b15f,1601.4
2008-02-13,-66.75,77.968,b15f,1688.48
2008-02-14,-66.741,77.915,b15f,1771.18
2008-02-15,-66.737,77.906,b15f,1843.85
2008-02-16,-66.733,77.898,b15f,1913.25
2008-02-17,-66.729,77.89,b15f,1973.03
2008-02-18,-66.704,77.82,b15f,2026.42
2008-02-19,-66.645,77.653,b15f,2062.29
2008-02-20,-66.566,77.427,b15f,2095.54
2008-02-21,-66.479,77.183,b15f,2123.73
2008-02-22,-66.399,76.959,b15f,2195.66
2008-02-23,-66.339,76.795,b15f,2263.94
2008-02-24,-66.312,76.731,b15f,2337.06
2008-02-25,-66.302,76.73,b15f,2352.3
2008-02-26,-66.286,76.729,b15f,2361.5
2008-02-27,-66.533,76.679,b15f,2370.74
2008-02-28,-66.478,76.76,b15f,2376.06
2008-02-29,-66.431,76.756,b15f,2380.88
2008-03-01,-66.411,76.756,b15f,2383.52
2008-03-02,-66.395,76.755,b15f,2385.71
2008-03-03,-66.381,76.752,b15f,2386.66
2008-03-04,-66.326,76.707,b15f,2386.19
2008-03-05,-66.312,76.702,b15f,2356.81
2008-03-06,-66.3,76.697,b15f,2350.64
2008-03-07,-66.289,76.693,b15f,2335.79
2008-03-08,-66.282,76.689,b15f,2315.09
2008-03-09,-66.28,76.688,b15f,2284.07
2008-03-10,-66.28,76.688,b15f,2256.54
2008-03-11,-66.28,76.688,b15f,2224.64
2008-03-12,-66.224,76.698,b15f,2193.64
2008-03-13,-66.224,76.698,b15f,2160.9
2008-03-14,-66.224,76.698,b15f,2132.2
2008-03-15,-66.224,76.698,b15f,2110.28
2008-03-16,-66.224,76.698,b15f,2087.56
2008-03-17,-66.218,76.687,b15f,2058.84
2008-03-18,-66.201,76.659,b15f,2029.12
2008-03-19,-66.177,76.617,b15f,2000.5
2008-03-20,-66.152,76.566,b15f,1970.74
2008-03-21,-66.128,76.51,b15f,1933.3
2008-03-22,-66.036,76.42,b15f,1900.34
2008-03-23,-66.03,76.369,b15f,1865.26
2008-03-24,-65.987,76.246,b15f,1831.95
2008-03-25,-65.996,76.193,b15f,1795.7
2008-03-26,-65.99,76.05,b15f,1758.17
2008-03-27,-66.025,75.842,b15f,1720.23
2008-03-28,-66.037,75.785,b15f,1682.18
2008-03-29,-66.054,75.677,b15f,1644.93
2008-03-30,-66.066,75.502,b15f,1607.33
2008-03-31,-66.08,75.338,b15f,1573.7
2008-04-01,-66.065,75.288,b15f,1534.83
2008-04-02,-66.047,75.083,b15f,1496.03
2008-04-03,-66.022,75.032,b15f,1465.17
2008-04-04,-65.981,74.904,b15f,1432.41
2008-04-05,-65.923,74.741,b15f,1404.33
2008-04-06,-65.891,74.627,b15f,1374.86
2008-04-07,-65.825,74.526,b15f,1346.78
2008-04-08,-65.776,74.375,b15f,1319.39
2008-04-09,-65.73,74.258,b15f,1293.41
2008-04-10,-65.687,74.11,b15f,1268.16
2008-04-11,-65.65,73.949,b15f,1244.38
2008-04-12,-65.634,73.796,b15f,1221.41
2008-04-13,-65.635,73.671,b15f,1201.63
2008-04-14,-65.584,73.542,b15f,1181.77
2008-04-15,-65.561,73.454,b15f,1164.55
2008-04-16,-65.568,73.308,b15f,1145.5
2008-04-17,-65.565,73.259,b15f,1127.33
2008-04-18,-65.567,72.95,b15f,1108.77
2008-04-19,-65.561,72.835,b15f,1094.58
2008-04-20,-65.57,72.681,b15f,1080.01
2008-04-21,-65.537,72.637,b15f,1066.24
2008-04-22,-65.557,72.566,b15f,1050.93
2008-04-23,-65.586,72.491,b15f,1035.84
2008-04-24,-65.617,72.413,b15f,1022.31
2008-04-25,-65.672,72.185,b15f,1008.83
2008-04-26,-65.705,71.999,b15f,995.87
2008-04-27,-65.746,71.838,b15f,982.94
2008-04-28,-65.77,71.696,b15f,971.18
2008-04-29,-65.808,71.537,b15f,959.08
2008-04-30,-65.847,71.389,b15f,947.41
2008-05-01,-65.87,71.275,b15f,946.24
2008-05-02,-65.878,71.101,b15f,950.91
2008-05-03,-65.869,70.872,b15f,957.85
2008-05-04,-65.886,70.699,b15f,946.97
2008-05-05,-65.883,70.506,b15f,936.76
2008-05-06,-65.879,70.286,b15f,926.61
2008-05-07,-65.899,70.084,b15f,920.39
2008-05-08,-65.942,69.88,b15f,910.44
2008-05-09,-65.967,69.645,b15f,903.87
2008-05-10,-66.001,69.371,b15f,900.47
2008-05-11,-65.994,69.099,b15f,898.88
2008-05-12,-66.004,68.746,b15f,897.27
2008-05-13,-66.016,68.361,b15f,896.93
2008-05-14,-66.017,68.169,b15f,896.28
2008-05-15,-66.019,67.985,b15f,896.85
2008-05-16,-66.045,67.652,b15f,897.8
2008-05-17,-66.045,67.545,b15f,900.99
2008-05-18,-66.041,67.393,b15f,904.53
2008-05-19,-66.082,67.226,b15f,908.07
2008-05-20,-66.054,67.312,b15f,912.94
2008-05-21,-66.004,67.432,b15f,919.6
2008-05-22,-65.934,67.693,b15f,926.11
2008-05-23,-65.9,67.891,b15f,931.95
2008-05-24,-65.899,67.914,b15f,937.85
2008-05-25,-65.877,67.894,b15f,944.26
2008-05-26,-65.865,67.686,b15f,940.69
2008-05-27,-65.923,67.14,b15f,930.93
2008-05-28,-65.936,66.446,b15f,919.24
2008-05-29,-65.96,65.671,b15f,926.47
2008-05-30,-65.971,64.96,b15f,932.07
2008-05-31,-65.971,64.441,b15f,938.57
2008-06-01,-65.978,64.198,b15f,945.27
2008-06-02,-65.981,63.962,b15f,951.5
2008-06-03,-65.992,63.808,b15f,957.4
2008-06-04,-65.987,63.738,b15f,959.65
2008-06-05,-65.967,63.642,b15f,962.26
2008-06-06,-65.956,63.552,b15f,964.63
2008-06-07,-65.95,63.49,b15f,967.38
2008-06-08,-65.93,63.366,b15f,970.3
2008-06-09,-65.918,63.179,b15f,973.8
2008-06-10,-65.929,62.982,b15f,977.0
2008-06-11,-65.921,62.775,b15f,979.97
2008-06-12,-65.913,62.57,b15f,982.9
2008-06-13,-65.9,62.408,b15f,985.22
2008-06-14,-65.922,62.23,b15f,987.16
2008-06-15,-65.91,62.013,b15f,985.89
2008-06-16,-65.89,61.843,b15f,985.48
2008-06-17,-65.88,61.815,b15f,985.05
2008-06-18,-65.855,61.677,b15f,985.21
2008-06-19,-65.837,61.629,b15f,983.75
2008-06-20,-65.8,61.512,b15f,981.01
2008-06-21,-65.771,61.46,b15f,981.87
2008-06-22,-65.768,61.418,b15f,979.78
2008-06-23,-65.781,61.285,b15f,976.61
2008-06-24,-65.794,61.108,b15f,973.29
2008-06-25,-65.839,60.845,b15f,968.56
2008-06-26,-65.9,60.516,b15f,963.98
2008-06-27,-65.974,60.112,b15f,957.06
2008-06-28,-66.024,59.738,b15f,949.62
2008-06-29,-66.091,59.346,b15f,940.73
2008-06-30,-66.101,58.949,b15f,931.51
2008-07-01,-66.085,58.688,b15f,921.1
2008-07-02,-66.049,58.54,b15f,909.93
2008-07-03,-66.021,58.409,b15f,897.09
2008-07-04,-65.981,58.26,b15f,864.56
2008-07-05,-65.935,58.133,b15f,848.67
2008-07-06,-65.911,57.997,b15f,831.49
2008-07-07,-65.882,57.81,b15f,811.1
2008-07-08,-65.862,57.659,b15f,787.68
2008-07-09,-65.821,57.472,b15f,761.77
2008-07-10,-65.788,57.288,b15f,733.52
2008-07-11,-65.735,57.065,b15f,703.13
2008-07-12,-65.692,56.844,b15f,670.01
2008-07-13,-65.667,56.655,b15f,635.19
2008-07-14,-65.635,56.403,b15f,599.97
2008-07-15,-65.617,56.17,b15f,565.37
2008-07-16,-65.597,55.907,b15f,528.12
2008-07-17,-65.611,55.51,b15f,491.86
2008-07-18,-65.605,55.138,b15f,455.5
2008-07-19,-65.604,55.078,b15f,419.81
2008-07-20,-65.6,55.015,b15f,384.84
2008-07-21,-65.6,55.015,b15f,349.48
2008-07-22,-65.6,55.015,b15f,316.46
2008-07-23,-65.6,55.015,b15f,284.2
2008-07-24,-65.6,55.015,b15f,253.87
2008-07-25,-65.6,55.015,b15f,223.53
2008-07-26,-65.6,55.015,b15f,194.65
2008-07-27,-65.6,55.015,b15f,166.58
2008-07-28,-65.6,55.015,b15f,140.21
2008-07-29,-65.6,55.015,b15f,133.71
2008-07-30,-65.6,55.015,b15f,110.56
2008-07-31,-65.6,55.015,b15f,89.14
2008-08-01,-65.6,55.015,b15f,70.62
2008-08-02,-65.6,55.015,b15f,55.87
2008-08-03,-65.6,55.015,b15f,42.69
2008-08-04,-65.6,55.015,b15f,33.29
2008-08-05,-65.6,55.015,b15f,25.36
2008-08-06,-65.6,55.015,b15f,20.69
2008-08-07,-65.6,55.015,b15f,17.06
2008-08-08,-65.6,55.015,b15f,14.93
2008-08-09,-65.6,55.015,b15f,13.16
2008-08-10,-65.6,55.015,b15f,11.86
2008-08-11,-65.6,55.015,b15f,10.89
2008-08-12,-65.6,55.015,b15f,10.4
2008-08-13,-65.6,55.015,b15f,10.1
2008-08-14,-65.6,55.015,b15f,10.08
2008-08-15,-65.6,55.015,b15f,0.0
2008-08-16,-65.6,55.015,b15f,0.0
2008-08-17,-65.6,55.015,b15f,0.0
2008-08-18,-65.6,55.015,b15f,0.0
2008-08-19,-65.6,55.015,b15f,0.0
2008-08-20,-65.6,55.015,b15f,0.0
2008-08-21,-65.6,55.015,b15f,0.0
2008-08-22,-65.6,55.015,b15f,0.0
2008-08-23,-65.6,55.015,b15f,0.0
2008-08-24,-65.593,54.969,b15f,0.0
2008-08-25,-65.594,54.968,b15f,0.0
2008-08-26,-65.598,54.966,b15f,0.0
2008-08-27,-65.602,54.963,b15f,0.0
2008-08-28,-65.608,54.96,b15f,0.0
2008-08-29,-65.613,54.957,b15f,0.0
2008-08-30,-65.616,54.955,b15f,0.0
2008-08-31,-65.618,54.954,b15f,0.0
2008-09-01,-65.616,54.955,b15f,0.0
2008-09-02,-65.613,54.957,b15f,0.0
2008-09-03,-65.608,54.96,b15f,0.0
2008-09-04,-65.602,54.963,b15f,0.0
2008-09-05,-65.598,54.966,b15f,0.0
2008-09-06,-65.594,54.968,b15f,0.0
2008-09-07,-65.593,54.969,b15f,0.0
2008-09-08,-65.593,54.969,b15f,0.0
2008-09-09,-65.593,54.969,b15f,0.0
2008-09-10,-65.593,54.969,b15f,0.0
2008-09-11,-65.593,54.969,b15f,0.0
2008-09-12,-65.593,54.969,b15f,0.0
2008-09-13,-65.593,54.969,b15f,0.0
2008-09-14,-65.593,54.969,b15f,0.0
2008-09-15,-65.593,54.969,b15f,0.0
2008-09-16,-65.593,54.969,b15f,0.0
2008-09-17,-65.593,54.969,b15f,0.0
2008-09-18,-65.593,54.969,b15f,0.0
2008-09-19,-65.593,54.969,b15f,0.0
2008-09-20,-65.593,54.969,b15f,0.0
2008-09-21,-65.593,54.969,b15f,0.0
2008-09-22,-65.593,54.969,b15f,0.0
2008-09-23,-65.593,54.969,b15f,0.0
2008-09-24,-65.591,54.837,b15f,0.0
2008-09-25,-65.591,54.837,b15f,0.0
2008-09-26,-65.591,54.837,b15f,0.0
2008-09-27,-65.591,54.837,b15f,0.0
2008-09-28,-65.591,54.837,b15f,0.0
2008-09-29,-65.593,54.837,b15f,0.0
2008-09-30,-65.596,54.84,b15f,0.0
2008-10-01,-65.601,54.843,b15f,0.0
2008-10-02,-65.607,54.846,b15f,0.0
2008-10-03,-65.611,54.849,b15f,0.0
2008-10-04,-65.615,54.851,b15f,0.0
2008-10-05,-65.616,54.852,b15f,0.0
2008-10-06,-65.615,54.85,b15f,0.0
2008-10-07,-65.611,54.846,b15f,0.0
2008-10-08,-65.607,54.84,b15f,0.0
2008-10-09,-65.611,54.915,b15f,0.0
2008-10-10,-65.606,54.909,b15f,0.0
2008-10-11,-65.602,54.905,b15f,0.0
2008-10-12,-65.601,54.903,b15f,0.0
2008-10-13,-65.601,54.903,b15f,0.0
2008-10-14,-65.601,54.903,b15f,0.0
2008-10-15,-65.601,54.903,b15f,0.0
2008-10-16,-65.597,54.997,b15f,0.0
2008-10-17,-65.597,54.997,b15f,0.0
2008-10-18,-65.597,54.997,b15f,0.0
2008-10-19,-65.597,54.997,b15f,0.0
2008-10-20,-65.614,55.074,b15f,0.0
2008-10-21,-65.614,55.074,b15f,0.0
2008-10-22,-65.599,54.968,b15f,0.0
2008-10-23,-65.599,54.968,b15f,10.56
2008-10-24,-65.599,54.968,b15f,10.72
2008-10-25,-65.599,54.968,b15f,11.11
2008-10-26,-65.599,54.968,b15f,11.79
2008-10-27,-65.599,54.968,b15f,14.68
2008-10-28,-65.599,54.968,b15f,18.12
2008-10-29,-65.599,54.968,b15f,22.54
2008-10-30,-65.599,54.968,b15f,27.68
2008-10-31,-65.599,54.968,b15f,34.04
2008-11-01,-65.599,54.968,b15f,41.15
2008-11-02,-65.59,54.944,b15f,50.17
2008-11-03,-65.591,54.944,b15f,60.05
2008-11-04,-65.595,54.944,b15f,64.78
2008-11-05,-65.6,54.944,b15f,69.26
2008-11-06,-65.605,54.944,b15f,84.51
2008-11-07,-65.61,54.944,b15f,101.05
2008-11-08,-65.613,54.944,b15f,112.09
2008-11-09,-65.615,54.944,b15f,124.63
2008-11-10,-65.596,54.929,b15f,146.3
2008-11-11,-65.547,54.892,b15f,169.5
2008-11-12,-65.481,54.841,b15f,173.31
2008-11-13,-65.408,54.786,b15f,199.33
2008-11-14,-65.342,54.735,b15f,226.42
2008-11-15,-65.293,54.698,b15f,255.14
2008-11-16,-65.275,54.684,b15f,286.03
2008-11-17,-65.599,54.968,b15f,323.66
2008-11-18,-65.599,54.968,b15f,363.26
2008-11-19,-65.599,54.968,b15f,403.2
2008-11-20,-65.599,54.968,b15f,443.32
2008-11-21,-65.599,54.968,b15f,481.71
2008-11-22,-65.599,54.968,b15f,521.11
2008-11-23,-65.599,54.968,b15f,560.32
2008-11-24,-65.599,54.968,b15f,598.95
2008-11-25,-65.599,54.968,b15f,637.57
2008-11-26,-65.581,54.947,b15f,683.85
2008-11-27,-65.541,54.901,b15f,730.12
2008-11-28,-65.502,54.856,b15f,778.94
2008-11-29,-65.484,54.835,b15f,827.4
2008-11-30,-65.217,54.617,b15f,885.62
2008-12-01,-65.209,54.674,b15f,927.44
2008-12-02,-65.253,54.637,b15f,970.68
2008-12-03,-65.282,54.663,b15f,1023.0
2008-12-04,-65.353,54.765,b15f,1074.71
2008-12-05,-65.385,54.791,b15f,1115.92
2008-12-06,-65.413,54.809,b15f,1155.65
2008-12-07,-65.431,54.817,b15f,1225.46
2008-12-08,-65.61,55.049,b15f,1260.33
2008-12-09,-65.61,55.049,b15f,1308.89
2008-12-10,-65.61,55.049,b15f,1356.73
2008-12-11,-65.61,55.049,b15f,1417.95
2008-12-12,-65.61,55.049,b15f,1476.45
2008-12-13,-65.61,55.049,b15f,1514.67
2008-12-14,-65.61,55.049,b15f,1575.87
2008-12-15,-65.61,55.049,b15f,1631.87
2008-12-16,-65.61,55.049,b15f,1689.7
2008-12-17,-65.61,55.049,b15f,1758.41
2008-12-18,-65.61,55.049,b15f,1831.29
2008-12-19,-65.61,55.049,b15f,1898.31
2008-12-20,-65.61,55.049,b15f,1958.02
2008-12-21,-65.61,55.049,b15f,2004.92
2008-12-22,-65.61,55.049,b15f,2030.79
2008-12-23,-65.61,55.049,b15f,2052.57
2008-12-24,-65.61,55.049,b15f,2080.6
2008-12-25,-65.537,55.191,b15f,2098.35
2008-12-26,-65.497,54.961,b15f,2121.72
2008-12-27,-65.708,54.887,b15f,2140.89
2008-12-28,-65.744,54.723,b15f,2151.99
2008-12-29,-65.736,54.597,b15f,2163.41
2008-12-30,-65.7,54.658,b15f,2174.99
2008-12-31,-65.611,54.58,b15f,2185.47
2009-01-01,-65.636,54.465,b15f,2184.27
2009-01-02,-65.582,54.362,b15f,2184.86
2009-01-03,-65.397,54.079,b15f,2171.81
2009-01-04,-65.456,53.763,b15f,2152.82
2009-01-05,-65.432,53.524,b15f,2117.8
2009-01-06,-65.422,53.447,b15f,2077.96
2009-01-07,-65.398,53.348,b15f,2054.58
2009-01-08,-65.384,53.303,b15f,2006.05
2009-01-09,-65.324,53.223,b15f,1960.36
2009-01-10,-65.367,52.875,b15f,1911.21
2009-01-11,-65.412,52.885,b15f,1846.34
2009-01-12,-65.382,52.741,b15f,1779.26
2009-01-13,-65.404,52.593,b15f,1713.03
2009-01-14,-65.387,52.53,b15f,1655.58
2009-01-15,-65.389,52.454,b15f,1606.6
2009-01-16,-65.35,52.395,b15f,1572.7
2009-01-17,-65.324,52.279,b15f,1539.72
2009-01-18,-65.277,52.305,b15f,1505.77
2009-01-19,-65.281,52.215,b15f,1472.87
2009-01-20,-65.265,52.208,b15f,1439.54
2009-01-21,-65.27,52.163,b15f,1407.84
2009-01-22,-65.271,52.115,b15f,1380.64
2009-01-23,-65.205,52.084,b15f,1356.34
2009-01-24,-65.197,52.014,b15f,1327.71
2009-01-25,-65.223,52.047,b15f,1299.82
2009-01-26,-65.182,52.065,b15f,1280.17
2009-01-27,-65.206,52.15,b15f,1269.81
2009-01-28,-65.265,51.428,b15f,1252.73
2009-01-29,-65.347,51.643,b15f,1239.99
2009-01-30,-65.347,51.696,b15f,1225.08
2009-01-31,-65.32,51.689,b15f,1212.82
2009-02-01,-65.288,51.642,b15f,1202.99
2009-02-02,-65.339,51.661,b15f,1193.07
2009-02-03,-65.338,51.69,b15f,1185.92
2009-02-04,-65.417,51.766,b15f,1178.61
2009-02-05,-65.467,51.602,b15f,1176.58
2009-02-06,-65.437,51.563,b15f,1171.1
2009-02-07,-65.44,51.544,b15f,1170.76
2009-02-08,-65.473,51.481,b15f,1164.52
2009-02-09,-65.478,51.424,b15f,1154.59
2009-02-10,-65.469,51.404,b15f,1148.53
2009-02-11,-65.496,51.293,b15f,1142.2
2009-02-12,-65.458,51.064,b15f,1135.92
2009-02-13,-65.481,51.029,b15f,1129.57
2009-02-14,-65.443,51.031,b15f,1123.25
2009-02-15,-65.444,50.92,b15f,1116.95
2009-02-16,-65.417,50.899,b15f,1110.21
2009-02-17,-65.474,50.824,b15f,1099.36
2009-02-18,-65.493,50.846,b15f,1094.32
2009-02-19,-65.536,50.702,b15f,1089.31
2009-02-20,-65.717,50.476,b15f,1077.05
2009-02-21,-65.679,50.21,b15f,1073.22
2009-02-22,-65.711,50.263,b15f,1073.36
2009-02-23,-65.769,50.222,b15f,1073.29
2009-02-24,-65.892,49.898,b15f,1074.91
2009-02-25,-65.895,49.666,b15f,1069.46
2009-02-26,-65.944,49.449,b15f,1069.02
2009-02-27,-65.891,49.409,b15f,1069.0
2009-02-28,-65.889,49.259,b15f,1064.61
2009-03-01,-65.875,49.124,b15f,1064.17
2009-03-02,-65.801,49.028,b15f,1060.01
2009-03-03,-65.761,48.935,b15f,1061.29
2009-03-04,-65.751,48.842,b15f,1061.83
2009-03-05,-65.642,48.769,b15f,1066.12
2009-03-06,-65.639,48.71,b15f,1069.9
2009-03-07,-65.593,48.694,b15f,1073.46
2009-03-08,-65.548,48.589,b15f,1077.28
2009-03-09,-65.562,48.494,b15f,1081.75
2009-03-10,-65.567,48.469,b15f,1085.57
2009-03-11,-65.515,48.306,b15f,1089.11
2009-03-12,-65.582,48.283,b15f,1089.39
2009-03-13,-65.59,48.243,b15f,1094.63
2009-03-14,-65.622,48.26,b15f,1095.07
2009-03-15,-65.689,48.345,b15f,1095.43
2009-03-16,-65.744,48.241,b15f,1103.42
2009-03-17,-65.671,48.349,b15f,1108.47
2009-03-18,-65.624,48.374,b15f,1103.24
2009-03-19,-65.595,48.36,b15f,1099.94
2009-03-20,-65.661,48.354,b15f,1098.71
2009-03-21,-65.637,48.409,b15f,1105.75
2009-03-22,-65.661,48.256,b15f,1119.68
2009-03-23,-65.697,48.088,b15f,1133.54
2009-03-24,-65.74,47.866,b15f,1151.49
2009-03-25,-65.812,47.91,b15f,1179.94
2009-03-26,-65.863,47.723,b15f,1209.45
2009-03-27,-65.889,47.611,b15f,1228.63
2009-03-28,-65.943,47.62,b15f,1207.08
2009-03-29,-65.968,47.541,b15f,1195.07
2009-03-30,-66.01,47.64,b15f,1235.19
2009-03-31,-66.049,47.488,b15f,1277.77
2009-04-01,-66.078,47.331,b15f,1318.41
2009-04-02,-66.15,47.075,b15f,1363.35
2009-04-03,-66.157,46.742,b15f,1408.44
2009-04-04,-66.121,46.398,b15f,1454.64
2009-04-05,-66.137,46.235,b15f,1500.84
2009-04-06,-66.142,46.01,b15f,1550.92
2009-04-07,-66.149,45.869,b15f,1606.2
2009-04-08,-66.162,45.889,b15f,1695.3
2009-04-09,-66.18,45.86,b15f,1755.18
2009-04-10,-66.2,45.789,b15f,1796.21
2009-04-11,-66.232,45.762,b15f,1891.15
2009-04-12,-66.162,45.866,b15f,1976.58
2009-04-13,-66.24,45.716,b15f,2051.48
2009-04-14,-66.255,45.68,b15f,2100.56
2009-04-15,-66.389,45.545,b15f,2174.54
2009-04-16,-66.474,45.214,b15f,2243.08
2009-04-17,-66.538,44.942,b15f,2296.91
2009-04-18,-66.66,44.701,b15f,2331.25
2009-04-19,-66.705,44.631,b15f,2369.05
2009-04-20,-66.798,44.476,b15f,2404.75
2009-04-21,-66.772,44.289,b15f,2442.08
2009-04-22,-66.839,44.139,b15f,2514.16
2009-04-23,-66.946,43.454,b15f,2573.67
2009-04-24,-67.075,43.232,b15f,2580.54
2009-04-25,-67.365,42.286,b15f,2585.06
2009-04-26,-67.537,41.654,b15f,2589.8
2009-04-27,-67.698,40.858,b15f,2590.71
2009-04-28,-67.785,40.682,b15f,2585.94
2009-04-29,-67.879,40.505,b15f,2593.32
2009-04-30,-67.98,40.288,b15f,2604.6
2009-05-01,-68.171,40.057,b15f,2613.65
2009-05-02,-68.282,40.034,b15f,2586.86
2009-05-03,-68.296,39.961,b15f,2552.03
2009-05-04,-68.296,39.961,b15f,2519.02
2009-05-05,-68.276,40.055,b15f,2501.78
2009-05-06,-68.28,40.077,b15f,2424.61
2009-05-07,-68.28,40.077,b15f,2356.29
2009-05-08,-68.256,40.073,b15f,2297.6
2009-05-09,-68.222,40.066,b15f,2281.31
2009-05-10,-68.233,39.833,b15f,2218.51
2009-05-11,-68.15,39.471,b15f,2150.41
2009-05-12,-68.14,39.163,b15f,2085.51
2009-05-13,-68.285,38.609,b15f,2053.52
2009-05-14,-68.407,38.4,b15f,2012.04
2009-05-15,-68.496,38.334,b15f,1952.43
2009-05-16,-68.508,38.209,b15f,1910.26
2009-05-17,-68.443,38.279,b15f,1866.36
2009-05-18,-68.469,37.945,b15f,1831.01
2009-05-19,-68.54,37.953,b15f,1792.9
2009-05-20,-68.605,37.958,b15f,1753.94
2009-05-21,-68.616,37.938,b15f,1719.59
2009-05-22,-68.609,37.928,b15f,1684.79
2009-05-23,-68.611,37.957,b15f,1655.1
2009-05-24,-68.595,37.873,b15f,1608.19
2009-05-25,-68.525,37.554,b15f,1565.58
2009-05-26,-68.504,37.378,b15f,1532.08
2009-05-27,-68.482,37.295,b15f,1522.84
2009-05-28,-68.419,37.237,b15f,1497.36
2009-05-29,-68.378,37.221,b15f,1499.43
2009-05-30,-68.356,37.366,b15f,1506.99
2009-05-31,-68.342,37.611,b15f,1523.13
2009-06-01,-68.345,37.914,b15f,1556.31
2009-06-02,-68.272,38.204,b15f,1582.76
2009-06-03,-68.186,38.259,b15f,1591.8
2009-06-04,-68.106,38.019,b15f,1626.69
2009-06-05,-67.999,37.561,b15f,1663.61
2009-06-06,-67.997,37.146,b15f,1696.12
2009-06-07,-68.098,36.975,b15f,1720.82
2009-06-08,-68.161,36.891,b15f,1745.73
2009-06-09,-68.224,36.487,b15f,1780.88
2009-06-10,-68.227,36.441,b15f,1796.19
2009-06-11,-68.214,36.344,b15f,1815.87
2009-06-12,-68.215,36.16,b15f,1827.61
2009-06-13,-68.22,35.781,b15f,1841.67
2009-06-14,-68.24,35.592,b15f,1853.01
2009-06-15,-68.246,35.553,b15f,1863.89
2009-06-16,-68.354,34.882,b15f,1870.04
2009-06-17,-68.348,34.734,b15f,1873.2
2009-06-18,-68.339,34.729,b15f,1880.76
2009-06-19,-68.371,34.717,b15f,1879.4
2009-06-20,-68.351,34.591,b15f,1869.03
2009-06-21,-68.337,34.57,b15f,1857.44
2009-06-22,-68.32,34.539,b15f,1841.1
2009-06-23,-68.267,34.393,b15f,1823.42
2009-06-24,-68.232,34.149,b15f,1795.74
2009-06-25,-68.223,34.031,b15f,1767.9
2009-06-26,-68.226,34.018,b15f,1725.9
2009-06-27,-68.263,33.715,b15f,1690.67
2009-06-28,-68.267,33.336,b15f,1654.13
2009-06-29,-68.241,33.206,b15f,1606.03
2009-06-30,-68.217,32.916,b15f,1562.38
2009-07-01,-68.32,32.794,b15f,1531.45
2009-07-02,-68.308,32.709,b15f,1489.85
2009-07-03,-68.337,32.626,b15f,1446.48
2009-07-04,-68.385,32.282,b15f,1410.31
2009-07-05,-68.502,31.852,b15f,1386.53
2009-07-06,-68.545,31.725,b15f,1360.86
2009-07-07,-68.584,31.575,b15f,1338.03
2009-07-08,-68.625,31.431,b15f,1321.96
2009-07-09,-68.713,31.16,b15f,1305.0
2009-07-10,-68.769,31.031,b15f,1292.07
2009-07-11,-68.79,30.788,b15f,1284.52
2009-07-12,-68.833,30.626,b15f,1280.7
2009-07-13,-68.878,30.352,b15f,1270.68
2009-07-14,-68.889,30.234,b15f,1262.42
2009-07-15,-68.872,30.056,b15f,1257.65
2009-07-16,-68.894,29.969,b15f,1256.03
2009-07-17,-69.107,29.46,b15f,1259.1
2009-07-18,-69.142,29.175,b15f,1261.01
2009-07-19,-69.197,29.057,b15f,1263.1
2009-07-20,-69.344,28.63,b15f,1269.48
2009-07-21,-69.395,28.367,b15f,1274.07
2009-07-22,-69.482,27.998,b15f,1280.48
2009-07-23,-69.495,27.76,b15f,1287.74
2009-07-24,-69.54,27.639,b15f,1295.11
2009-07-25,-69.529,27.43,b15f,1306.35
2009-07-26,-69.564,27.382,b15f,1310.4
2009-07-27,-69.583,27.207,b15f,1344.92
2009-07-28,-69.586,27.112,b15f,1349.33
2009-07-29,-69.638,26.967,b15f,1389.8
2009-07-30,-69.628,26.852,b15f,1416.39
2009-07-31,-69.685,26.622,b15f,1456.97
2009-08-01,-69.708,26.519,b15f,1483.09
2009-08-02,-69.726,26.416,b15f,1481.34
2009-08-03,-69.748,26.182,b15f,1522.17
2009-08-04,-69.776,25.965,b15f,1518.78
2009-08-05,-69.903,25.491,b15f,1514.24
2009-08-06,-69.98,25.071,b15f,1477.59
2009-08-07,-69.973,24.71,b15f,1477.01
2009-08-08,-70.035,24.386,b15f,1474.85
2009-08-09,-70.033,24.068,b15f,1430.71
2009-08-10,-69.997,23.497,b15f,1385.27
2009-08-11,-69.995,23.215,b15f,1336.5
2009-08-12,-69.964,22.837,b15f,1321.08
2009-08-13,-69.916,22.624,b15f,1306.52
2009-08-14,-69.891,22.405,b15f,1280.95
2009-08-15,-69.841,22.181,b15f,1255.13
2009-08-16,-69.82,21.897,b15f,1234.06
2009-08-17,-69.765,21.428,b15f,1208.49
2009-08-18,-69.76,21.146,b15f,1171.6
2009-08-19,-69.698,20.654,b15f,1145.11
2009-08-20,-69.698,20.654,b15f,1114.81
2009-08-21,-69.672,20.197,b15f,1046.13
2009-08-22,-69.679,19.866,b15f,1005.7
2009-08-23,-69.679,19.866,b15f,927.14
2009-08-24,-69.659,19.283,b15f,861.92
2009-08-25,-69.636,18.978,b15f,782.36
2009-08-26,-69.58,18.708,b15f,716.92
2009-08-27,-69.586,18.511,b15f,671.92
2009-08-28,-69.541,18.358,b15f,589.2
2009-08-29,-69.549,18.176,b15f,544.16
2009-08-30,-69.523,18.042,b15f,499.13
2009-08-31,-69.523,18.042,b15f,485.46
2009-09-01,-69.496,17.979,b15f,437.72
2009-09-02,-69.511,17.846,b15f,391.09
2009-09-03,-69.516,17.651,b15f,387.92
2009-09-04,-69.519,17.605,b15f,385.67
2009-09-05,-69.521,17.58,b15f,378.41
2009-09-06,-69.524,17.543,b15f,342.98
2009-09-07,-69.534,17.454,b15f,306.4
2009-09-08,-69.509,17.458,b15f,276.49
2009-09-09,-69.495,17.317,b15f,247.63
2009-09-10,-69.487,17.234,b15f,214.15
2009-09-11,-69.456,17.062,b15f,184.92
2009-09-12,-69.451,16.987,b15f,166.25
2009-09-13,-69.462,16.959,b15f,134.8
2009-09-14,-69.441,16.774,b15f,112.49
2009-09-15,-69.433,16.611,b15f,100.17
2009-09-16,-69.435,16.473,b15f,90.3
2009-09-17,-69.418,16.516,b15f,81.61
2009-09-18,-69.412,16.57,b15f,73.88
2009-09-19,-69.387,16.417,b15f,66.97
2009-09-20,-69.38,16.484,b15f,60.46
2009-09-21,-69.386,16.505,b15f,55.08
2009-09-22,-69.361,16.501,b15f,49.28
2009-09-23,-69.326,16.408,b15f,43.99
2009-09-24,-69.316,16.341,b15f,38.89
2009-09-25,-69.278,16.188,b15f,33.79
2009-09-26,-69.21,15.763,b15f,32.89
2009-09-27,-69.19,15.252,b15f,32.08
2009-09-28,-69.217,14.96,b15f,27.66
2009-09-29,-69.233,14.619,b15f,23.58
2009-09-30,-69.261,14.397,b15f,23.14
2009-10-01,-69.309,14.141,b15f,19.67
2009-10-02,-69.337,13.871,b15f,16.55
2009-10-03,-69.31,13.709,b15f,14.02
2009-10-04,-69.297,13.668,b15f,13.73
2009-10-05,-69.297,13.668,b15f,12.1
2009-10-06,-69.302,13.613,b15f,10.81
2009-10-07,-69.28,13.394,b15f,10.19
2009-10-08,-69.302,13.319,b15f,10.11
2009-10-09,-69.308,13.249,b15f,0.0
2009-10-10,-69.32,13.095,b15f,0.0
2009-10-11,-69.32,13.095,b15f,0.0
2009-10-12,-69.322,12.881,b15f,0.0
2009-10-13,-69.34,12.85,b15f,0.0
2009-10-14,-69.367,12.721,b15f,0.0
2009-10-15,-69.379,12.722,b15f,0.0
2009-10-16,-69.392,12.71,b15f,0.0
2009-10-17,-69.445,12.45,b15f,0.0
2009-10-18,-69.461,12.463,b15f,0.0
2009-10-19,-69.497,12.255,b15f,0.0
2009-10-20,-69.497,12.255,b15f,0.0
2009-10-21,-69.515,12.075,b15f,0.0
2009-10-22,-69.496,11.999,b15f,0.0
2009-10-23,-69.548,11.678,b15f,0.0
2009-10-24,-69.597,11.274,b15f,0.0
2009-10-25,-69.594,11.264,b15f,0.0
2009-10-26,-69.626,10.904,b15f,0.0
2009-10-27,-69.654,10.848,b15f,0.0
2009-10-28,-69.661,10.625,b15f,0.0
2009-10-29,-69.654,10.178,b15f,0.0
2009-10-30,-69.658,9.967,b15f,0.0
2009-10-31,-69.684,9.805,b15f,0.0
2009-11-01,-69.742,9.575,b15f,0.0
2009-11-02,-69.786,9.094,b15f,0.0
2009-11-03,-69.82,8.832,b15f,0.0
2009-11-04,-69.763,8.641,b15f,0.0
2009-11-05,-69.702,8.419,b15f,0.0
2009-11-06,-69.733,8.027,b15f,0.0
2009-11-07,-69.764,7.864,b15f,0.0
2009-11-08,-69.77,7.755,b15f,0.0
2009-11-09,-69.775,7.641,b15f,0.0
2009-11-10,-69.759,7.477,b15f,0.0
2009-11-11,-69.756,7.364,b15f,0.0
2009-11-12,-69.704,7.271,b15f,0.0
2009-11-13,-69.685,7.248,b15f,0.0
2009-11-14,-69.631,7.103,b15f,0.0
2009-11-15,-69.655,7.001,b15f,0.0
2009-11-16,-69.666,6.843,b15f,0.0
2009-11-17,-69.665,6.67,b15f,0.0
2009-11-18,-69.687,6.504,b15f,0.0
2009-11-19,-69.724,6.28,b15f,0.0
2009-11-20,-69.796,6.176,b15f,0.0
2009-11-21,-69.84,6.078,b15f,0.0
2009-11-22,-69.838,5.935,b15f,0.0
2009-11-23,-69.838,5.935,b15f,0.0
2010-01-24,-70.37,-10.12,b15f,0.0
2010-01-25,-70.403,-10.27,b15f,0.0
2010-01-26,-70.447,-10.408,b15f,0.0
2010-01-27,-70.502,-10.543,b15f,0.0
2010-01-28,-70.564,-10.685,b15f,0.0
2010-01-29,-70.631,-10.844,b15f,0.0
2010-01-30,-70.701,-11.029,b15f,0.0
2010-01-31,-70.77,-11.25,b15f,0.0
2010-02-01,-70.844,-11.584,b15f,0.0
2010-02-02,-70.928,-12.062,b15f,0.0
2010-02-03,-71.017,-12.628,b15f,0.0
2010-02-04,-71.11,-13.227,b15f,0.0
2010-02-05,-71.201,-13.801,b15f,0.0
2010-02-06,-71.289,-14.294,b15f,0.0
2010-02-07,-71.37,-14.65,b15f,0.0
2010-02-08,-71.443,-14.892,b15f,0.0
2010-02-09,-71.511,-15.091,b15f,0.0
2010-02-10,-71.577,-15.262,b15f,0.0
2010-02-11,-71.641,-15.418,b15f,0.0
2010-02-12,-71.707,-15.576,b15f,0.0
2010-02-13,-71.776,-15.748,b15f,0.0
2010-02-14,-71.85,-15.95,b15f,0.0
2010-02-15,-71.929,-16.175,b15f,0.0
2010-02-16,-72.01,-16.41,b15f,0.0
2010-02-17,-72.094,-16.658,b15f,0.0
2010-02-18,-72.182,-16.925,b15f,0.0
2010-02-19,-72.274,-17.214,b15f,0.0
2010-02-20,-72.37,-17.531,b15f,0.0
2010-02-21,-72.47,-17.88,b15f,0.0
2010-02-22,-72.582,-18.304,b15f,0.0
2010-02-23,-72.709,-18.823,b15f,0.0
2010-02-24,-72.843,-19.403,b15f,0.0
2010-02-25,-72.979,-20.013,b15f,0.0
2010-02-26,-73.109,-20.621,b15f,0.0
2010-02-27,-73.229,-21.194,b15f,0.0
2010-02-28,-73.33,-21.7,b15f,0.0
2010-03-01,-73.416,-22.147,b15f,0.0
2010-03-02,-73.493,-22.569,b15f,0.0
2010-03-03,-73.564,-22.971,b15f,0.0
2010-03-04,-73.632,-23.36,b15f,0.0
2010-03-05,-73.697,-23.74,b15f,0.0
2010-03-06,-73.763,-24.118,b15f,0.0
2010-03-07,-73.83,-24.5,b15f,0.0
2010-03-08,-73.905,-24.927,b15f,0.0
2010-03-09,-73.989,-25.409,b15f,0.0
2010-03-10,-74.073,-25.901,b15f,0.0
2010-03-11,-74.153,-26.36,b15f,0.0
2010-03-12,-74.222,-26.742,b15f,0.0
2010-03-13,-74.273,-27.003,b15f,0.0
2010-03-14,-74.3,-27.1,b15f,0.0
2010-03-15,-74.311,-27.099,b15f,0.0
2010-03-16,-74.319,-27.096,b15f,0.0
2010-03-17,-74.325,-27.092,b15f,0.0
2010-03-18,-74.329,-27.088,b15f,0.0
2010-03-19,-74.334,-27.084,b15f,0.0
2010-03-20,-74.341,-27.081,b15f,0.0
2010-03-21,-74.35,-27.08,b15f,0.0
2010-03-22,-74.364,-27.083,b15f,0.0
2010-03-23,-74.385,-27.091,b15f,0.0
2010-03-24,-74.409,-27.104,b15f,0.0
2010-03-25,-74.434,-27.12,b15f,0.0
2010-03-26,-74.459,-27.138,b15f,0.0
2010-03-27,-74.482,-27.159,b15f,0.0
2010-03-28,-74.5,-27.18,b15f,0.0
2010-03-29,-74.515,-27.212,b15f,0.0
2010-03-30,-74.531,-27.261,b15f,0.0
2010-03-31,-74.546,-27.319,b15f,0.0
2010-04-01,-74.56,-27.378,b15f,0.0
2010-04-02,-74.57,-27.429,b15f,0.0
2010-04-03,-74.577,-27.466,b15f,0.0
2010-04-04,-74.58,-27.48,b15f,0.0
2010-04-05,-74.569,-27.462,b15f,0.0
2010-04-06,-74.541,-27.415,b15f,0.0
2010-04-07,-74.502,-27.35,b15f,0.0
2010-04-08,-74.457,-27.28,b15f,0.0
2010-04-09,-74.413,-27.215,b15f,0.0
2010-04-10,-74.375,-27.168,b15f,0.0
2010-04-11,-74.35,-27.15,b15f,0.0
2010-04-12,-74.333,-27.213,b15f,0.0
2010-04-13,-74.317,-27.381,b15f,0.0
2010-04-14,-74.302,-27.628,b15f,0.0
2010-04-15,-74.289,-27.924,b15f,0.0
2010-04-16,-74.279,-28.242,b15f,0.0
2010-04-17,-74.272,-28.554,b15f,0.0
2010-04-18,-74.27,-28.83,b15f,0.0
2010-04-19,-74.276,-29.088,b15f,0.0
2010-04-20,-74.291,-29.358,b15f,0.0
2010-04-21,-74.313,-29.633,b15f,0.0
2010-04-22,-74.34,-29.907,b15f,0.0
2010-04-23,-74.37,-30.172,b15f,0.0
2010-04-24,-74.401,-30.422,b15f,0.0
2010-04-25,-74.43,-30.65,b15f,0.0
2010-04-26,-74.463,-30.876,b15f,0.0
2010-04-27,-74.506,-31.113,b15f,0.0
2010-04-28,-74.551,-31.347,b15f,0.0
2010-04-29,-74.596,-31.56,b15f,0.0
2010-04-30,-74.634,-31.739,b15f,0.0
2010-05-01,-74.66,-31.868,b15f,0.0
2010-05-02,-74.67,-31.93,b15f,0.0
2010-05-03,-74.662,-31.953,b15f,0.0
2010-05-04,-74.64,-31.972,b15f,0.0
2010-05-05,-74.611,-31.989,b15f,0.0
2010-05-06,-74.579,-32.002,b15f,0.0
2010-05-07,-74.55,-32.012,b15f,0.0
2010-05-08,-74.528,-32.018,b15f,0.0
2010-05-09,-74.52,-32.02,b15f,0.0
2010-05-10,-74.521,-31.991,b15f,0.0
2010-05-11,-74.524,-31.916,b15f,0.0
2010-05-12,-74.528,-31.813,b15f,0.0
2010-05-13,-74.533,-31.701,b15f,0.0
2010-05-14,-74.539,-31.595,b15f,0.0
2010-05-15,-74.544,-31.516,b15f,0.0
2010-05-16,-74.55,-31.48,b15f,0.0
2010-05-17,-74.555,-31.472,b15f,0.0
2010-05-18,-74.56,-31.466,b15f,0.0
2010-05-19,-74.565,-31.46,b15f,0.0
2010-05-20,-74.571,-31.456,b15f,0.0
2010-05-21,-74.579,-31.453,b15f,0.0
2010-05-22,-74.588,-31.451,b15f,0.0
2010-05-23,-74.6,-31.45,b15f,0.0
2010-05-24,-74.641,-31.507,b15f,0.0
2010-05-25,-74.726,-31.654,b15f,0.0
2010-05-26,-74.837,-31.855,b15f,0.0
2010-05-27,-74.955,-32.075,b15f,0.0
2010-05-28,-75.062,-32.276,b15f,0.0
2010-05-29,-75.14,-32.423,b15f,0.0
2010-05-30,-75.17,-32.48,b15f,0.0
2010-05-31,-75.169,-32.479,b15f,0.0
2010-06-01,-75.166,-32.478,b15f,0.0
2010-06-02,-75.162,-32.476,b15f,0.0
2010-06-03,-75.158,-32.474,b15f,0.0
2010-06-04,-75.154,-32.472,b15f,0.0
2010-06-05,-75.151,-32.471,b15f,0.0
2010-06-06,-75.15,-32.47,b15f,0.0
2010-06-07,-75.155,-32.491,b15f,0.0
2010-06-08,-75.169,-32.545,b15f,0.0
2010-06-09,-75.189,-32.62,b15f,0.0
2010-06-10,-75.213,-32.7,b15f,0.0
2010-06-11,-75.238,-32.775,b15f,0.0
2010-06-12,-75.261,-32.829,b15f,0.0
2010-06-13,-75.28,-32.85,b15f,0.0
2010-06-14,-75.297,-32.833,b15f,0.0
2010-06-15,-75.314,-32.791,b15f,0.0
2010-06-16,-75.332,-32.732,b15f,0.0
2010-06-17,-75.348,-32.668,b15f,0.0
2010-06-18,-75.362,-32.609,b15f,0.0
2010-06-19,-75.373,-32.567,b15f,0.0
2010-06-20,-75.38,-32.55,b15f,0.0
2010-06-21,-75.384,-32.554,b15f,0.0
2010-06-22,-75.387,-32.566,b15f,0.0
2010-06-23,-75.388,-32.582,b15f,0.0
2010-06-24,-75.39,-32.599,b15f,0.0
2010-06-25,-75.392,-32.614,b15f,0.0
2010-06-26,-75.395,-32.626,b15f,0.0
2010-06-27,-75.4,-32.63,b15f,0.0
2010-06-28,-75.489,-32.593,b15f,0.0
2010-06-29,-75.709,-32.497,b15f,0.0
2010-06-30,-76.008,-32.361,b15f,0.0
2010-07-01,-76.332,-32.206,b15f,0.0
2010-07-02,-76.629,-32.052,b15f,0.0
2010-07-03,-76.846,-31.92,b15f,0.0
2010-07-04,-76.93,-31.83,b15f,0.0
2010-07-05,-76.83,-31.771,b15f,0.0
2010-07-06,-76.571,-31.719,b15f,0.0
2010-07-07,-76.218,-31.672,b15f,0.0
2010-07-08,-75.832,-31.63,b15f,0.0
2010-07-09,-75.479,-31.593,b15f,0.0
2010-07-10,-75.22,-31.56,b15f,0.0
2010-07-11,-75.12,-31.53,b15f,0.0
2010-07-12,-75.129,-31.501,b15f,0.0
2010-07-13,-75.152,-31.471,b15f,0.0
2010-07-14,-75.185,-31.443,b15f,0.0
2010-07-15,-75.224,-31.418,b15f,0.0
2010-07-16,-75.264,-31.398,b15f,0.0
2010-07-17,-75.301,-31.385,b15f,0.0
2010-07-18,-75.33,-31.38,b15f,0.0
2010-07-19,-75.353,-31.389,b15f,0.0
2010-07-20,-75.374,-31.413,b15f,0.0
2010-07-21,-75.395,-31.449,b15f,0.0
2010-07-22,-75.414,-31.494,b15f,0.0
2010-07-23,-75.432,-31.545,b15f,0.0
2010-07-24,-75.451,-31.598,b15f,0.0
2010-07-25,-75.47,-31.65,b15f,0.0
2010-07-26,-75.491,-31.713,b15f,0.0
2010-07-27,-75.515,-31.793,b15f,0.0
2010-07-28,-75.54,-31.883,b15f,0.0
2010-07-29,-75.563,-31.974,b15f,0.0
2010-07-30,-75.582,-32.057,b15f,0.0
2010-07-31,-75.595,-32.126,b15f,0.0
2010-08-01,-75.6,-32.17,b15f,0.0
2010-08-02,-75.6,-32.199,b15f,0.0
2010-08-03,-75.598,-32.226,b15f,0.0
2010-08-04,-75.596,-32.25,b15f,0.0
2010-08-05,-75.593,-32.271,b15f,0.0
2010-08-06,-75.589,-32.286,b15f,0.0
2010-08-07,-75.585,-32.296,b15f,0.0
2010-08-08,-75.58,-32.3,b15f,0.0
2010-08-09,-75.565,-32.291,b15f,0.0
2010-08-10,-75.534,-32.267,b15f,0.0
2010-08-11,-75.492,-32.23,b15f,0.0
2010-08-12,-75.444,-32.184,b15f,0.0
2010-08-13,-75.396,-32.131,b15f,0.0
2010-08-14,-75.353,-32.076,b15f,0.0
2010-08-15,-75.32,-32.02,b15f,0.0
2010-08-16,-75.293,-31.95,b15f,0.0
2010-08-17,-75.266,-31.855,b15f,0.0
2010-08-18,-75.239,-31.748,b15f,0.0
2010-08-19,-75.216,-31.64,b15f,0.0
2010-08-20,-75.197,-31.542,b15f,0.0
2010-08-21,-75.185,-31.465,b15f,0.0
2010-08-22,-75.18,-31.42,b15f,0.0
2010-08-23,-75.183,-31.399,b15f,0.0
2010-08-24,-75.19,-31.384,b15f,0.0
2010-08-25,-75.2,-31.372,b15f,0.0
2010-08-26,-75.21,-31.361,b15f,0.0
2010-08-27,-75.22,-31.351,b15f,0.0
2010-08-28,-75.227,-31.338,b15f,0.0
2010-08-29,-75.23,-31.32,b15f,0.0
2010-08-30,-75.216,-31.296,b15f,0.0
2010-08-31,-75.18,-31.265,b15f,0.0
2010-09-01,-75.132,-31.23,b15f,0.0
2010-09-02,-75.078,-31.191,b15f,0.0
2010-09-03,-75.03,-31.15,b15f,0.0
2010-09-04,-74.994,-31.11,b15f,0.0
2010-09-05,-74.98,-31.07,b15f,0.0
2010-09-06,-74.987,-31.026,b15f,0.0
2010-09-07,-75.004,-30.973,b15f,0.0
2010-09-08,-75.029,-30.918,b15f,0.0
2010-09-09,-75.058,-30.866,b15f,0.0
2010-09-10,-75.086,-30.822,b15f,0.0
2010-09-11,-75.112,-30.791,b15f,0.0
2010-09-12,-75.13,-30.78,b15f,0.0
2010-09-13,-75.143,-30.792,b15f,0.0
2010-09-14,-75.155,-30.823,b15f,0.0
2010-09-15,-75.167,-30.868,b15f,0.0
2010-09-16,-75.177,-30.919,b15f,0.0
2010-09-17,-75.186,-30.971,b15f,0.0
2010-09-18,-75.193,-31.017,b15f,0.0
2010-09-19,-75.2,-31.05,b15f,0.0
2010-09-20,-75.205,-31.072,b15f,0.0
2010-09-21,-75.209,-31.09,b15f,0.0
2010-09-22,-75.212,-31.106,b15f,0.0
2010-09-23,-75.215,-31.121,b15f,0.0
2010-09-24,-75.219,-31.137,b15f,0.0
2010-09-25,-75.224,-31.156,b15f,0.0
2010-09-26,-75.23,-31.18,b15f,0.0
2010-09-27,-75.244,-31.21,b15f,0.0
2010-09-28,-75.268,-31.245,b15f,0.0
2010-09-29,-75.301,-31.286,b15f,0.0
2010-09-30,-75.341,-31.335,b15f,0.0
2010-10-01,-75.385,-31.391,b15f,0.0
2010-10-02,-75.432,-31.456,b15f,0.0
2010-10-03,-75.48,-31.53,b15f,0.0
2010-10-04,-75.538,-31.646,b15f,0.0
2010-10-05,-75.613,-31.82,b15f,0.0
2010-10-06,-75.697,-32.033,b15f,0.0
2010-10-07,-75.783,-32.263,b15f,0.0
2010-10-08,-75.863,-32.49,b15f,0.0
2010-10-09,-75.932,-32.692,b15f,0.0
2010-10-10,-75.98,-32.85,b15f,0.0
2010-10-11,-76.015,-32.982,b15f,0.0
2010-10-12,-76.049,-33.116,b15f,0.0
2010-10-13,-76.079,-33.243,b15f,0.0
2010-10-14,-76.105,-33.357,b15f,0.0
2010-10-15,-76.126,-33.448,b15f,0.0
2010-10-16,-76.141,-33.508,b15f,0.0
2010-10-17,-76.15,-33.53,b15f,0.0
2010-10-18,-76.154,-33.53,b15f,0.0
2010-10-19,-76.157,-33.53,b15f,0.0
2010-10-20,-76.16,-33.53,b15f,0.0
2010-10-21,-76.161,-33.53,b15f,0.0
2010-10-22,-76.164,-33.53,b15f,0.0
2010-10-23,-76.166,-33.53,b15f,0.0
2010-10-24,-76.17,-33.53,b15f,0.0
2010-10-25,-76.176,-33.55,b15f,0.0
2010-10-26,-76.184,-33.605,b15f,0.0
2010-10-27,-76.194,-33.684,b15f,0.0
2010-10-28,-76.206,-33.778,b15f,0.0
2010-10-29,-76.219,-33.877,b15f,0.0
2010-10-30,-76.234,-33.971,b15f,0.0
2010-10-31,-76.25,-34.05,b15f,0.0
2010-11-01,-76.275,-34.126,b15f,0.0
2010-11-02,-76.311,-34.21,b15f,0.0
2010-11-03,-76.353,-34.295,b15f,0.0
2010-11-04,-76.396,-34.374,b15f,0.0
2010-11-05,-76.433,-34.439,b15f,0.0
2010-11-06,-76.46,-34.484,b15f,0.0
2010-11-07,-76.47,-34.5,b15f,0.0
2010-11-08,-76.469,-34.496,b15f,0.0
2010-11-09,-76.468,-34.486,b15f,0.0
2010-11-10,-76.465,-34.472,b15f,0.0
2010-11-11,-76.462,-34.458,b15f,0.0
2010-11-12,-76.458,-34.444,b15f,0.0
2010-11-13,-76.454,-34.434,b15f,0.0
2010-11-14,-76.45,-34.43,b15f,0.0
2010-11-15,-76.445,-34.438,b15f,0.0
2010-11-16,-76.439,-34.458,b15f,0.0
2010-11-17,-76.431,-34.485,b15f,0.0
2010-11-18,-76.423,-34.515,b15f,0.0
2010-11-19,-76.413,-34.542,b15f,0.0
2010-11-20,-76.402,-34.562,b15f,0.0
2010-11-21,-76.39,-34.57,b15f,0.0
2010-11-22,-76.372,-34.555,b15f,0.0
2010-11-23,-76.346,-34.515,b15f,0.0
2010-11-24,-76.315,-34.46,b15f,0.0
2010-11-25,-76.284,-34.4,b15f,0.0
2010-11-26,-76.257,-34.346,b15f,0.0
2010-11-27,-76.237,-34.306,b15f,0.0
2010-11-28,-76.23,-34.29,b15f,0.0
2010-11-29,-76.232,-34.301,b15f,0.0
2010-11-30,-76.237,-34.331,b15f,0.0
2010-12-01,-76.245,-34.376,b15f,0.0
2010-12-02,-76.254,-34.431,b15f,0.0
2010-12-03,-76.266,-34.493,b15f,0.0
2010-12-04,-76.278,-34.558,b15f,0.0
2010-12-05,-76.29,-34.62,b15f,0.0
2010-12-06,-76.306,-34.688,b15f,0.0
2010-12-07,-76.327,-34.768,b15f,0.0
2010-12-08,-76.351,-34.856,b15f,0.0
2010-12-09,-76.377,-34.948,b15f,0.0
2010-12-10,-76.401,-35.039,b15f,0.0
2010-12-11,-76.423,-35.124,b15f,0.0
2010-12-12,-76.44,-35.2,b15f,0.0
2010-12-13,-76.454,-35.274,b15f,0.0
2010-12-14,-76.468,-35.354,b15f,0.0
2010-12-15,-76.481,-35.434,b15f,0.0
2010-12-16,-76.493,-35.506,b15f,0.0
2010-12-17,-76.502,-35.565,b15f,0.0
2010-12-18,-76.508,-35.605,b15f,0.0
2010-12-19,-76.51,-35.62,b15f,0.0
2010-12-20,-76.51,-35.618,b15f,0.0
2010-12-21,-76.51,-35.614,b15f,0.0
2010-12-22,-76.51,-35.608,b15f,0.0
2010-12-23,-76.51,-35.602,b15f,0.0
2010-12-24,-76.51,-35.596,b15f,0.0
2010-12-25,-76.51,-35.592,b15f,0.0
2010-12-26,-76.51,-35.59,b15f,0.0
2010-12-27,-76.505,-35.599,b15f,0.0
2010-12-28,-76.491,-35.623,b15f,0.0
2010-12-29,-76.471,-35.66,b15f,0.0
2010-12-30,-76.45,-35.705,b15f,0.0
2010-12-31,-76.429,-35.755,b15f,0.0
2011-01-01,-76.405,-35.832,b15f,0.0
2011-01-02,-76.4,-35.88,b15f,0.0
2011-01-03,-76.402,-35.927,b15f,0.0
2011-01-04,-76.406,-35.978,b15f,0.0
2011-01-05,-76.412,-36.032,b15f,0.0
2011-01-06,-76.418,-36.088,b15f,0.0
2011-01-07,-76.424,-36.143,b15f,0.0
2011-01-08,-76.428,-36.198,b15f,0.0
2011-01-09,-76.43,-36.25,b15f,0.0
2011-01-10,-76.428,-36.3,b15f,0.0
2011-01-11,-76.423,-36.348,b15f,0.0
2011-01-12,-76.414,-36.396,b15f,0.0
2011-01-13,-76.403,-36.443,b15f,0.0
2011-01-14,-76.39,-36.491,b15f,0.0
2011-01-15,-76.376,-36.54,b15f,0.0
2011-01-16,-76.36,-36.59,b15f,0.0
2011-01-17,-76.334,-36.644,b15f,0.0
2011-01-18,-76.292,-36.701,b15f,0.0
2011-01-19,-76.242,-36.76,b15f,0.0
2011-01-20,-76.191,-36.818,b15f,0.0
2011-01-21,-76.145,-36.874,b15f,0.0
2011-01-22,-76.113,-36.925,b15f,0.0
2011-01-23,-76.1,-36.97,b15f,0.0
2011-01-24,-76.1,-37.007,b15f,0.0
2011-01-25,-76.1,-37.038,b15f,0.0
2011-01-26,-76.1,-37.066,b15f,0.0
2011-01-27,-76.1,-37.093,b15f,0.0
2011-01-28,-76.1,-37.122,b15f,0.0
2011-01-29,-76.1,-37.157,b15f,0.0
2011-01-30,-76.1,-37.2,b15f,0.0
2011-01-31,-76.108,-37.263,b15f,0.0
2011-02-01,-76.13,-37.351,b15f,0.0
2011-02-02,-76.159,-37.453,b15f,0.0
2011-02-03,-76.191,-37.56,b15f,0.0
2011-02-04,-76.22,-37.661,b15f,0.0
2011-02-05,-76.242,-37.748,b15f,0.0
2011-02-06,-76.25,-37.81,b15f,0.0
2011-02-07,-76.244,-37.856,b15f,0.0
2011-02-08,-76.227,-37.901,b15f,0.0
2011-02-09,-76.202,-37.942,b15f,0.0
2011-02-10,-76.172,-37.977,b15f,0.0
2011-02-11,-76.14,-38.005,b15f,0.0
2011-02-12,-76.108,-38.024,b15f,0.0
2011-02-13,-76.08,-38.03,b15f,0.0
2011-02-14,-76.051,-38.029,b15f,0.0
2011-02-15,-76.016,-38.028,b15f,0.0
2011-02-16,-75.98,-38.026,b15f,0.0
2011-02-17,-75.946,-38.024,b15f,0.0
2011-02-18,-75.917,-38.022,b15f,0.0
2011-02-19,-75.897,-38.021,b15f,0.0
2011-02-20,-75.89,-38.02,b15f,0.0
2011-02-21,-75.892,-38.032,b15f,0.0
2011-02-22,-75.898,-38.062,b15f,0.0
2011-02-23,-75.906,-38.103,b15f,0.0
2011-02-24,-75.914,-38.15,b15f,0.0
2011-02-25,-75.922,-38.195,b15f,0.0
2011-02-26,-75.928,-38.23,b15f,0.0
2011-02-27,-75.93,-38.25,b15f,0.0
2011-02-28,-75.93,-38.259,b15f,0.0
2011-03-01,-75.928,-38.268,b15f,0.0
2011-03-02,-75.926,-38.275,b15f,0.0
2011-03-03,-75.923,-38.281,b15f,0.0
2011-03-04,-75.92,-38.286,b15f,0.0
2011-03-05,-75.915,-38.289,b15f,0.0
2011-03-06,-75.91,-38.29,b15f,0.0
2011-03-07,-75.886,-38.273,b15f,0.0
2011-03-08,-75.832,-38.226,b15f,0.0
2011-03-09,-75.757,-38.158,b15f,0.0
2011-03-10,-75.671,-38.075,b15f,0.0
2011-03-11,-75.583,-37.984,b15f,0.0
2011-03-12,-75.503,-37.893,b15f,0.0
2011-03-13,-75.44,-37.81,b15f,0.0
2011-03-14,-75.386,-37.721,b15f,0.0
2011-03-15,-75.33,-37.615,b15f,0.0
2011-03-16,-75.276,-37.502,b15f,0.0
2011-03-17,-75.227,-37.393,b15f,0.0
2011-03-18,-75.187,-37.297,b15f,0.0
2011-03-19,-75.16,-37.226,b15f,0.0
2011-03-20,-75.15,-37.19,b15f,0.0
2011-03-21,-75.174,-37.175,b15f,0.0
2011-03-22,-75.235,-37.162,b15f,0.0
2011-03-23,-75.319,-37.151,b15f,0.0
2011-03-24,-75.411,-37.142,b15f,0.0
2011-03-25,-75.495,-37.136,b15f,0.0
2011-03-26,-75.556,-37.131,b15f,0.0
2011-03-27,-75.58,-37.13,b15f,0.0
2011-03-28,-75.556,-37.134,b15f,0.0
2011-03-29,-75.49,-37.146,b15f,0.0
2011-03-30,-75.396,-37.165,b15f,0.0
2011-03-31,-75.285,-37.188,b15f,0.0
2011-04-01,-75.169,-37.216,b15f,0.0
2011-04-02,-75.06,-37.247,b15f,0.0
2011-04-03,-74.97,-37.28,b15f,0.0
2011-04-17,-74.04,-38.84,b15f,0.0
2011-04-18,-74.041,-38.929,b15f,0.0
2011-04-19,-74.044,-39.009,b15f,0.0
2011-04-20,-74.048,-39.085,b15f,0.0
2011-04-21,-74.052,-39.161,b15f,0.0
2011-04-22,-74.056,-39.242,b15f,0.0
2011-04-23,-74.059,-39.333,b15f,0.0
2011-04-24,-74.06,-39.44,b15f,0.0
2011-04-25,-74.058,-39.575,b15f,0.0
2011-04-26,-74.052,-39.741,b15f,0.0
2011-04-27,-74.043,-39.928,b15f,0.0
2011-04-28,-74.03,-40.126,b15f,0.0
2011-04-29,-74.016,-40.326,b15f,0.0
2011-04-30,-73.999,-40.517,b15f,0.0
2011-05-01,-73.98,-40.69,b15f,0.0
2011-05-02,-73.947,-40.864,b15f,0.0
2011-05-03,-73.891,-41.056,b15f,0.0
2011-05-04,-73.82,-41.249,b15f,0.0
2011-05-05,-73.741,-41.426,b15f,0.0
2011-05-06,-73.663,-41.573,b15f,0.0
2011-05-07,-73.594,-41.673,b15f,0.0
2011-05-08,-73.54,-41.71,b15f,0.0
2011-05-09,-73.501,-41.702,b15f,0.0
2011-05-10,-73.468,-41.682,b15f,0.0
2011-05-11,-73.438,-41.655,b15f,0.0
2011-05-12,-73.41,-41.625,b15f,0.0
2011-05-13,-73.381,-41.598,b15f,0.0
2011-05-14,-73.348,-41.578,b15f,0.0
2011-05-15,-73.31,-41.57,b15f,0.0
2011-05-16,-73.259,-41.596,b15f,0.0
2011-05-17,-73.196,-41.665,b15f,0.0
2011-05-18,-73.126,-41.767,b15f,0.0
2011-05-19,-73.055,-41.889,b15f,0.0
2011-05-20,-72.989,-42.022,b15f,0.0
2011-05-21,-72.936,-42.152,b15f,0.0
2011-05-22,-72.9,-42.27,b15f,0.0
2011-05-23,-72.878,-42.394,b15f,0.0
2011-05-24,-72.862,-42.54,b15f,0.0
2011-05-25,-72.849,-42.694,b15f,0.0
2011-05-26,-72.837,-42.84,b15f,0.0
2011-05-27,-72.824,-42.963,b15f,0.0
2011-05-28,-72.809,-43.048,b15f,0.0
2011-05-29,-72.79,-43.08,b15f,0.0
2011-05-30,-72.764,-43.065,b15f,0.0
2011-05-31,-72.731,-43.025,b15f,0.0
2011-06-01,-72.693,-42.97,b15f,0.0
2011-06-02,-72.652,-42.91,b15f,0.0
2011-06-03,-72.61,-42.856,b15f,0.0
2011-06-04,-72.569,-42.816,b15f,0.0
2011-06-05,-72.53,-42.8,b15f,0.0
2011-06-06,-72.49,-42.801,b15f,0.0
2011-06-07,-72.445,-42.802,b15f,0.0
2011-06-08,-72.4,-42.804,b15f,0.0
2011-06-09,-72.357,-42.808,b15f,0.0
2011-06-10,-72.32,-42.811,b15f,0.0
2011-06-11,-72.293,-42.816,b15f,0.0
2011-06-12,-72.28,-42.82,b15f,0.0
2011-06-13,-72.275,-42.826,b15f,0.0
2011-06-14,-72.271,-42.834,b15f,0.0
2011-06-15,-72.267,-42.845,b15f,0.0
2011-06-16,-72.264,-42.858,b15f,0.0
2011-06-17,-72.262,-42.873,b15f,0.0
2011-06-18,-72.261,-42.891,b15f,0.0
2011-06-19,-72.26,-42.91,b15f,0.0
2011-06-20,-72.275,-42.944,b15f,0.0
2011-06-21,-72.314,-43.0,b15f,0.0
2011-06-22,-72.366,-43.068,b15f,0.0
2011-06-23,-72.424,-43.137,b15f,0.0
2011-06-24,-72.477,-43.199,b15f,0.0
2011-06-25,-72.515,-43.243,b15f,0.0
2011-06-26,-72.53,-43.26,b15f,0.0
2011-06-27,-72.525,-43.232,b15f,0.0
2011-06-28,-72.511,-43.159,b15f,0.0
2011-06-29,-72.489,-43.059,b15f,0.0
2011-06-30,-72.461,-42.95,b15f,0.0
2011-07-01,-72.427,-42.849,b15f,0.0
2011-07-02,-72.39,-42.773,b15f,0.0
2011-07-03,-72.35,-42.74,b15f,0.0
2011-07-04,-72.284,-42.735,b15f,0.0
2011-07-05,-72.179,-42.732,b15f,0.0
2011-07-06,-72.052,-42.73,b15f,0.0
2011-07-07,-71.921,-42.729,b15f,0.0
2011-07-08,-71.802,-42.727,b15f,0.0
2011-07-09,-71.713,-42.724,b15f,0.0
2011-07-10,-71.67,-42.72,b15f,0.0
2011-07-11,-71.659,-42.713,b15f,0.0
2011-07-12,-71.651,-42.703,b15f,0.0
2011-07-13,-71.646,-42.69,b15f,0.0
2011-07-14,-71.641,-42.675,b15f,0.0
2011-07-15,-71.636,-42.658,b15f,0.0
2011-07-16,-71.63,-42.639,b15f,0.0
2011-07-17,-71.62,-42.62,b15f,0.0
2011-07-18,-71.605,-42.594,b15f,0.0
2011-07-19,-71.583,-42.559,b15f,0.0
2011-07-20,-71.556,-42.518,b15f,0.0
2011-07-21,-71.524,-42.478,b15f,0.0
2011-07-22,-71.488,-42.444,b15f,0.0
2011-07-23,-71.45,-42.419,b15f,0.0
2011-07-24,-71.41,-42.41,b15f,0.0
2011-07-25,-71.363,-42.457,b15f,0.0
2011-07-26,-71.305,-42.58,b15f,0.0
2011-07-27,-71.241,-42.75,b15f,0.0
2011-07-28,-71.172,-42.938,b15f,0.0
2011-07-29,-71.103,-43.117,b15f,0.0
2011-07-30,-71.038,-43.257,b15f,0.0
2011-07-31,-70.98,-43.33,b15f,0.0
2011-08-01,-70.928,-43.355,b15f,0.0
2011-08-02,-70.879,-43.372,b15f,0.0
2011-08-03,-70.831,-43.384,b15f,0.0
2011-08-04,-70.785,-43.395,b15f,0.0
2011-08-05,-70.74,-43.407,b15f,0.0
2011-08-06,-70.695,-43.424,b15f,0.0
2011-08-07,-70.65,-43.45,b15f,0.0
2011-08-08,-70.603,-43.524,b15f,0.0
2011-08-09,-70.554,-43.669,b15f,0.0
2011-08-10,-70.505,-43.858,b15f,0.0
2011-08-11,-70.458,-44.068,b15f,0.0
2011-08-12,-70.415,-44.273,b15f,0.0
2011-08-13,-70.378,-44.449,b15f,0.0
2011-08-14,-70.35,-44.57,b15f,0.0
2011-08-15,-70.33,-44.656,b15f,0.0
2011-08-16,-70.315,-44.739,b15f,0.0
2011-08-17,-70.303,-44.815,b15f,0.0
2011-08-18,-70.291,-44.882,b15f,0.0
2011-08-19,-70.278,-44.934,b15f,0.0
2011-08-20,-70.262,-44.968,b15f,0.0
2011-08-21,-70.24,-44.98,b15f,0.0
2011-08-22,-70.202,-44.953,b15f,0.0
2011-08-23,-70.142,-44.883,b15f,0.0
2011-08-24,-70.068,-44.787,b15f,0.0
2011-08-25,-69.989,-44.683,b15f,0.0
2011-08-26,-69.911,-44.587,b15f,0.0
2011-08-27,-69.842,-44.517,b15f,0.0
2011-08-28,-69.79,-44.49,b15f,0.0
2011-08-29,-69.751,-44.512,b15f,0.0
2011-08-30,-69.789,-44.846,b15f,0.0
2011-08-31,-69.74,-44.679,b15f,0.0
2011-09-01,-69.712,-44.718,b15f,0.0
2011-09-02,-69.69,-44.77,b15f,0.0
2011-09-03,-69.672,-44.826,b15f,0.0
2011-09-04,-69.655,-44.873,b15f,0.0
2011-09-05,-69.637,-44.909,b15f,0.0
2011-09-06,-69.616,-44.935,b15f,0.0
2011-09-07,-69.588,-44.944,b15f,0.0
2011-09-08,-69.531,-44.878,b15f,0.0
2011-09-09,-69.529,-44.968,b15f,0.0
2011-09-10,-69.466,-44.967,b15f,0.0
2011-09-11,-69.454,-45.03,b15f,0.0
2011-09-12,-69.457,-44.995,b15f,0.0
2011-09-13,-69.442,-45.07,b15f,0.0
2011-09-14,-69.4,-45.057,b15f,0.0
2011-09-15,-69.366,-45.178,b15f,0.0
2011-09-16,-69.403,-45.096,b15f,0.0
2011-09-17,-69.41,-45.386,b15f,0.0
2011-09-18,-69.372,-45.656,b15f,0.0
2011-09-19,-69.356,-45.824,b15f,0.0
2011-09-20,-69.317,-45.926,b15f,0.0
2011-09-21,-69.29,-45.861,b15f,0.0
2011-09-22,-69.26,-45.755,b15f,0.0
2011-09-23,-69.272,-45.51,b15f,0.0
2011-09-24,-69.244,-45.352,b15f,0.0
2011-09-25,-69.256,-45.253,b15f,0.0
2011-09-26,-69.229,-45.125,b15f,0.0
2011-09-27,-69.183,-45.209,b15f,0.0
2011-09-28,-69.103,-45.291,b15f,0.0
2011-09-29,-68.994,-45.553,b15f,0.0
2011-09-30,-68.789,-45.553,b15f,0.0
2011-10-01,-68.674,-45.805,b15f,0.0
2011-10-02,-68.557,-45.87,b15f,0.0
2011-10-03,-68.46,-46.08,b15f,0.0
2011-10-04,-68.292,-46.021,b15f,0.0
2011-10-05,-68.24,-46.204,b15f,0.0
2011-10-06,-68.117,-46.101,b15f,0.0
2011-10-07,-68.055,-46.118,b15f,0.0
2011-10-08,-68.023,-45.988,b15f,0.0
2011-10-09,-68.03,-46.025,b15f,0.0
2011-10-10,-67.975,-45.897,b15f,0.0
2011-10-11,-67.969,-45.94,b15f,0.0
2011-10-12,-67.851,-45.904,b15f,0.0
2011-10-13,-67.793,-46.062,b15f,0.0
2011-10-14,-67.776,-46.103,b15f,0.0
2011-10-15,-67.77,-46.247,b15f,0.0
2011-10-16,-67.752,-46.244,b15f,0.0
2011-10-17,-67.765,-46.352,b15f,0.0
2011-10-18,-67.784,-46.271,b15f,0.0
2011-10-19,-67.774,-46.313,b15f,0.0
2011-10-20,-67.767,-46.132,b15f,0.0
2011-10-21,-67.753,-46.058,b15f,0.0
2011-10-22,-67.722,-45.985,b15f,0.0
2011-10-23,-67.698,-46.053,b15f,0.0
2011-10-24,-67.708,-46.09,b15f,0.0
2011-10-25,-67.699,-46.254,b15f,0.0
2011-10-26,-67.667,-46.287,b15f,0.0
2011-10-27,-67.697,-46.44,b15f,0.0
2011-10-28,-67.695,-46.399,b15f,0.0
2011-10-29,-67.688,-46.418,b15f,0.0
2011-10-30,-67.719,-46.434,b15f,0.0
2011-10-31,-67.732,-46.47,b15f,0.0
2011-11-01,-67.711,-46.573,b15f,0.0
2011-11-02,-67.686,-46.588,b15f,0.0
2011-11-03,-67.621,-46.575,b15f,0.0
2011-11-04,-67.605,-46.519,b15f,0.0
2011-11-05,-67.563,-46.619,b15f,0.0
2011-11-06,-67.575,-46.665,b15f,0.0
2011-11-07,-67.549,-46.598,b15f,0.0
2011-11-08,-67.566,-46.486,b15f,0.0
2011-11-09,-67.567,-46.376,b15f,0.0
2011-11-10,-67.563,-46.272,b15f,0.0
2011-11-11,-67.541,-46.095,b15f,0.0
2011-11-12,-67.525,-46.014,b15f,0.0
2011-11-13,-67.523,-46.001,b15f,0.0
2011-11-14,-67.506,-46.01,b15f,0.0
2011-11-15,-67.475,-46.14,b15f,0.0
2011-11-16,-67.488,-46.146,b15f,0.0
2011-11-17,-67.478,-46.293,b15f,0.0
2011-11-18,-67.514,-46.439,b15f,0.0
2011-11-19,-67.505,-46.513,b15f,0.0
2011-11-20,-67.518,-46.513,b15f,0.0
2011-11-21,-67.532,-46.566,b15f,0.0
2011-11-22,-67.533,-46.557,b15f,0.0
2011-11-23,-67.537,-46.586,b15f,0.0
2011-11-24,-67.532,-46.56,b15f,0.0
2011-11-25,-67.488,-46.657,b15f,0.0
2011-11-26,-67.478,-46.595,b15f,0.0
2011-11-27,-67.461,-46.613,b15f,0.0
2011-11-28,-67.471,-46.58,b15f,0.0
2011-11-29,-67.444,-46.599,b15f,0.0
2011-11-30,-67.451,-46.612,b15f,0.0
2011-12-01,-67.42,-46.698,b15f,0.0
2011-12-02,-67.427,-46.66,b15f,0.0
2011-12-03,-67.408,-46.776,b15f,0.0
2011-12-04,-67.404,-46.758,b15f,0.0
2011-12-05,-67.412,-46.926,b15f,0.0
2011-12-06,-67.368,-46.849,b15f,0.0
2011-12-07,-67.334,-46.931,b15f,0.0
2011-12-08,-67.338,-46.893,b15f,0.0
2011-12-09,-67.302,-46.994,b15f,0.0
2011-12-10,-67.319,-47.035,b15f,0.0
2011-12-11,-67.306,-47.117,b15f,0.0
2011-12-12,-67.307,-47.11,b15f,0.0
2011-12-13,-67.297,-47.146,b15f,0.0
2011-12-14,-67.298,-47.236,b15f,0.0
2011-12-15,-67.316,-47.27,b15f,0.0
2011-12-16,-67.355,-47.311,b15f,0.0
2011-12-17,-67.373,-47.389,b15f,0.0
2011-12-18,-67.404,-47.294,b15f,0.0
2011-12-19,-67.395,-47.411,b15f,0.0
2011-12-20,-67.378,-47.351,b15f,0.0
2011-12-21,-67.367,-47.352,b15f,0.0
2011-12-22,-67.358,-47.361,b15f,0.0
2011-12-23,-67.356,-47.378,b15f,0.0
2011-12-24,-67.379,-47.434,b15f,0.0
2011-12-25,-67.393,-47.446,b15f,0.0
2011-12-26,-67.384,-47.505,b15f,0.0
2011-12-27,-67.394,-47.428,b15f,0.0
2011-12-28,-67.356,-47.403,b15f,0.0
2011-12-29,-67.336,-47.51,b15f,0.0
2011-12-30,-67.358,-47.402,b15f,0.0
2011-12-31,-67.318,-47.319,b15f,0.0
2012-01-01,-67.336,-47.45,b15f,0.0
2012-01-02,-67.358,-47.576,b15f,0.0
2012-01-03,-67.369,-47.637,b15f,0.0
2012-01-04,-67.352,-47.613,b15f,0.0
2012-01-05,-67.332,-47.606,b15f,0.0
2012-01-06,-67.354,-47.641,b15f,0.0
2012-01-07,-67.336,-47.663,b15f,0.0
2012-01-08,-67.341,-47.625,b15f,0.0
2012-01-09,-67.354,-47.682,b15f,0.0
2012-01-10,-67.361,-47.64,b15f,0.0
2012-01-11,-67.366,-47.668,b15f,0.0
2012-01-12,-67.377,-47.666,b15f,0.0
2012-01-13,-67.41,-47.651,b15f,0.0
2012-01-14,-67.399,-47.67,b15f,0.0
2012-01-15,-67.38,-47.674,b15f,0.0
2012-01-16,-67.43,-47.876,b15f,0.0
2012-01-17,-67.413,-47.962,b15f,0.0
2012-01-18,-67.436,-48.154,b15f,0.0
2012-01-19,-67.448,-48.378,b15f,0.0
2012-01-20,-67.413,-48.584,b15f,0.0
2012-01-21,-67.349,-48.815,b15f,0.0
2012-01-22,-67.358,-48.773,b15f,0.0
2012-01-23,-67.383,-48.723,b15f,0.0
2012-01-24,-67.365,-48.649,b15f,0.0
2012-01-25,-67.343,-48.528,b15f,0.0
2012-01-26,-67.323,-48.403,b15f,0.0
2012-01-27,-67.299,-48.273,b15f,0.0
2012-01-28,-67.296,-48.207,b15f,0.0
2012-01-29,-67.273,-48.161,b15f,0.0
2012-01-30,-67.235,-48.13,b15f,0.0
2012-01-31,-67.232,-48.147,b15f,0.0
2012-02-01,-67.235,-48.338,b15f,0.0
2012-02-02,-67.23,-48.381,b15f,0.0
2012-02-03,-67.216,-48.374,b15f,0.0
2012-02-04,-67.208,-48.437,b15f,0.0
2012-02-05,-67.202,-48.537,b15f,0.0
2012-02-06,-67.219,-48.581,b15f,0.0
2012-02-07,-67.236,-48.64,b15f,0.0
2012-02-08,-67.246,-48.632,b15f,0.0
2012-02-09,-67.249,-48.77,b15f,0.0
2012-02-10,-67.248,-48.82,b15f,0.0
2012-02-11,-67.19,-48.913,b15f,0.0
2012-02-12,-67.179,-48.964,b15f,0.0
2012-02-13,-67.16,-48.953,b15f,0.0
2012-02-14,-67.12,-49.158,b15f,0.0
2012-02-15,-67.09,-49.33,b15f,0.0
2012-02-16,-67.031,-49.499,b15f,0.0
2012-02-17,-66.972,-49.643,b15f,0.0
2012-02-18,-66.885,-49.724,b15f,0.0
2012-02-19,-66.804,-49.84,b15f,0.0
2012-02-20,-66.721,-49.978,b15f,0.0
2012-02-21,-66.63,-50.088,b15f,0.0
2012-02-22,-66.527,-50.151,b15f,0.0
2012-02-23,-66.45,-50.162,b15f,0.0
2012-02-24,-66.362,-50.208,b15f,0.0
2012-02-25,-66.284,-50.162,b15f,0.0
2012-02-26,-66.253,-50.133,b15f,0.0
2012-02-27,-66.192,-50.096,b15f,0.0
2012-02-28,-66.141,-50.033,b15f,0.0
2012-02-29,-66.07,-50.073,b15f,0.0
2012-03-01,-65.989,-50.145,b15f,0.0
2012-03-02,-65.908,-50.2,b15f,0.0
2012-03-03,-65.883,-50.163,b15f,0.0
2012-03-04,-65.884,-50.067,b15f,0.0
2012-03-05,-65.851,-50.054,b15f,0.0
2012-03-06,-65.852,-49.922,b15f,0.0
2012-03-07,-65.856,-49.955,b15f,0.0
2012-03-08,-65.907,-50.004,b15f,0.0
2012-03-09,-65.921,-50.067,b15f,0.0
2012-03-10,-65.934,-50.228,b15f,0.0
2012-03-11,-65.954,-50.326,b15f,0.0
2012-03-12,-65.968,-50.51,b15f,0.0
2012-03-13,-65.933,-50.634,b15f,0.0
2012-03-14,-65.923,-50.666,b15f,0.0
2012-03-15,-65.906,-50.608,b15f,0.0
2012-03-16,-65.835,-50.6,b15f,0.0
2012-03-17,-65.808,-50.501,b15f,0.0
2012-03-18,-65.759,-50.618,b15f,0.0
2012-03-19,-65.661,-50.687,b15f,0.0
2012-03-20,-65.584,-50.777,b15f,0.0
2012-03-21,-65.484,-50.896,b15f,0.0
2012-03-22,-65.395,-51.061,b15f,0.0
2012-03-23,-65.277,-51.114,b15f,0.0
2012-03-24,-65.116,-51.205,b15f,0.0
2012-03-25,-65.035,-51.216,b15f,0.0
2012-03-26,-64.951,-51.248,b15f,0.0
2012-03-27,-64.888,-51.238,b15f,0.0
2012-03-28,-64.786,-51.258,b15f,0.0
2012-03-29,-64.741,-51.269,b15f,0.0
2012-03-30,-64.61,-51.492,b15f,0.0
2012-03-31,-64.499,-51.506,b15f,0.0
2012-04-01,-64.418,-51.483,b15f,0.0
2012-04-02,-64.343,-51.547,b15f,0.0
2012-04-03,-64.286,-51.617,b15f,0.0
2012-04-04,-64.274,-51.757,b15f,0.0
2012-04-05,-64.273,-52.004,b15f,0.0
2012-04-06,-64.251,-52.327,b15f,0.0
2012-04-07,-64.172,-52.65,b15f,0.0
2012-04-08,-64.018,-52.689,b15f,0.0
2012-04-09,-63.909,-52.86,b15f,0.0
2012-04-10,-63.821,-52.985,b15f,0.0
2012-04-11,-63.809,-52.995,b15f,0.0
2012-04-12,-63.757,-52.861,b15f,0.0
2012-04-13,-63.717,-52.816,b15f,0.0
2012-04-14,-63.683,-52.818,b15f,0.0
2012-04-15,-63.646,-52.892,b15f,0.0
2012-04-16,-63.582,-52.968,b15f,0.0
2012-04-17,-63.434,-52.869,b15f,0.0
2012-04-18,-63.309,-52.932,b15f,0.0
2012-04-19,-63.211,-53.052,b15f,0.0
2012-04-20,-63.081,-53.224,b15f,0.0
2012-04-21,-62.996,-53.269,b15f,0.0
2012-04-22,-62.92,-53.396,b15f,0.0
2012-04-23,-62.885,-53.484,b15f,0.0
2012-04-24,-62.905,-53.519,b15f,0.0
2012-04-25,-62.851,-53.503,b15f,0.0
2012-04-26,-62.765,-53.583,b15f,0.0
2012-04-27,-62.692,-53.677,b15f,0.0
2012-04-28,-62.638,-53.588,b15f,0.0
2012-04-29,-62.61,-53.552,b15f,0.0
2012-04-30,-62.54,-53.487,b15f,0.0
2012-05-01,-62.529,-53.408,b15f,0.0
2012-05-02,-62.491,-53.441,b15f,0.0
2012-05-03,-62.457,-53.387,b15f,0.0
2012-05-04,-62.414,-53.518,b15f,0.0
2012-05-05,-62.388,-53.536,b15f,0.0
2012-05-06,-62.328,-53.55,b15f,0.0
2012-05-07,-62.267,-53.381,b15f,0.0
2012-05-08,-62.208,-53.317,b15f,0.0
2012-05-09,-62.118,-53.148,b15f,0.0
2012-05-10,-62.02,-52.993,b15f,0.0
2012-05-11,-61.901,-52.797,b15f,0.0
2012-05-12,-61.785,-52.608,b15f,0.0
2012-05-13,-61.76,-52.405,b15f,0.0
2012-05-14,-61.674,-52.177,b15f,0.0
2012-05-15,-61.618,-51.969,b15f,0.0
2012-05-16,-61.588,-51.819,b15f,0.0
2012-05-17,-61.58,-51.551,b15f,0.0
2012-05-18,-61.457,-51.23,b15f,0.0
2012-05-19,-61.358,-51.055,b15f,0.0
2012-05-20,-61.31,-50.973,b15f,0.0
2012-05-21,-61.23,-50.874,b15f,0.0
2012-05-22,-61.192,-50.785,b15f,0.0
2012-05-23,-61.155,-50.663,b15f,0.0
2012-05-24,-61.101,-50.544,b15f,0.0
2012-05-25,-61.023,-50.467,b15f,0.0
2012-05-26,-60.959,-50.528,b15f,0.0
2012-05-27,-60.885,-50.64,b15f,0.0
2012-05-28,-60.891,-50.824,b15f,0.0
2012-05-29,-60.93,-50.933,b15f,0.0
2012-05-30,-60.964,-51.117,b15f,0.0
2012-05-31,-60.972,-51.28,b15f,0.0
2012-06-01,-60.959,-51.456,b15f,0.0
2012-06-02,-60.941,-51.592,b15f,0.0
2012-06-03,-60.934,-51.751,b15f,0.0
2012-06-04,-60.938,-51.854,b15f,0.0
2012-06-05,-60.937,-52.162,b15f,0.0
2012-06-06,-60.944,-52.539,b15f,0.0
2012-06-07,-60.963,-52.638,b15f,0.0
2012-06-08,-60.971,-52.788,b15f,0.0
2012-06-09,-61.018,-52.879,b15f,0.0
2012-06-10,-60.995,-52.913,b15f,0.0
2012-06-11,-60.99,-53.098,b15f,0.0
2012-06-12,-60.988,-53.091,b15f,0.0
2012-06-13,-60.951,-53.147,b15f,0.0
2012-06-14,-60.941,-53.03,b15f,0.0
2012-06-15,-60.945,-53.084,b15f,0.0
2012-06-16,-60.881,-52.954,b15f,0.0
2012-06-17,-60.804,-52.856,b15f,0.0
2012-06-18,-60.79,-52.703,b15f,0.0
2012-06-19,-60.646,-52.619,b15f,0.0
2012-06-20,-60.545,-52.259,b15f,0.0
2012-06-21,-60.413,-51.813,b15f,0.0
2012-06-22,-60.272,-51.541,b15f,0.0
2012-06-23,-60.13,-51.249,b15f,0.0
2012-06-24,-60.042,-51.173,b15f,0.0
2012-06-25,-59.93,-51.053,b15f,0.0
2012-06-26,-59.791,-50.925,b15f,0.0
2012-06-27,-59.638,-50.859,b15f,0.0
2012-06-28,-59.482,-50.681,b15f,0.0
2012-06-29,-59.325,-50.512,b15f,0.0
2012-06-30,-59.182,-50.323,b15f,0.0
2012-07-01,-59.074,-50.195,b15f,0.0
2012-07-02,-59.027,-50.076,b15f,0.0
2012-07-03,-58.924,-49.933,b15f,0.0
2012-07-04,-58.842,-49.711,b15f,0.0
2012-07-05,-58.738,-49.562,b15f,0.0
2012-07-06,-58.64,-49.399,b15f,0.0
2012-07-07,-58.551,-49.017,b15f,0.0
2012-07-08,-58.455,-48.577,b15f,0.0
2012-07-09,-58.499,-48.108,b15f,0.0
2012-07-10,-58.737,-47.803,b15f,0.0
2012-07-11,-58.98,-47.636,b15f,0.0
2012-07-12,-59.256,-47.312,b15f,0.0
2012-07-13,-59.537,-47.213,b15f,0.0
2012-07-14,-59.725,-46.995,b15f,0.0
2012-07-15,-59.813,-46.843,b15f,0.0
2012-07-16,-59.815,-46.773,b15f,0.0
2012-07-17,-59.914,-46.424,b15f,0.0
2012-07-18,-59.922,-45.561,b15f,0.0
2012-07-19,-59.803,-44.588,b15f,0.0
2012-07-20,-59.579,-43.817,b15f,0.0
2012-07-21,-59.329,-43.482,b15f,0.0
2012-07-22,-58.703,-43.13,b15f,0.0
2012-07-23,-58.445,-42.724,b15f,0.0
2012-07-24,-58.199,-42.303,b15f,0.0
2012-07-25,-58.062,-42.195,b15f,0.0
2012-07-26,-57.893,-42.318,b15f,0.0
2012-07-27,-57.71,-42.521,b15f,0.0
2012-07-28,-57.496,-42.513,b15f,0.0
2012-07-29,-57.554,-42.251,b15f,0.0
2012-07-30,-57.634,-42.166,b15f,0.0
2012-07-31,-57.737,-42.056,b15f,0.0
2012-08-01,-57.849,-41.922,b15f,0.0
2012-08-02,-57.954,-41.762,b15f,0.0
2012-08-03,-58.033,-41.577,b15f,0.0
2012-08-04,-58.073,-41.365,b15f,0.0
2012-08-05,-58.039,-40.777,b15f,0.0
2012-08-06,-58.015,-39.979,b15f,0.0
2012-08-07,-57.994,-39.769,b15f,0.0
2012-08-08,-58.057,-39.317,b15f,0.0
2012-08-09,-58.143,-38.715,b15f,0.0
2012-08-10,-58.084,-38.073,b15f,0.0
2012-08-11,-58.025,-37.979,b15f,0.0
2012-08-12,-57.877,-37.614,b15f,0.0
2012-08-13,-57.831,-37.582,b15f,0.0
2012-08-14,-57.697,-37.443,b15f,0.0
2012-08-15,-57.601,-37.391,b15f,0.0
2012-08-16,-57.43,-37.266,b15f,0.0
2012-08-17,-57.298,-37.153,b15f,0.0
2012-08-18,-57.221,-37.22,b15f,0.0
2012-08-19,-57.042,-37.317,b15f,0.0
2012-08-20,-56.88,-37.376,b15f,0.0
2012-08-21,-56.828,-37.334,b15f,0.0
2012-08-22,-56.739,-37.328,b15f,0.0
2012-08-23,-56.692,-37.305,b15f,0.0
2012-08-24,-56.61,-37.285,b15f,0.0
2012-08-25,-56.583,-37.199,b15f,0.0
2012-08-26,-56.548,-37.23,b15f,0.0
2012-08-27,-56.539,-37.152,b15f,0.0
2012-08-28,-56.625,-36.986,b15f,0.0
2012-08-29,-56.683,-36.736,b15f,0.0
2012-08-30,-56.751,-36.516,b15f,0.0
2012-08-31,-56.796,-36.254,b15f,0.0
2012-09-01,-56.84,-36.069,b15f,0.0
2012-09-02,-56.882,-35.961,b15f,0.0
2012-09-03,-56.926,-35.848,b15f,0.0
2012-09-04,-56.885,-35.951,b15f,0.0
2012-09-05,-57.254,-35.583,b15f,0.0
2012-09-06,-57.328,-35.151,b15f,0.0
2012-09-07,-57.298,-34.714,b15f,0.0
2012-09-08,-57.049,-34.334,b15f,0.0
2012-09-09,-56.757,-34.131,b15f,0.0
2012-09-10,-56.594,-34.085,b15f,0.0
2012-09-11,-56.273,-34.152,b15f,0.0
2012-09-12,-56.03,-34.241,b15f,0.0
2012-09-13,-55.793,-34.412,b15f,0.0
2012-09-14,-55.621,-34.574,b15f,0.0
2012-09-15,-55.541,-34.597,b15f,0.0
2012-09-16,-55.443,-34.681,b15f,0.0
2012-09-17,-55.425,-34.547,b15f,0.0
2012-09-18,-55.46,-34.631,b15f,0.0
2012-09-19,-55.471,-34.478,b15f,0.0
2012-09-20,-55.474,-34.491,b15f,0.0
2012-09-21,-55.439,-34.341,b15f,0.0
2012-09-22,-55.425,-34.348,b15f,0.0
2012-09-23,-55.392,-34.266,b15f,0.0
2012-09-24,-55.337,-34.308,b15f,0.0
2012-09-25,-55.266,-34.319,b15f,0.0
2012-09-26,-55.115,-34.427,b15f,0.0
2012-09-27,-54.914,-34.521,b15f,0.0
2012-09-28,-54.707,-34.472,b15f,0.0
2012-09-29,-54.44,-34.745,b15f,0.0
2012-09-30,-54.323,-34.928,b15f,0.0
2012-10-01,-54.238,-35.075,b15f,0.0
2012-10-02,-54.175,-35.202,b15f,0.0
2012-10-03,-54.134,-35.305,b15f,0.0
2012-10-04,-54.12,-35.379,b15f,0.0
2012-10-05,-54.157,-35.421,b15f,0.0
2012-10-06,-54.137,-35.384,b15f,0.0
2012-10-07,-54.119,-35.387,b15f,0.0
2012-10-08,-54.142,-35.311,b15f,0.0
2012-10-09,-54.173,-35.297,b15f,0.0
2012-10-10,-54.14,-35.336,b15f,0.0
2012-10-11,-54.13,-35.388,b15f,0.0
2012-10-12,-54.138,-35.358,b15f,0.0
2012-10-13,-54.142,-35.376,b15f,0.0
2012-10-14,-54.128,-35.347,b15f,0.0
2012-10-15,-54.121,-35.377,b15f,0.0
2012-10-16,-54.139,-35.399,b15f,0.0
2012-10-17,-54.136,-35.382,b15f,0.0
2012-10-18,-54.12,-35.416,b15f,0.0
2012-10-19,-54.137,-35.409,b15f,0.0
2012-10-20,-54.121,-35.403,b15f,0.0
2012-10-21,-54.12,-35.416,b15f,0.0
2012-10-22,-54.136,-35.395,b15f,0.0
2012-10-23,-54.119,-35.387,b15f,0.0
2012-10-24,-54.134,-35.38,b15f,0.0
2012-10-25,-54.138,-35.423,b15f,0.0
2012-10-26,-54.164,-35.364,b15f,0.0
2012-10-27,-54.13,-35.414,b15f,0.0
2012-10-28,-54.127,-35.384,b15f,0.0
2012-10-29,-54.139,-35.399,b15f,0.0
2012-10-30,-54.168,-35.37,b15f,0.0
2012-10-31,-54.168,-35.408,b15f,0.0
2012-11-01,-54.161,-35.412,b15f,0.0
2012-11-02,-54.149,-35.437,b15f,0.0
2012-11-03,-54.134,-35.341,b15f,0.0
2012-11-04,-54.161,-35.413,b15f,0.0
2012-11-05,-54.157,-35.369,b15f,0.0
2012-11-06,-54.175,-35.403,b15f,0.0
2012-11-07,-54.141,-35.362,b15f,0.0
2012-11-08,-54.14,-35.401,b15f,0.0
2012-11-09,-54.151,-35.362,b15f,0.0
2012-11-10,-54.175,-35.365,b15f,0.0
2012-11-11,-54.165,-35.369,b15f,0.0
2012-11-12,-54.145,-35.375,b15f,0.0
2012-11-13,-54.131,-35.385,b15f,0.0
2012-11-14,-54.132,-35.424,b15f,0.0
2012-11-15,-54.125,-35.364,b15f,0.0
2012-11-16,-54.104,-35.383,b15f,0.0
2012-11-17,-54.065,-35.369,b15f,0.0
2012-11-18,-54.013,-35.443,b15f,0.0
2012-11-19,-53.916,-35.453,b15f,0.0
2012-11-20,-53.752,-35.584,b15f,0.0
2012-11-21,-53.637,-35.663,b15f,0.0
2012-11-22,-53.469,-36.056,b15f,0.0
2012-11-23,-53.418,-36.168,b15f,0.0
2012-11-24,-53.378,-36.439,b15f,0.0
2012-11-25,-53.342,-36.677,b15f,0.0
2012-11-26,-53.334,-36.898,b15f,0.0
2012-11-27,-53.272,-37.241,b15f,0.0
2012-11-28,-53.241,-37.504,b15f,0.0
2012-11-29,-53.264,-37.947,b15f,0.0
2012-11-30,-53.305,-38.194,b15f,0.0
2012-12-01,-53.307,-38.515,b15f,0.0
2012-12-02,-53.295,-38.646,b15f,0.0
2012-12-03,-53.148,-38.946,b15f,0.0
2012-12-04,-53.034,-39.048,b15f,0.0
2012-12-05,-52.889,-38.968,b15f,0.0
2012-12-06,-52.821,-38.694,b15f,0.0
2012-12-07,-52.804,-38.344,b15f,0.0
2012-12-08,-52.671,-38.208,b15f,0.0
2012-12-09,-52.496,-38.244,b15f,0.0
2012-12-10,-52.339,-38.347,b15f,0.0
2012-12-11,-52.193,-38.368,b15f,0.0
2012-12-12,-52.084,-38.404,b15f,0.0
2012-12-13,-52.005,-38.561,b15f,0.0
2012-12-14,-51.899,-38.692,b15f,0.0
2012-12-15,-51.831,-38.815,b15f,0.0
2012-12-16,-51.789,-38.802,b15f,0.0
2012-12-17,-51.755,-38.876,b15f,0.0
2012-12-18,-51.709,-38.832,b15f,0.0
2012-12-19,-51.679,-38.9,b15f,0.0
2012-12-20,-51.678,-38.9,b15f,0.0
2012-12-21,-51.681,-39.007,b15f,0.0
2012-12-22,-51.679,-39.007,b15f,0.0
2012-12-23,-51.655,-39.022,b15f,0.0
2012-12-24,-51.64,-39.009,b15f,0.0
2012-12-25,-51.623,-39.028,b15f,0.0
2012-12-26,-51.594,-39.06,b15f,0.0
2012-12-27,-51.551,-39.103,b15f,0.0
2012-12-28,-51.487,-39.153,b15f,0.0
2012-12-29,-51.435,-39.212,b15f,0.0
2012-12-30,-51.352,-39.272,b15f,0.0
2012-12-31,-51.287,-39.329,b15f,0.0
2013-01-01,-51.265,-39.434,b15f,0.0
2013-01-02,-51.239,-39.431,b15f,0.0
2013-01-03,-51.175,-39.541,b15f,0.0
2013-01-04,-51.118,-39.68,b15f,0.0
2013-01-05,-51.099,-39.764,b15f,0.0
2013-01-06,-51.029,-39.815,b15f,0.0
2013-01-07,-50.956,-39.817,b15f,0.0
2013-01-08,-50.872,-39.857,b15f,0.0
2013-01-09,-50.864,-39.84,b15f,0.0
2013-01-10,-50.832,-39.916,b15f,0.0
2013-01-11,-50.795,-39.896,b15f,0.0
2013-01-12,-50.749,-39.828,b15f,0.0
2013-01-13,-50.721,-39.745,b15f,0.0
2013-01-14,-50.627,-39.752,b15f,0.0
2013-01-15,-50.558,-39.634,b15f,0.0
2013-01-16,-50.466,-39.531,b15f,0.0
2013-01-17,-50.404,-39.477,b15f,0.0
2013-01-18,-50.376,-39.333,b15f,0.0
2013-01-19,-50.466,-39.184,b15f,0.0
2013-01-20,-50.581,-39.092,b15f,0.0
2013-01-21,-50.783,-38.79,b15f,0.0
2013-01-22,-50.968,-38.279,b15f,0.0
2013-01-23,-51.058,-37.719,b15f,0.0
2013-01-24,-51.144,-37.267,b15f,0.0
2013-01-25,-51.239,-36.921,b15f,0.0
2013-01-26,-51.366,-36.584,b15f,0.0
2013-01-27,-51.412,-36.323,b15f,0.0
2013-01-28,-51.414,-36.112,b15f,0.0
2013-01-29,-51.304,-35.976,b15f,0.0
2013-01-30,-51.251,-35.87,b15f,0.0
2013-01-31,-51.139,-35.896,b15f,0.0
2013-02-01,-51.078,-35.804,b15f,0.0
2013-02-02,-51.058,-35.644,b15f,0.0
2013-02-03,-51.034,-35.497,b15f,0.0
2013-02-04,-50.931,-35.403,b15f,0.0
2013-02-05,-50.885,-35.196,b15f,0.0
2013-02-06,-50.8,-35.12,b15f,0.0
2013-02-07,-50.672,-34.89,b15f,0.0
2013-02-08,-50.52,-34.64,b15f,0.0
2013-02-09,-50.37,-34.525,b15f,0.0
2013-02-10,-50.038,-34.375,b15f,0.0
2013-02-11,-49.926,-33.915,b15f,0.0
2013-02-12,-50.039,-33.304,b15f,0.0
2013-02-13,-49.819,-33.764,b15f,0.0
2013-02-14,-50.32,-32.416,b15f,0.0
2013-02-15,-50.325,-32.092,b15f,0.0
2013-02-16,-50.3,-31.783,b15f,0.0
2013-02-17,-50.253,-31.427,b15f,0.0
2013-02-18,-50.155,-31.385,b15f,0.0
2013-02-19,-50.149,-31.226,b15f,0.0
2013-02-20,-50.169,-31.137,b15f,0.0
2013-02-21,-50.296,-31.004,b15f,0.0
2013-02-22,-50.361,-30.832,b15f,0.0
2013-02-23,-50.574,-30.63,b15f,0.0
2013-02-24,-50.505,-30.413,b15f,0.0
2013-02-25,-50.47,-30.321,b15f,0.0
2013-02-26,-50.385,-30.309,b15f,0.0
2013-02-27,-50.353,-30.331,b15f,0.0
2013-02-28,-50.374,-30.225,b15f,0.0
2013-03-01,-50.37,-30.256,b15f,0.0
2013-03-02,-50.253,-30.314,b15f,0.0
2013-03-03,-50.078,-30.291,b15f,0.0
2013-03-04,-49.885,-30.249,b15f,0.0
2013-03-05,-49.782,-30.225,b15f,0.0
2013-03-06,-49.769,-30.333,b15f,0.0
2013-03-07,-49.859,-30.473,b15f,0.0
2013-03-08,-50.068,-30.574,b15f,0.0
2013-03-09,-50.134,-30.596,b15f,0.0
2013-03-10,-50.186,-30.533,b15f,0.0
2013-03-11,-50.096,-30.358,b15f,0.0
2013-03-12,-49.588,-30.068,b15f,0.0
2013-03-13,-49.556,-29.995,b15f,0.0
2013-03-14,-49.507,-29.916,b15f,0.0
2013-03-15,-49.466,-29.762,b15f,0.0
2013-03-16,-49.54,-29.626,b15f,0.0
2013-03-17,-49.693,-29.261,b15f,0.0
2013-03-18,-49.788,-29.021,b15f,0.0
2013-03-19,-49.875,-28.808,b15f,0.0
2013-03-20,-49.95,-28.688,b15f,0.0
2013-03-21,-49.946,-28.544,b15f,0.0
2013-03-22,-49.969,-28.407,b15f,0.0
2013-03-23,-50.01,-28.292,b15f,0.0
2013-03-24,-50.077,-27.977,b15f,0.0
2013-03-25,-50.17,-27.732,b15f,0.0
2013-03-26,-50.146,-27.599,b15f,0.0
2013-03-27,-50.215,-27.522,b15f,0.0
2013-03-28,-50.428,-27.451,b15f,0.0
2013-03-29,-50.64,-27.363,b15f,0.0
2013-03-30,-50.782,-27.337,b15f,0.0
2013-03-31,-50.9,-27.223,b15f,0.0
2013-04-01,-51.203,-27.19,b15f,0.0
2013-04-02,-51.327,-27.273,b15f,0.0
2013-04-03,-51.517,-27.308,b15f,0.0
2013-04-04,-51.695,-27.373,b15f,0.0
2013-04-05,-51.896,-27.28,b15f,0.0
2013-04-06,-51.975,-27.054,b15f,0.0
2013-04-07,-52.094,-27.103,b15f,0.0
2013-04-08,-52.131,-26.981,b15f,0.0
2013-04-09,-52.117,-26.661,b15f,0.0
2013-04-10,-52.05,-26.281,b15f,0.0
2013-04-11,-51.853,-25.952,b15f,0.0
2013-04-12,-51.818,-25.779,b15f,0.0
2013-04-13,-51.726,-25.725,b15f,0.0
2013-04-14,-51.551,-25.651,b15f,0.0
2013-04-15,-51.434,-25.526,b15f,0.0
2013-04-16,-51.406,-25.487,b15f,0.0
2013-04-17,-51.357,-25.508,b15f,0.0
2013-04-18,-51.32,-25.451,b15f,0.0
2013-04-19,-51.332,-25.357,b15f,0.0
2013-04-20,-51.288,-25.558,b15f,0.0
2013-04-21,-51.265,-25.487,b15f,0.0
2013-04-22,-51.191,-25.584,b15f,0.0
2006-06-25,-65.53,84.28,b15r,0.0
2006-07-09,-65.7,83.25,b15r,0.0
2006-07-23,-65.3,81.37,b15r,0.0
2006-07-24,-65.306,81.205,b15r,0.0
2006-07-25,-65.323,81.022,b15r,0.0
2006-07-26,-65.348,80.831,b15r,0.0
2006-07-27,-65.378,80.639,b15r,0.0
2006-07-28,-65.412,80.456,b15r,0.0
2006-07-29,-65.447,80.29,b15r,0.0
2006-07-30,-65.48,80.15,b15r,0.0
2006-07-31,-65.516,80.031,b15r,0.0
2006-08-01,-65.559,79.922,b15r,0.0
2006-08-02,-65.606,79.821,b15r,0.0
2006-08-03,-65.654,79.727,b15r,0.0
2006-08-04,-65.699,79.638,b15r,0.0
2006-08-05,-65.739,79.553,b15r,0.0
2006-08-06,-65.77,79.47,b15r,0.0
2006-08-07,-65.793,79.393,b15r,0.0
2006-08-08,-65.812,79.325,b15r,0.0
2006-08-09,-65.829,79.261,b15r,0.0
2006-08-10,-65.845,79.197,b15r,0.0
2006-08-11,-65.861,79.13,b15r,0.0
2006-08-12,-65.879,79.056,b15r,0.0
2006-08-13,-65.9,78.97,b15r,0.0
2006-08-27,-66.4,76.9,b15r,0.0
2006-09-10,-66.75,75.72,b15r,0.0
2006-09-11,-66.793,75.659,b15r,0.0
2006-09-12,-66.848,75.601,b15r,0.0
2006-09-13,-66.91,75.546,b15r,0.0
2006-09-14,-66.973,75.494,b15r,0.0
2006-09-15,-67.032,75.444,b15r,0.0
2006-09-16,-67.083,75.396,b15r,0.0
2006-09-17,-67.12,75.35,b15r,0.0
2006-10-01,-67.37,74.8,b15r,0.0
2006-10-15,-67.305,74.505,b15r,0.0
2006-10-22,-66.51,65.77,b15r,0.0
2006-11-05,-67.35,74.9,b15r,0.0
2006-11-06,-67.349,74.889,b15r,0.0
2006-11-07,-67.346,74.86,b15r,0.0
2006-11-08,-67.342,74.821,b15r,0.0
2006-11-09,-67.338,74.779,b15r,0.0
2006-11-10,-67.334,74.74,b15r,0.0
2006-11-11,-67.331,74.711,b15r,0.0
2006-11-12,-67.33,74.7,b15r,0.0
2006-11-13,-67.335,74.72,b15r,0.0
2006-11-14,-67.347,74.773,b15r,0.0
2006-11-15,-67.364,74.847,b15r,0.0
2006-11-16,-67.382,74.932,b15r,0.0
2006-11-17,-67.398,75.016,b15r,0.0
2006-11-18,-67.41,75.089,b15r,0.0
2006-11-19,-67.415,75.14,b15r,0.0
2006-12-17,-67.35,75.75,b15r,0.0
2006-12-18,-67.347,75.774,b15r,0.0
2006-12-19,-67.343,75.797,b15r,0.0
2006-12-20,-67.338,75.821,b15r,0.0
2006-12-21,-67.334,75.845,b15r,0.0
2006-12-22,-67.329,75.871,b15r,0.0
2006-12-23,-67.325,75.899,b15r,0.0
2006-12-24,-67.32,75.93,b15r,0.0
2007-01-14,-67.22,77.03,b15r,0.0
2007-01-15,-67.222,77.09,b15r,0.0
2007-01-16,-67.228,77.156,b15r,0.0
2007-01-17,-67.237,77.225,b15r,0.0
2007-01-18,-67.247,77.292,b15r,0.0
2007-01-19,-67.259,77.354,b15r,0.0
2007-01-20,-67.27,77.408,b15r,0.0
2007-01-21,-67.28,77.45,b15r,0.0
2007-01-22,-67.291,77.483,b15r,0.0
2007-01-23,-67.303,77.512,b15r,0.0
2007-01-24,-67.317,77.538,b15r,0.0
2007-01-25,-67.329,77.561,b15r,0.0
2007-01-26,-67.34,77.582,b15r,0.0
2007-01-27,-67.347,77.602,b15r,0.0
2007-01-28,-67.35,77.62,b15r,0.0
2007-01-29,-67.35,77.639,b15r,0.0
2007-01-30,-67.35,77.658,b15r,0.0
2007-01-31,-67.35,77.677,b15r,0.0
2007-02-01,-67.35,77.694,b15r,0.0
2007-02-02,-67.35,77.708,b15r,0.0
2007-02-03,-67.35,77.717,b15r,0.0
2007-02-04,-67.35,77.72,b15r,0.0
2007-02-05,-67.351,77.716,b15r,0.0
2007-02-06,-67.354,77.706,b15r,0.0
2007-02-07,-67.358,77.692,b15r,0.0
2007-02-08,-67.363,77.678,b15r,0.0
2007-02-09,-67.369,77.664,b15r,0.0
2007-02-10,-67.375,77.654,b15r,0.0
2007-02-11,-67.38,77.65,b15r,0.0
2007-02-12,-67.386,77.651,b15r,0.0
2007-02-13,-67.393,77.652,b15r,0.0
2007-02-14,-67.401,77.654,b15r,0.0
2007-02-15,-67.408,77.657,b15r,0.0
2007-02-16,-67.414,77.661,b15r,0.0
2007-02-17,-67.418,77.665,b15r,0.0
2007-02-18,-67.42,77.67,b15r,0.0
2007-02-19,-67.419,77.682,b15r,0.0
2007-02-20,-67.416,77.705,b15r,0.0
2007-02-21,-67.412,77.734,b15r,0.0
2007-02-22,-67.408,77.765,b15r,0.0
2007-02-23,-67.404,77.792,b15r,0.0
2007-02-24,-67.401,77.812,b15r,0.0
2007-02-25,-67.4,77.82,b15r,0.0
2007-02-26,-67.4,77.82,b15r,0.0
2007-02-27,-67.4,77.82,b15r,0.0
2007-02-28,-67.4,77.82,b15r,0.0
2007-03-01,-67.4,77.82,b15r,0.0
2007-03-02,-67.4,77.82,b15r,0.0
2007-03-03,-67.4,77.82,b15r,0.0
2007-03-04,-67.4,77.82,b15r,0.0
2007-03-18,-67.4,77.83,b15r,0.0
2007-03-19,-67.4,77.83,b15r,0.0
2007-03-20,-67.4,77.83,b15r,0.0
2007-03-21,-67.4,77.83,b15r,0.0
2007-03-22,-67.4,77.83,b15r,0.0
2007-03-23,-67.4,77.83,b15r,0.0
2007-03-24,-67.4,77.83,b15r,0.0
2007-03-25,-67.4,77.83,b15r,0.0
2007-03-26,-67.4,77.832,b15r,0.0
2007-03-27,-67.4,77.838,b15r,0.0
2007-03-28,-67.4,77.846,b15r,0.0
2007-03-29,-67.4,77.854,b15r,0.0
2007-03-30,-67.4,77.862,b15r,0.0
2007-03-31,-67.4,77.868,b15r,0.0
2007-04-01,-67.4,77.87,b15r,0.0
2007-04-02,-67.4,77.87,b15r,0.0
2007-04-03,-67.4,77.87,b15r,0.0
2007-04-04,-67.4,77.87,b15r,0.0
2007-04-05,-67.4,77.87,b15r,0.0
2007-04-06,-67.4,77.87,b15r,0.0
2007-04-07,-67.4,77.87,b15r,0.0
2007-04-08,-67.4,77.87,b15r,0.0
2007-04-09,-67.4,77.87,b15r,0.0
2007-04-10,-67.4,77.87,b15r,0.0
2007-04-11,-67.4,77.87,b15r,0.0
2007-04-12,-67.4,77.87,b15r,0.0
2007-04-13,-67.4,77.87,b15r,0.0
2007-04-14,-67.4,77.87,b15r,0.0
2007-04-15,-67.4,77.87,b15r,0.0
2007-04-16,-67.4,77.87,b15r,0.0
2007-04-17,-67.4,77.87,b15r,0.0
2007-04-18,-67.4,77.87,b15r,0.0
2007-04-19,-67.4,77.87,b15r,0.0
2007-04-20,-67.4,77.87,b15r,0.0
2007-04-21,-67.4,77.87,b15r,0.0
2007-04-22,-67.4,77.87,b15r,0.0
2007-04-23,-67.4,77.87,b15r,0.0
2007-04-24,-67.4,77.87,b15r,0.0
2007-04-25,-67.4,77.87,b15r,0.0
2007-04-26,-67.4,77.87,b15r,0.0
2007-04-27,-67.4,77.87,b15r,0.0
2007-04-28,-67.4,77.87,b15r,0.0
2007-04-29,-67.4,77.87,b15r,0.0
2007-04-30,-67.4,77.87,b15r,0.0
2007-05-01,-67.4,77.87,b15r,0.0
2007-05-02,-67.4,77.87,b15r,0.0
2007-05-03,-67.4,77.87,b15r,0.0
2007-05-04,-67.4,77.87,b15r,0.0
2007-05-05,-67.4,77.87,b15r,0.0
2007-05-06,-67.4,77.87,b15r,0.0
2007-05-07,-67.4,77.87,b15r,0.0
2007-05-08,-67.4,77.87,b15r,0.0
2007-05-09,-67.4,77.87,b15r,0.0
2007-05-10,-67.4,77.87,b15r,0.0
2007-05-11,-67.4,77.87,b15r,0.0
2007-05-12,-67.4,77.87,b15r,0.0
2007-05-13,-67.4,77.87,b15r,0.0
2007-05-14,-67.398,77.865,b15r,0.0
2007-05-15,-67.394,77.852,b15r,0.0
2007-05-16,-67.388,77.835,b15r,0.0
2007-05-17,-67.382,77.815,b15r,0.0
2007-05-18,-67.376,77.798,b15r,0.0
2007-05-19,-67.372,77.785,b15r,0.0
2007-05-20,-67.37,77.78,b15r,0.0
2007-06-10,-67.38,77.82,b15r,0.0
2007-06-11,-67.38,77.82,b15r,0.0
2007-06-12,-67.38,77.82,b15r,0.0
2007-06-13,-67.38,77.82,b15r,0.0
2007-06-14,-67.38,77.82,b15r,0.0
2007-06-15,-67.38,77.82,b15r,0.0
2007-06-16,-67.38,77.82,b15r,0.0
2007-06-17,-67.38,77.82,b15r,0.0
2007-06-18,-67.38,77.82,b15r,0.0
2007-06-19,-67.38,77.82,b15r,0.0
2007-06-20,-67.38,77.82,b15r,0.0
2007-06-21,-67.38,77.82,b15r,0.0
2007-06-22,-67.38,77.82,b15r,0.0
2007-06-23,-67.38,77.82,b15r,0.0
2007-06-24,-67.38,77.82,b15r,0.0
2007-07-08,-67.38,77.82,b15r,0.0
2007-07-09,-67.38,77.82,b15r,0.0
2007-07-10,-67.38,77.82,b15r,0.0
2007-07-11,-67.38,77.82,b15r,0.0
2007-07-12,-67.38,77.82,b15r,0.0
2007-07-13,-67.38,77.82,b15r,0.0
2007-07-14,-67.38,77.82,b15r,0.0
2007-07-15,-67.38,77.82,b15r,0.0
2007-07-16,-67.38,77.82,b15r,0.0
2007-07-17,-67.38,77.82,b15r,0.0
2007-07-18,-67.38,77.82,b15r,0.0
2007-07-19,-67.38,77.82,b15r,0.0
2007-07-20,-67.38,77.82,b15r,0.0
2007-07-21,-67.38,77.82,b15r,0.0
2007-07-22,-67.38,77.82,b15r,0.0
2007-07-23,-67.38,77.82,b15r,0.0
2007-07-24,-67.38,77.82,b15r,0.0
2007-07-25,-67.38,77.82,b15r,0.0
2007-07-26,-67.38,77.82,b15r,0.0
2007-07-27,-67.38,77.82,b15r,0.0
2007-07-28,-67.38,77.82,b15r,0.0
2007-07-29,-67.38,77.82,b15r,0.0
2007-07-30,-67.38,77.816,b15r,0.0
2007-07-31,-67.38,77.805,b15r,0.0
2007-08-01,-67.38,77.789,b15r,0.0
2007-08-02,-67.38,77.772,b15r,0.0
2007-08-03,-67.38,77.754,b15r,0.0
2007-08-04,-67.38,77.74,b15r,0.0
2007-08-05,-67.38,77.73,b15r,0.0
2007-08-06,-67.38,77.724,b15r,0.0
2007-08-07,-67.38,77.718,b15r,0.0
2007-08-08,-67.38,77.712,b15r,0.0
2007-08-09,-67.38,77.707,b15r,0.0
2007-08-10,-67.38,77.703,b15r,0.0
2007-08-11,-67.38,77.701,b15r,0.0
2007-08-12,-67.38,77.7,b15r,0.0
2007-08-13,-67.38,77.7,b15r,0.0
2007-08-14,-67.38,77.7,b15r,0.0
2007-08-15,-67.38,77.7,b15r,0.0
2007-08-16,-67.38,77.7,b15r,0.0
2007-08-17,-67.38,77.7,b15r,0.0
2007-08-18,-67.38,77.7,b15r,0.0
2007-08-19,-67.38,77.7,b15r,0.0
2007-08-20,-67.382,77.699,b15r,0.0
2007-08-21,-67.388,77.697,b15r,0.0
2007-08-22,-67.397,77.694,b15r,0.0
2007-08-23,-67.406,77.69,b15r,0.0
2007-08-24,-67.416,77.686,b15r,0.0
2007-08-25,-67.424,77.683,b15r,0.0
2007-08-26,-67.43,77.68,b15r,0.0
2007-08-27,-67.434,77.678,b15r,0.0
2007-08-28,-67.438,77.676,b15r,0.0
2007-08-29,-67.442,77.674,b15r,0.0
2007-08-30,-67.445,77.673,b15r,0.0
2007-08-31,-67.448,77.671,b15r,0.0
2007-09-01,-67.449,77.67,b15r,0.0
2007-09-02,-67.45,77.67,b15r,0.0
2007-09-16,-67.45,77.67,b15r,0.0
2007-09-17,-67.448,77.679,b15r,0.0
2007-09-18,-67.442,77.702,b15r,0.0
2007-09-19,-67.433,77.733,b15r,0.0
2007-09-20,-67.424,77.767,b15r,0.0
2007-09-21,-67.414,77.798,b15r,0.0
2007-09-22,-67.406,77.821,b15r,0.0
2007-09-23,-67.4,77.83,b15r,0.0
2007-09-24,-67.396,77.829,b15r,0.0
2007-09-25,-67.392,77.828,b15r,0.0
2007-09-26,-67.388,77.826,b15r,0.0
2007-09-27,-67.385,77.824,b15r,0.0
2007-09-28,-67.382,77.822,b15r,0.0
2007-09-29,-67.381,77.821,b15r,0.0
2007-09-30,-67.38,77.82,b15r,0.0
2007-10-01,-67.38,77.82,b15r,0.0
2007-10-02,-67.38,77.82,b15r,0.0
2007-10-03,-67.38,77.82,b15r,0.0
2007-10-04,-67.38,77.82,b15r,0.0
2007-10-05,-67.38,77.82,b15r,0.0
2007-10-06,-67.38,77.82,b15r,0.0
2007-10-07,-67.38,77.82,b15r,0.0
2007-10-21,-67.38,77.82,b15r,0.0
2007-10-22,-67.38,77.82,b15r,0.0
2007-10-23,-67.38,77.82,b15r,0.0
2007-10-24,-67.38,77.82,b15r,0.0
2007-10-25,-67.38,77.82,b15r,0.0
2007-10-26,-67.38,77.82,b15r,0.0
2007-10-27,-67.38,77.82,b15r,0.0
2007-10-28,-67.38,77.82,b15r,0.0
2007-10-29,-67.38,77.82,b15r,0.0
2007-10-30,-67.38,77.82,b15r,0.0
2007-10-31,-67.38,77.82,b15r,0.0
2007-11-01,-67.38,77.82,b15r,0.0
2007-11-02,-67.38,77.82,b15r,0.0
2007-11-03,-67.38,77.82,b15r,0.0
2007-11-04,-67.38,77.82,b15r,0.0
2007-11-05,-67.38,77.82,b15r,0.0
2007-11-06,-67.38,77.82,b15r,0.0
2007-11-07,-67.38,77.82,b15r,0.0
2007-11-08,-67.38,77.82,b15r,0.0
2007-11-09,-67.38,77.82,b15r,0.0
2007-11-10,-67.38,77.82,b15r,0.0
2007-11-11,-67.38,77.82,b15r,0.0
2007-11-25,-67.38,77.82,b15r,0.0
2007-11-26,-67.38,77.82,b15r,0.0
2007-11-27,-67.38,77.82,b15r,0.0
2007-11-28,-67.38,77.82,b15r,0.0
2007-11-29,-67.38,77.82,b15r,0.0
2007-11-30,-67.38,77.82,b15r,0.0
2007-12-01,-67.38,77.82,b15r,0.0
2007-12-02,-67.38,77.82,b15r,0.0
2007-12-03,-67.38,77.82,b15r,0.0
2007-12-04,-67.38,77.82,b15r,0.0
2007-12-05,-67.38,77.82,b15r,0.0
2007-12-06,-67.38,77.82,b15r,0.0
2007-12-07,-67.38,77.82,b15r,0.0
2007-12-08,-67.38,77.82,b15r,0.0
2007-12-09,-67.38,77.82,b15r,0.0
2007-12-10,-67.38,77.82,b15r,0.0
2007-12-11,-67.38,77.82,b15r,0.0
2007-12-12,-67.38,77.82,b15r,0.0
2007-12-13,-67.38,77.82,b15r,0.0
2007-12-14,-67.38,77.82,b15r,0.0
2007-12-15,-67.38,77.82,b15r,0.0
2007-12-16,-67.38,77.82,b15r,0.0
2007-12-17,-67.38,77.819,b15r,0.0
2007-12-18,-67.382,77.817,b15r,0.0
2007-12-19,-67.383,77.814,b15r,0.0
2007-12-20,-67.385,77.81,b15r,0.0
2007-12-21,-67.387,77.807,b15r,0.0
2007-12-22,-67.389,77.803,b15r,0.0
2007-12-23,-67.39,77.8,b15r,0.0
2007-12-24,-67.391,77.797,b15r,0.0
2007-12-25,-67.393,77.795,b15r,0.0
2007-12-26,-67.394,77.792,b15r,0.0
2007-12-27,-67.396,77.789,b15r,0.0
2007-12-28,-67.397,77.787,b15r,0.0
2007-12-29,-67.398,77.784,b15r,0.0
2007-12-30,-67.399,77.782,b15r,0.0
2007-12-31,-67.4,77.781,b15r,0.0
2008-01-01,-67.4,77.78,b15r,0.0
2008-01-02,-67.4,77.78,b15r,0.0
2008-01-03,-67.4,77.78,b15r,0.0
2008-01-04,-67.4,77.78,b15r,0.0
2008-01-05,-67.4,77.78,b15r,0.0
2008-01-06,-67.4,77.78,b15r,0.0
2008-01-07,-67.4,77.78,b15r,0.0
2008-01-08,-67.4,77.78,b15r,0.0
2008-01-09,-67.4,77.78,b15r,0.0
2008-01-10,-67.4,77.78,b15r,0.0
2008-01-11,-67.4,77.78,b15r,0.0
2008-01-12,-67.4,77.78,b15r,0.0
2008-01-13,-67.4,77.78,b15r,0.0
2008-01-14,-67.4,77.78,b15r,0.0
2008-01-15,-67.4,77.78,b15r,0.0
2008-01-16,-67.4,77.78,b15r,0.0
2008-01-17,-67.4,77.78,b15r,0.0
2008-01-18,-67.4,77.78,b15r,0.0
2008-01-19,-67.4,77.78,b15r,0.0
2008-01-20,-67.4,77.78,b15r,0.0
2008-01-21,-67.402,77.78,b15r,0.0
2008-01-22,-67.406,77.78,b15r,0.0
2008-01-23,-67.412,77.78,b15r,0.0
2008-01-24,-67.418,77.78,b15r,0.0
2008-01-25,-67.424,77.78,b15r,0.0
2008-01-26,-67.428,77.78,b15r,0.0
2008-01-27,-67.43,77.78,b15r,0.0
2008-01-28,-67.427,77.779,b15r,0.0
2008-01-29,-67.42,77.778,b15r,0.0
2008-01-30,-67.41,77.776,b15r,0.0
2008-01-31,-67.4,77.774,b15r,0.0
2008-02-01,-67.39,77.772,b15r,0.0
2008-02-02,-67.383,77.771,b15r,0.0
2008-02-03,-67.38,77.77,b15r,0.0
2008-02-04,-67.38,77.77,b15r,0.0
2008-02-05,-67.38,77.77,b15r,0.0
2008-02-06,-67.38,77.77,b15r,0.0
2008-02-07,-67.38,77.77,b15r,0.0
2008-02-08,-67.38,77.77,b15r,0.0
2008-02-09,-67.38,77.77,b15r,0.0
2008-02-10,-67.38,77.77,b15r,0.0
2008-02-11,-67.384,77.773,b15r,0.0
2008-02-12,-67.394,77.78,b15r,0.0
2008-02-13,-67.408,77.79,b15r,0.0
2008-02-14,-67.422,77.8,b15r,0.0
2008-02-15,-67.436,77.81,b15r,0.0
2008-02-16,-67.446,77.817,b15r,0.0
2008-02-17,-67.45,77.82,b15r,0.0
2008-02-18,-67.446,77.82,b15r,0.0
2008-02-19,-67.436,77.82,b15r,0.0
2008-02-20,-67.422,77.82,b15r,0.0
2008-02-21,-67.408,77.82,b15r,0.0
2008-02-22,-67.394,77.82,b15r,0.0
2008-02-23,-67.384,77.82,b15r,0.0
2008-02-24,-67.38,77.82,b15r,0.0
2008-02-25,-67.383,77.82,b15r,0.0
2008-02-26,-67.39,77.82,b15r,0.0
2008-02-27,-67.4,77.82,b15r,0.0
2008-02-28,-67.41,77.82,b15r,0.0
2008-02-29,-67.42,77.82,b15r,0.0
2008-03-01,-67.427,77.82,b15r,0.0
2008-03-02,-67.43,77.82,b15r,0.0
2008-03-03,-67.428,77.819,b15r,0.0
2008-03-04,-67.424,77.816,b15r,0.0
2008-03-05,-67.418,77.812,b15r,0.0
2008-03-06,-67.412,77.808,b15r,0.0
2008-03-07,-67.406,77.804,b15r,0.0
2008-03-08,-67.402,77.801,b15r,0.0
2008-03-09,-67.4,77.8,b15r,0.0
2008-03-10,-67.4,77.8,b15r,0.0
2008-03-11,-67.4,77.8,b15r,0.0
2008-03-12,-67.4,77.8,b15r,0.0
2008-03-13,-67.4,77.8,b15r,0.0
2008-03-14,-67.4,77.8,b15r,0.0
2008-03-15,-67.4,77.8,b15r,0.0
2008-03-16,-67.4,77.8,b15r,0.0
2008-03-17,-67.4,77.8,b15r,0.0
2008-03-18,-67.4,77.8,b15r,0.0
2008-03-19,-67.4,77.8,b15r,0.0
2008-03-20,-67.4,77.8,b15r,0.0
2008-03-21,-67.4,77.8,b15r,0.0
2008-03-22,-67.4,77.8,b15r,0.0
2008-03-23,-67.4,77.8,b15r,0.0
2008-03-24,-67.4,77.8,b15r,0.0
2008-03-25,-67.4,77.8,b15r,0.0
2008-03-26,-67.4,77.8,b15r,0.0
2008-03-27,-67.4,77.8,b15r,0.0
2008-03-28,-67.4,77.8,b15r,0.0
2008-03-29,-67.4,77.8,b15r,0.0
2008-03-30,-67.4,77.8,b15r,0.0
2008-03-31,-67.4,77.8,b15r,0.0
2008-04-01,-67.4,77.8,b15r,0.0
2008-04-02,-67.4,77.8,b15r,0.0
2008-04-03,-67.4,77.8,b15r,0.0
2008-04-04,-67.4,77.8,b15r,0.0
2008-04-05,-67.4,77.8,b15r,0.0
2008-04-06,-67.4,77.8,b15r,0.0
2008-04-07,-67.4,77.8,b15r,0.0
2008-04-08,-67.4,77.8,b15r,0.0
2008-04-09,-67.4,77.8,b15r,0.0
2008-04-10,-67.4,77.8,b15r,0.0
2008-04-11,-67.4,77.8,b15r,0.0
2008-04-12,-67.4,77.8,b15r,0.0
2008-04-13,-67.4,77.8,b15r,0.0
2008-04-14,-67.4,77.8,b15r,0.0
2008-04-15,-67.4,77.8,b15r,0.0
2008-04-16,-67.4,77.8,b15r,0.0
2008-04-17,-67.4,77.8,b15r,0.0
2008-04-18,-67.4,77.8,b15r,0.0
2008-04-19,-67.4,77.8,b15r,0.0
2008-04-20,-67.4,77.8,b15r,0.0
2008-04-21,-67.4,77.8,b15r,0.0
2008-04-22,-67.4,77.8,b15r,0.0
2008-04-23,-67.4,77.8,b15r,0.0
2008-04-24,-67.4,77.8,b15r,0.0
2008-04-25,-67.4,77.8,b15r,0.0
2008-04-26,-67.4,77.8,b15r,0.0
2008-04-27,-67.4,77.8,b15r,0.0
2008-04-28,-67.4,77.8,b15r,0.0
2008-04-29,-67.4,77.8,b15r,0.0
2008-04-30,-67.4,77.8,b15r,0.0
2008-05-01,-67.4,77.8,b15r,0.0
2008-05-02,-67.4,77.8,b15r,0.0
2008-05-03,-67.4,77.8,b15r,0.0
2008-05-04,-67.4,77.8,b15r,0.0
2008-05-05,-67.4,77.8,b15r,0.0
2008-05-06,-67.4,77.8,b15r,0.0
2008-05-07,-67.4,77.8,b15r,0.0
2008-05-08,-67.4,77.8,b15r,0.0
2008-05-09,-67.4,77.8,b15r,0.0
2008-05-10,-67.4,77.8,b15r,0.0
2008-05-11,-67.4,77.8,b15r,0.0
2008-05-12,-67.4,77.8,b15r,0.0
2008-05-13,-67.4,77.8,b15r,0.0
2008-05-14,-67.4,77.8,b15r,0.0
2008-05-15,-67.4,77.8,b15r,0.0
2008-05-16,-67.4,77.8,b15r,0.0
2008-05-17,-67.4,77.8,b15r,0.0
2008-05-18,-67.4,77.8,b15r,0.0
2008-05-19,-67.4,77.8,b15r,0.0
2008-05-20,-67.4,77.8,b15r,0.0
2008-05-21,-67.4,77.8,b15r,0.0
2008-05-22,-67.4,77.8,b15r,0.0
2008-05-23,-67.4,77.8,b15r,0.0
2008-05-24,-67.4,77.8,b15r,0.0
2008-05-25,-67.4,77.8,b15r,0.0
2008-05-26,-67.4,77.8,b15r,0.0
2008-05-27,-67.4,77.8,b15r,0.0
2008-05-28,-67.4,77.8,b15r,0.0
2008-05-29,-67.4,77.8,b15r,0.0
2008-05-30,-67.4,77.8,b15r,0.0
2008-05-31,-67.4,77.8,b15r,0.0
2008-06-01,-67.4,77.8,b15r,0.0
2008-06-02,-67.4,77.8,b15r,0.0
2008-06-03,-67.4,77.8,b15r,0.0
2008-06-04,-67.4,77.8,b15r,0.0
2008-06-05,-67.4,77.8,b15r,0.0
2008-06-06,-67.4,77.8,b15r,0.0
2008-06-07,-67.4,77.8,b15r,0.0
2008-06-08,-67.4,77.8,b15r,0.0
2008-06-09,-67.4,77.8,b15r,0.0
2008-06-10,-67.4,77.8,b15r,0.0
2008-06-11,-67.4,77.8,b15r,0.0
2008-06-12,-67.4,77.8,b15r,0.0
2008-06-13,-67.4,77.8,b15r,0.0
2008-06-14,-67.4,77.8,b15r,0.0
2008-06-15,-67.4,77.8,b15r,0.0
2008-06-16,-67.4,77.8,b15r,0.0
2008-06-17,-67.4,77.8,b15r,0.0
2008-06-18,-67.4,77.8,b15r,0.0
2008-06-19,-67.4,77.8,b15r,0.0
2008-06-20,-67.4,77.8,b15r,0.0
2008-06-21,-67.4,77.8,b15r,0.0
2008-06-22,-67.4,77.8,b15r,0.0
2008-06-23,-67.4,77.8,b15r,0.0
2008-06-24,-67.4,77.8,b15r,0.0
2008-06-25,-67.4,77.8,b15r,0.0
2008-06-26,-67.4,77.8,b15r,0.0
2008-06-27,-67.4,77.8,b15r,0.0
2008-06-28,-67.4,77.8,b15r,0.0
2008-06-29,-67.4,77.8,b15r,0.0
2008-06-30,-67.4,77.8,b15r,0.0
2008-07-01,-67.4,77.8,b15r,0.0
2008-07-02,-67.4,77.8,b15r,0.0
2008-07-03,-67.4,77.8,b15r,0.0
2008-07-04,-67.4,77.8,b15r,0.0
2008-07-05,-67.4,77.8,b15r,0.0
2008-07-06,-67.4,77.8,b15r,0.0
2008-07-07,-67.4,77.8,b15r,0.0
2008-07-08,-67.4,77.8,b15r,0.0
2008-07-09,-67.4,77.8,b15r,0.0
2008-07-10,-67.4,77.8,b15r,0.0
2008-07-11,-67.4,77.8,b15r,0.0
2008-07-12,-67.4,77.8,b15r,0.0
2008-07-13,-67.4,77.8,b15r,0.0
2008-07-14,-67.4,77.8,b15r,0.0
2008-07-15,-67.4,77.8,b15r,0.0
2008-07-16,-67.4,77.8,b15r,0.0
2008-07-17,-67.4,77.8,b15r,0.0
2008-07-18,-67.4,77.8,b15r,0.0
2008-07-19,-67.4,77.8,b15r,0.0
2008-07-20,-67.4,77.8,b15r,0.0
2008-07-21,-67.4,77.8,b15r,0.0
2008-07-22,-67.4,77.8,b15r,0.0
2008-07-23,-67.4,77.8,b15r,0.0
2008-07-24,-67.4,77.8,b15r,0.0
2008-07-25,-67.4,77.8,b15r,0.0
2008-07-26,-67.4,77.8,b15r,0.0
2008-07-27,-67.4,77.8,b15r,0.0
2008-07-28,-67.4,77.8,b15r,0.0
2008-07-29,-67.4,77.8,b15r,0.0
2008-07-30,-67.4,77.8,b15r,0.0
2008-07-31,-67.4,77.8,b15r,0.0
2008-08-01,-67.4,77.8,b15r,0.0
2008-08-02,-67.4,77.8,b15r,0.0
2008-08-03,-67.4,77.8,b15r,0.0
2008-08-04,-67.4,77.8,b15r,0.0
2008-08-05,-67.4,77.8,b15r,0.0
2008-08-06,-67.4,77.8,b15r,0.0
2008-08-07,-67.4,77.8,b15r,0.0
2008-08-08,-67.4,77.8,b15r,0.0
2008-08-09,-67.4,77.8,b15r,0.0
2008-08-10,-67.4,77.8,b15r,0.0
2008-08-11,-67.4,77.8,b15r,0.0
2008-08-12,-67.4,77.8,b15r,0.0
2008-08-13,-67.4,77.8,b15r,0.0
2008-08-14,-67.4,77.8,b15r,0.0
2008-08-15,-67.4,77.8,b15r,0.0
2008-08-16,-67.4,77.8,b15r,0.0
2008-08-17,-67.4,77.8,b15r,0.0
2008-08-31,-67.47,77.78,b15r,0.0
2008-09-01,-67.466,77.778,b15r,0.0
2008-09-02,-67.456,77.777,b15r,0.0
2008-09-03,-67.442,77.775,b15r,0.0
2008-09-04,-67.428,77.773,b15r,0.0
2008-09-05,-67.414,77.771,b15r,0.0
2008-09-06,-67.404,77.77,b15r,0.0
2008-09-07,-67.4,77.77,b15r,0.0
2008-09-08,-67.4,77.77,b15r,0.0
2008-09-09,-67.4,77.77,b15r,0.0
2008-09-10,-67.4,77.77,b15r,0.0
2008-09-11,-67.4,77.77,b15r,0.0
2008-09-12,-67.4,77.77,b15r,0.0
2008-09-13,-67.4,77.77,b15r,0.0
2008-09-14,-67.4,77.77,b15r,0.0
2008-09-15,-67.4,77.77,b15r,0.0
2008-09-16,-67.4,77.77,b15r,0.0
2008-09-17,-67.4,77.77,b15r,0.0
2008-09-18,-67.4,77.77,b15r,0.0
2008-09-19,-67.4,77.77,b15r,0.0
2008-09-20,-67.4,77.77,b15r,0.0
2008-09-21,-67.4,77.77,b15r,0.0
2008-09-22,-67.4,77.77,b15r,0.0
2008-09-23,-67.4,77.77,b15r,0.0
2008-09-24,-67.4,77.77,b15r,0.0
2008-09-25,-67.4,77.77,b15r,0.0
2008-09-26,-67.4,77.77,b15r,0.0
2008-09-27,-67.4,77.77,b15r,0.0
2008-09-28,-67.4,77.77,b15r,0.0
2008-09-29,-67.4,77.77,b15r,0.0
2008-09-30,-67.4,77.77,b15r,0.0
2008-10-01,-67.4,77.77,b15r,0.0
2008-10-02,-67.4,77.77,b15r,19.3
2008-10-03,-67.4,77.77,b15r,30.04
2008-10-04,-67.4,77.77,b15r,51.02
2008-10-05,-67.4,77.77,b15r,73.45
2008-10-19,-67.4,77.77,b15r,106.38
2008-11-02,-67.4,77.77,b15r,141.04
2008-11-03,-67.4,77.77,b15r,186.45
2008-11-04,-67.4,77.77,b15r,233.59
2008-11-05,-67.4,77.77,b15r,291.52
2008-11-06,-67.4,77.77,b15r,351.15
2008-11-07,-67.4,77.77,b15r,421.61
2008-11-08,-67.4,77.77,b15r,493.77
2008-11-09,-67.4,77.77,b15r,576.75
2008-11-10,-67.4,77.77,b15r,661.46
2008-11-11,-67.4,77.77,b15r,747.73
2008-11-12,-67.4,77.77,b15r,834.32
2008-11-13,-67.4,77.77,b15r,921.52
2008-11-14,-67.4,77.77,b15r,1009.07
2008-11-15,-67.4,77.77,b15r,1097.0
2008-11-16,-67.4,77.77,b15r,1185.07
2008-11-30,-67.4,77.77,b15r,1273.32
2008-12-01,-67.4,77.77,b15r,1361.74
2008-12-02,-67.4,77.77,b15r,1450.3
2008-12-03,-67.4,77.77,b15r,1539.08
2008-12-04,-67.4,77.77,b15r,1627.86
2008-12-05,-67.4,77.77,b15r,1711.25
2008-12-06,-67.4,77.77,b15r,1793.42
2008-12-07,-67.4,77.77,b15r,1866.3
2008-12-08,-67.4,77.77,b15r,1933.56
2008-12-09,-67.4,77.77,b15r,1992.75
2008-12-10,-67.4,77.77,b15r,2050.88
2008-12-11,-67.4,77.77,b15r,2098.12
2008-12-12,-67.4,77.77,b15r,2139.02
2008-12-13,-67.4,77.77,b15r,2169.58
2008-12-14,-67.4,77.77,b15r,2195.2
2009-02-06,-67.563,77.753,b15r,2211.47
2009-02-07,-67.563,77.753,b15r,2222.08
2009-02-08,-67.563,77.753,b15r,2220.44
2009-02-09,-67.592,77.684,b15r,2219.73
2009-02-10,-67.592,77.684,b15r,2218.11
2009-02-11,-67.592,77.684,b15r,2213.33
2009-02-12,-67.592,77.684,b15r,2210.13
2009-02-13,-67.592,77.684,b15r,2207.47
2009-02-14,-67.592,77.684,b15r,2203.78
2009-02-15,-67.592,77.684,b15r,2201.93
2009-02-16,-67.592,77.684,b15r,2199.84
2009-02-17,-67.592,77.684,b15r,2196.1
2009-02-18,-67.592,77.684,b15r,2191.78
2009-02-19,-67.612,77.641,b15r,2187.23
2009-02-20,-67.665,77.653,b15r,2179.24
2009-02-21,-67.665,77.653,b15r,2170.3
2009-02-22,-67.665,77.653,b15r,2163.05
2009-02-23,-67.665,77.653,b15r,2132.64
2009-02-24,-67.665,77.653,b15r,2117.62
2009-02-25,-67.748,77.606,b15r,2087.87
2009-02-26,-67.748,77.606,b15r,2056.71
2009-02-27,-67.748,77.606,b15r,2023.07
2009-02-28,-67.774,77.717,b15r,1992.57
2009-03-01,-67.774,77.717,b15r,1963.06
2009-03-02,-67.774,77.717,b15r,1935.36
2009-03-03,-67.82,77.543,b15r,1904.1
2009-03-04,-67.885,77.641,b15r,1831.01
2009-03-05,-67.885,77.641,b15r,1800.64
2009-03-06,-67.885,77.641,b15r,1765.6
2009-03-07,-67.885,77.641,b15r,1703.49
2009-03-08,-67.897,77.475,b15r,1651.76
2009-03-09,-67.927,77.479,b15r,1604.26
2009-03-10,-67.939,77.515,b15r,1551.5
2009-03-11,-67.939,77.515,b15r,1495.39
2009-03-12,-68.008,77.573,b15r,1432.94
2009-03-13,-68.042,77.683,b15r,1366.68
2009-03-14,-68.1,77.801,b15r,1297.67
2009-03-15,-68.217,77.796,b15r,1222.23
2009-03-16,-68.302,77.648,b15r,1147.31
2009-03-17,-68.439,77.522,b15r,1073.76
2009-03-18,-68.595,77.327,b15r,991.84
2009-03-19,-68.723,77.17,b15r,909.24
2009-03-20,-68.803,77.071,b15r,846.25
2009-03-21,-68.839,76.711,b15r,771.7
2009-03-22,-68.82,76.473,b15r,709.34
2009-03-23,-68.785,76.205,b15r,647.69
2009-03-24,-68.742,76.11,b15r,588.7
2009-03-25,-68.781,75.893,b15r,531.16
2009-03-26,-68.862,75.803,b15r,472.16
2009-03-27,-68.91,75.848,b15r,414.62
2009-03-28,-68.943,75.848,b15r,359.14
2009-03-29,-69.029,75.833,b15r,349.48
2009-03-30,-69.07,75.725,b15r,298.5
2009-03-31,-69.201,75.493,b15r,249.55
2009-04-01,-69.225,75.016,b15r,227.0
2009-04-02,-69.137,74.62,b15r,196.92
2009-04-03,-69.031,74.558,b15r,160.43
2009-04-04,-68.976,74.532,b15r,128.28
2009-04-05,-68.915,74.464,b15r,100.17
2009-04-06,-68.798,74.214,b15r,76.39
2009-04-07,-68.748,74.317,b15r,56.48
2009-04-08,-68.735,74.215,b15r,40.82
2009-04-09,-68.677,74.08,b15r,32.03
2009-04-10,-68.568,73.939,b15r,22.71
2009-04-11,-68.438,73.75,b15r,15.47
2009-04-12,-68.36,73.575,b15r,13.64
2009-04-13,-68.278,73.528,b15r,10.59
2009-04-14,-68.268,73.38,b15r,10.11
2009-04-15,-68.307,73.203,b15r,0.0
2009-04-16,-68.359,72.848,b15r,0.0
2009-04-17,-68.356,72.557,b15r,0.0
2009-04-18,-68.364,72.313,b15r,0.0
2009-04-19,-68.357,72.093,b15r,0.0
2009-04-20,-68.382,71.822,b15r,0.0
2009-04-21,-68.38,71.473,b15r,0.0
2009-04-22,-68.416,71.369,b15r,0.0
2009-04-23,-68.465,71.358,b15r,0.0
2009-04-24,-68.465,71.358,b15r,0.0
2009-04-25,-68.465,71.358,b15r,0.0
2009-04-26,-68.408,71.072,b15r,0.0
2009-04-27,-68.365,71.018,b15r,0.0
2009-04-28,-68.314,70.829,b15r,0.0
2009-04-29,-68.169,70.515,b15r,0.0
2009-04-30,-68.131,70.502,b15r,0.0
2009-05-01,-68.002,70.59,b15r,0.0
2009-05-02,-67.923,70.652,b15r,0.0
2009-05-03,-67.917,70.9,b15r,0.0
2009-05-04,-67.898,71.074,b15r,0.0
2009-05-05,-67.821,71.157,b15r,0.0
2009-05-06,-67.723,71.397,b15r,0.0
2009-05-07,-67.56,71.164,b15r,0.0
2009-05-08,-67.386,71.024,b15r,0.0
2009-05-09,-67.154,70.876,b15r,0.0
2009-05-10,-67.027,70.593,b15r,0.0
2009-05-11,-66.88,70.414,b15r,0.0
2009-05-12,-66.795,70.109,b15r,0.0
2009-05-13,-66.788,70.038,b15r,0.0
2009-05-14,-66.792,69.696,b15r,0.0
2009-05-15,-66.824,69.175,b15r,0.0
2009-05-16,-66.848,68.838,b15r,0.0
2009-05-17,-66.898,68.401,b15r,0.0
2009-05-18,-66.94,68.15,b15r,0.0
2009-05-19,-66.958,67.871,b15r,0.0
2009-05-20,-66.972,67.606,b15r,0.0
2009-05-21,-66.927,67.025,b15r,0.0
2009-05-22,-66.899,66.658,b15r,0.0
2009-05-23,-66.848,66.461,b15r,0.0
2009-05-24,-66.835,66.375,b15r,0.0
2009-05-25,-66.832,66.269,b15r,0.0
2009-05-26,-66.799,66.219,b15r,0.0
2009-05-27,-66.741,65.926,b15r,0.0
2009-05-28,-66.729,65.859,b15r,0.0
2009-05-29,-66.764,65.396,b15r,0.0
2009-05-30,-66.704,65.331,b15r,0.0
2009-05-31,-66.719,65.138,b15r,0.0
2009-06-01,-66.683,65.047,b15r,0.0
2009-06-02,-66.684,64.914,b15r,0.0
2009-06-03,-66.678,64.681,b15r,0.0
2009-06-04,-66.678,64.681,b15r,0.0
2009-06-05,-66.676,64.561,b15r,0.0
2009-06-06,-66.655,64.628,b15r,0.0
2009-06-07,-66.671,64.577,b15r,0.0
2009-06-08,-66.671,64.577,b15r,0.0
2009-06-09,-66.671,64.577,b15r,0.0
2009-06-10,-66.766,64.254,b15r,0.0
2009-06-11,-66.77,64.18,b15r,0.0
2009-06-12,-66.75,64.04,b15r,0.0
2009-06-13,-66.725,63.992,b15r,0.0
2009-06-14,-66.707,63.892,b15r,0.0
2009-06-15,-66.722,63.806,b15r,0.0
2009-06-16,-66.699,63.789,b15r,0.0
2009-06-17,-66.708,63.866,b15r,0.0
2009-06-18,-66.709,63.746,b15r,0.0
2009-06-19,-66.72,63.531,b15r,0.0
2009-06-20,-66.684,63.046,b15r,0.0
2009-06-21,-66.678,62.771,b15r,0.0
2009-06-22,-66.666,62.728,b15r,0.0
2009-06-23,-66.606,62.707,b15r,0.0
2009-06-24,-66.616,62.692,b15r,0.0
2009-06-25,-66.606,62.727,b15r,0.0
2009-06-26,-66.571,62.706,b15r,0.0
2009-06-27,-66.607,62.559,b15r,0.0
2009-06-28,-66.603,62.452,b15r,0.0
2009-06-29,-66.57,62.073,b15r,0.0
2009-06-30,-66.561,61.782,b15r,0.0
2009-07-01,-66.57,61.766,b15r,0.0
2009-07-02,-66.581,61.751,b15r,0.0
2009-07-03,-66.573,61.673,b15r,0.0
2009-07-04,-66.601,61.512,b15r,0.0
2009-07-05,-66.66,61.474,b15r,0.0
2009-07-06,-66.671,61.437,b15r,0.0
2009-07-07,-66.671,61.437,b15r,0.0
2009-07-08,-66.661,61.428,b15r,0.0
2009-07-09,-66.661,61.428,b15r,0.0
2009-07-10,-66.661,61.428,b15r,0.0
2009-07-11,-66.656,61.368,b15r,0.0
2009-07-12,-66.626,61.341,b15r,0.0
2009-07-13,-66.616,61.364,b15r,0.0
2009-07-14,-66.619,61.338,b15r,0.0
2009-07-15,-66.591,61.175,b15r,0.0
2009-07-16,-66.591,61.175,b15r,0.0
2009-07-17,-66.566,60.984,b15r,0.0
2009-07-18,-66.577,60.898,b15r,0.0
2009-07-19,-66.668,60.691,b15r,0.0
2009-07-20,-66.667,60.59,b15r,0.0
2009-07-21,-66.675,60.306,b15r,0.0
2009-07-22,-66.637,60.028,b15r,0.0
2009-07-23,-66.64,59.975,b15r,0.0
2009-07-24,-66.615,59.83,b15r,0.0
2009-07-25,-66.622,59.658,b15r,0.0
2009-07-26,-66.615,59.394,b15r,0.0
2009-07-27,-66.581,59.269,b15r,0.0
2009-07-28,-66.531,59.126,b15r,0.0
2009-07-29,-66.506,58.979,b15r,0.0
2009-07-30,-66.421,58.774,b15r,0.0
2009-07-31,-66.421,58.774,b15r,0.0
2009-08-01,-66.369,58.577,b15r,0.0
2009-08-02,-66.369,58.577,b15r,0.0
2009-08-03,-66.289,58.389,b15r,0.0
2009-08-04,-66.226,58.129,b15r,0.0
2009-08-05,-66.148,58.086,b15r,0.0
2009-08-06,-66.157,57.9,b15r,0.0
2009-08-07,-66.052,57.438,b15r,0.0
2009-08-08,-66.052,57.438,b15r,0.0
2009-08-09,-66.053,57.485,b15r,0.0
2009-08-10,-66.055,57.45,b15r,0.0
2009-08-11,-66.055,57.392,b15r,0.0
2009-08-12,-66.033,57.505,b15r,0.0
2009-08-13,-66.054,57.473,b15r,0.0
2009-08-14,-66.032,57.395,b15r,0.0
2009-08-15,-66.042,57.468,b15r,0.0
2009-08-16,-66.042,57.468,b15r,0.0
2009-08-17,-66.042,57.468,b15r,0.0
2009-08-18,-66.042,57.468,b15r,0.0
2009-08-19,-66.042,57.468,b15r,0.0
2009-08-20,-66.042,57.468,b15r,0.0
2009-08-21,-66.042,57.468,b15r,0.0
2009-08-22,-66.042,57.468,b15r,0.0
2009-08-23,-66.042,57.468,b15r,0.0
2009-08-24,-66.042,57.468,b15r,0.0
2009-08-25,-66.042,57.468,b15r,0.0
2009-08-26,-66.042,57.468,b15r,0.0
2009-08-27,-66.042,57.468,b15r,0.0
2009-08-28,-65.993,57.375,b15r,0.0
2009-08-29,-65.949,57.296,b15r,0.0
2009-08-30,-65.949,57.226,b15r,0.0
2009-08-31,-65.926,57.306,b15r,0.0
2009-09-01,-65.91,57.23,b15r,0.0
2009-09-02,-65.915,57.153,b15r,0.0
2009-09-03,-65.9,57.165,b15r,0.0
2009-09-04,-65.901,57.172,b15r,0.0
2009-09-05,-65.904,57.177,b15r,0.0
2009-09-06,-65.905,57.179,b15r,0.0
2009-09-07,-65.905,57.179,b15r,0.0
2009-09-08,-65.905,57.179,b15r,0.0
2009-09-09,-65.901,57.163,b15r,0.0
2009-09-10,-65.889,57.023,b15r,0.0
2009-09-11,-65.913,56.676,b15r,0.0
2009-09-12,-65.903,56.609,b15r,0.0
2009-09-13,-65.873,56.633,b15r,0.0
2009-09-14,-65.831,56.588,b15r,0.0
2009-09-15,-65.887,56.632,b15r,0.0
2009-09-16,-65.878,56.58,b15r,0.0
2009-09-17,-65.846,56.619,b15r,0.0
2009-09-18,-65.873,56.644,b15r,0.0
2009-09-19,-65.861,56.606,b15r,0.0
2009-09-20,-65.866,56.655,b15r,0.0
2009-09-21,-65.855,56.616,b15r,0.0
2009-09-22,-65.855,56.616,b15r,0.0
2009-09-23,-65.81,56.541,b15r,0.0
2009-09-24,-65.822,56.611,b15r,0.0
2009-09-25,-65.833,56.674,b15r,0.0
2009-09-26,-65.835,56.558,b15r,0.0
2009-09-27,-65.811,56.572,b15r,0.0
2009-09-28,-65.838,56.631,b15r,0.0
2009-09-29,-65.838,56.701,b15r,0.0
2009-09-30,-65.849,56.672,b15r,0.0
2009-10-01,-65.826,56.595,b15r,0.0
2009-10-02,-65.81,56.597,b15r,0.0
2009-10-03,-65.801,56.589,b15r,0.0
2009-10-04,-65.826,56.65,b15r,0.0
2009-10-05,-65.82,56.502,b15r,0.0
2009-10-06,-65.831,56.517,b15r,0.0
2009-10-07,-65.828,56.578,b15r,0.0
2009-10-08,-65.798,56.616,b15r,0.0
2009-10-09,-65.826,56.707,b15r,0.0
2009-10-10,-65.833,56.698,b15r,0.0
2009-10-11,-65.894,56.713,b15r,0.0
2009-10-12,-65.894,56.713,b15r,0.0
2009-10-13,-65.894,56.713,b15r,0.0
2009-10-14,-65.838,56.646,b15r,0.0
2009-10-15,-65.828,56.602,b15r,0.0
2009-10-16,-65.795,56.575,b15r,0.0
2009-10-17,-65.755,56.606,b15r,0.0
2009-10-18,-65.79,56.559,b15r,0.0
2009-10-19,-65.768,56.594,b15r,0.0
2009-10-20,-65.786,56.612,b15r,0.0
2009-10-21,-65.823,56.632,b15r,0.0
2009-10-22,-65.851,56.679,b15r,0.0
2009-10-23,-65.841,56.617,b15r,0.0
2009-10-24,-65.833,56.618,b15r,0.0
2009-10-25,-65.834,56.593,b15r,0.0
2009-10-26,-65.801,56.566,b15r,0.0
2009-10-27,-65.825,56.583,b15r,0.0
2009-10-28,-65.758,56.499,b15r,0.0
2009-10-29,-65.758,56.499,b15r,0.0
2009-10-30,-65.758,56.499,b15r,0.0
2009-10-31,-65.736,56.373,b15r,0.0
2009-11-01,-65.711,56.344,b15r,0.0
2009-11-02,-65.711,56.344,b15r,0.0
2009-11-03,-65.667,56.278,b15r,0.0
2009-11-04,-65.716,56.356,b15r,0.0
2009-11-05,-65.692,56.182,b15r,0.0
2009-11-06,-65.682,56.059,b15r,0.0
2009-11-07,-65.682,56.059,b15r,0.0
2009-11-08,-65.682,56.059,b15r,0.0
2009-11-09,-65.659,56.049,b15r,0.0
2009-11-10,-65.672,55.902,b15r,0.0
2009-11-11,-65.63,55.857,b15r,0.0
2009-11-12,-65.58,55.642,b15r,0.0
2009-11-13,-65.528,55.429,b15r,0.0
2009-11-14,-65.523,55.33,b15r,0.0
2009-11-15,-65.494,55.174,b15r,0.0
2009-11-16,-65.471,55.038,b15r,0.0
2009-11-17,-65.417,54.888,b15r,0.0
2009-11-18,-65.429,54.841,b15r,0.0
2009-11-19,-65.384,54.724,b15r,0.0
2009-11-20,-65.35,54.631,b15r,0.0
2009-11-21,-65.327,54.407,b15r,0.0
2009-11-22,-65.343,54.33,b15r,0.0
2009-11-23,-65.35,54.214,b15r,0.0
2010-01-24,-66.22,48.48,b15r,0.0
2010-01-25,-66.223,48.266,b15r,0.0
2010-01-26,-66.233,47.942,b15r,0.0
2010-01-27,-66.247,47.562,b15r,0.0
2010-01-28,-66.264,47.175,b15r,0.0
2010-01-29,-66.285,46.835,b15r,0.0
2010-01-30,-66.307,46.592,b15r,0.0
2010-01-31,-66.33,46.5,b15r,0.0
2010-02-01,-66.363,46.535,b15r,0.0
2010-02-02,-66.411,46.625,b15r,0.0
2010-02-03,-66.467,46.748,b15r,0.0
2010-02-04,-66.523,46.882,b15r,0.0
2010-02-05,-66.572,47.005,b15r,0.0
2010-02-06,-66.607,47.095,b15r,0.0
2010-02-07,-66.62,47.13,b15r,0.0
2010-02-08,-66.618,47.11,b15r,0.0
2010-02-09,-66.612,47.055,b15r,0.0
2010-02-10,-66.604,46.972,b15r,0.0
2010-02-11,-66.596,46.87,b15r,0.0
2010-02-12,-66.588,46.755,b15r,0.0
2010-02-13,-66.582,46.636,b15r,0.0
2010-02-14,-66.58,46.52,b15r,0.0
2010-02-15,-66.582,46.389,b15r,0.0
2010-02-16,-66.589,46.227,b15r,0.0
2010-02-17,-66.6,46.048,b15r,0.0
2010-02-18,-66.614,45.866,b15r,0.0
2010-02-19,-66.631,45.693,b15r,0.0
2010-02-20,-66.65,45.544,b15r,0.0
2010-02-21,-66.67,45.43,b15r,0.0
2010-02-22,-66.706,45.338,b15r,0.0
2010-02-23,-66.767,45.248,b15r,0.0
2010-02-24,-66.84,45.164,b15r,0.0
2010-02-25,-66.916,45.09,b15r,0.0
2010-02-26,-66.983,45.032,b15r,0.0
2010-02-27,-67.032,44.994,b15r,0.0
2010-02-28,-67.05,44.98,b15r,0.0
2010-03-01,-67.016,45.154,b15r,0.0
2010-03-02,-66.927,45.603,b15r,0.0
2010-03-03,-66.806,46.216,b15r,0.0
2010-03-04,-66.674,46.884,b15r,0.0
2010-03-05,-66.553,47.498,b15r,0.0
2010-03-06,-66.464,47.946,b15r,0.0
2010-03-07,-66.43,48.12,b15r,0.0
2010-03-08,-66.477,47.91,b15r,0.0
2010-03-09,-66.6,47.369,b15r,0.0
2010-03-10,-66.771,46.628,b15r,0.0
2010-03-11,-66.962,45.822,b15r,0.0
2010-03-12,-67.146,45.081,b15r,0.0
2010-03-13,-67.294,44.54,b15r,0.0
2010-03-14,-67.38,44.33,b15r,0.0
2010-03-15,-67.424,44.33,b15r,0.0
2010-03-16,-67.464,44.332,b15r,0.0
2010-03-17,-67.499,44.334,b15r,0.0
2010-03-18,-67.529,44.337,b15r,0.0
2010-03-19,-67.551,44.34,b15r,0.0
2010-03-20,-67.565,44.345,b15r,0.0
2010-03-21,-67.57,44.35,b15r,0.0
2010-03-22,-67.532,44.443,b15r,0.0
2010-03-23,-67.433,44.673,b15r,0.0
2010-03-24,-67.298,44.985,b15r,0.0
2010-03-25,-67.152,45.324,b15r,0.0
2010-03-26,-67.017,45.635,b15r,0.0
2010-03-27,-66.918,45.862,b15r,0.0
2010-03-28,-66.88,45.95,b15r,0.0
2010-03-29,-66.924,45.859,b15r,0.0
2010-03-30,-67.037,45.623,b15r,0.0
2010-03-31,-67.191,45.299,b15r,0.0
2010-04-01,-67.359,44.945,b15r,0.0
2010-04-02,-67.513,44.617,b15r,0.0
2010-04-03,-67.626,44.373,b15r,0.0
2010-04-04,-67.67,44.27,b15r,0.0
2010-04-05,-67.67,44.257,b15r,0.0
2010-04-06,-67.67,44.246,b15r,0.0
2010-04-07,-67.67,44.237,b15r,0.0
2010-04-08,-67.67,44.23,b15r,0.0
2010-04-09,-67.67,44.224,b15r,0.0
2010-04-10,-67.67,44.221,b15r,0.0
2010-04-11,-67.67,44.22,b15r,0.0
2010-04-12,-67.67,44.22,b15r,0.0
2010-04-13,-67.67,44.22,b15r,0.0
2010-04-14,-67.67,44.22,b15r,0.0
2010-04-15,-67.67,44.22,b15r,0.0
2010-04-16,-67.67,44.22,b15r,0.0
2010-04-17,-67.67,44.22,b15r,0.0
2010-04-18,-67.67,44.22,b15r,0.0
2010-04-19,-67.669,44.221,b15r,0.0
2010-04-20,-67.666,44.222,b15r,0.0
2010-04-21,-67.662,44.224,b15r,0.0
2010-04-22,-67.658,44.226,b15r,0.0
2010-04-23,-67.654,44.228,b15r,0.0
2010-04-24,-67.651,44.229,b15r,0.0
2010-04-25,-67.65,44.23,b15r,0.0
2010-04-26,-67.651,44.229,b15r,0.0
2010-04-27,-67.654,44.228,b15r,0.0
2010-04-28,-67.658,44.226,b15r,0.0
2010-04-29,-67.662,44.224,b15r,0.0
2010-04-30,-67.666,44.222,b15r,0.0
2010-05-01,-67.669,44.221,b15r,0.0
2010-05-02,-67.67,44.22,b15r,0.0
2010-05-03,-67.67,44.221,b15r,0.0
2010-05-04,-67.67,44.222,b15r,0.0
2010-05-05,-67.67,44.224,b15r,0.0
2010-05-06,-67.67,44.226,b15r,0.0
2010-05-07,-67.67,44.228,b15r,0.0
2010-05-08,-67.67,44.229,b15r,0.0
2010-05-09,-67.67,44.23,b15r,0.0
2010-05-10,-67.667,44.221,b15r,0.0
2010-05-11,-67.66,44.198,b15r,0.0
2010-05-12,-67.65,44.167,b15r,0.0
2010-05-13,-67.64,44.133,b15r,0.0
2010-05-14,-67.63,44.102,b15r,0.0
2010-05-15,-67.623,44.079,b15r,0.0
2010-05-16,-67.62,44.07,b15r,0.0
2010-05-17,-67.62,44.07,b15r,0.0
2010-05-18,-67.62,44.07,b15r,0.0
2010-05-19,-67.62,44.07,b15r,0.0
2010-05-20,-67.62,44.07,b15r,0.0
2010-05-21,-67.62,44.07,b15r,0.0
2010-05-22,-67.62,44.07,b15r,0.0
2010-05-23,-67.62,44.07,b15r,0.0
2010-05-24,-67.623,44.071,b15r,0.0
2010-05-25,-67.632,44.072,b15r,0.0
2010-05-26,-67.644,44.074,b15r,0.0
2010-05-27,-67.656,44.076,b15r,0.0
2010-05-28,-67.668,44.078,b15r,0.0
2010-05-29,-67.677,44.079,b15r,0.0
2010-05-30,-67.68,44.08,b15r,0.0
2010-05-31,-67.677,44.078,b15r,0.0
2010-06-01,-67.668,44.074,b15r,0.0
2010-06-02,-67.656,44.068,b15r,0.0
2010-06-03,-67.644,44.062,b15r,0.0
2010-06-04,-67.632,44.056,b15r,0.0
2010-06-05,-67.623,44.052,b15r,0.0
2010-06-06,-67.62,44.05,b15r,0.0
2010-06-07,-67.62,44.05,b15r,0.0
2010-06-08,-67.62,44.05,b15r,0.0
2010-06-09,-67.62,44.05,b15r,0.0
2010-06-10,-67.62,44.05,b15r,0.0
2010-06-11,-67.62,44.05,b15r,0.0
2010-06-12,-67.62,44.05,b15r,0.0
2010-06-13,-67.62,44.05,b15r,0.0
2010-06-14,-67.62,44.05,b15r,0.0
2010-06-15,-67.62,44.05,b15r,0.0
2010-06-16,-67.62,44.05,b15r,0.0
2010-06-17,-67.62,44.05,b15r,0.0
2010-06-18,-67.62,44.05,b15r,0.0
2010-06-19,-67.62,44.05,b15r,0.0
2010-06-20,-67.62,44.05,b15r,0.0
2010-06-21,-67.62,44.05,b15r,0.0
2010-06-22,-67.62,44.05,b15r,0.0
2010-06-23,-67.62,44.05,b15r,0.0
2010-06-24,-67.62,44.05,b15r,0.0
2010-06-25,-67.62,44.05,b15r,0.0
2010-06-26,-67.62,44.05,b15r,0.0
2010-06-27,-67.62,44.05,b15r,0.0
2010-06-28,-67.62,44.05,b15r,0.0
2010-06-29,-67.62,44.05,b15r,0.0
2010-06-30,-67.62,44.05,b15r,0.0
2010-07-01,-67.62,44.05,b15r,0.0
2010-07-02,-67.62,44.05,b15r,0.0
2010-07-03,-67.62,44.05,b15r,0.0
2010-07-04,-67.62,44.05,b15r,0.0
2010-07-05,-67.62,44.05,b15r,0.0
2010-07-06,-67.62,44.05,b15r,0.0
2010-07-07,-67.62,44.05,b15r,0.0
2010-07-08,-67.62,44.05,b15r,0.0
2010-07-09,-67.62,44.05,b15r,0.0
2010-07-10,-67.62,44.05,b15r,0.0
2010-07-11,-67.62,44.05,b15r,0.0
2010-07-12,-67.62,44.05,b15r,0.0
2010-07-13,-67.62,44.05,b15r,0.0
2010-07-14,-67.62,44.05,b15r,0.0
2010-07-15,-67.62,44.05,b15r,0.0
2010-07-16,-67.62,44.05,b15r,0.0
2010-07-17,-67.62,44.05,b15r,0.0
2010-07-18,-67.62,44.05,b15r,0.0
2010-07-19,-67.62,44.051,b15r,0.0
2010-07-20,-67.62,44.054,b15r,0.0
2010-07-21,-67.62,44.058,b15r,0.0
2010-07-22,-67.62,44.062,b15r,0.0
2010-07-23,-67.62,44.066,b15r,0.0
2010-07-24,-67.62,44.069,b15r,0.0
2010-07-25,-67.62,44.07,b15r,0.0
2010-07-26,-67.62,44.07,b15r,0.0
2010-07-27,-67.62,44.07,b15r,0.0
2010-07-28,-67.62,44.07,b15r,0.0
2010-07-29,-67.62,44.07,b15r,0.0
2010-07-30,-67.62,44.07,b15r,0.0
2010-07-31,-67.62,44.07,b15r,0.0
2010-08-01,-67.62,44.07,b15r,0.0
2010-08-02,-67.62,44.07,b15r,0.0
2010-08-03,-67.62,44.07,b15r,0.0
2010-08-04,-67.62,44.07,b15r,0.0
2010-08-05,-67.62,44.07,b15r,0.0
2010-08-06,-67.62,44.07,b15r,0.0
2010-08-07,-67.62,44.07,b15r,0.0
2010-08-08,-67.62,44.07,b15r,0.0
2010-08-09,-67.62,44.07,b15r,0.0
2010-08-10,-67.62,44.07,b15r,0.0
2010-08-11,-67.62,44.07,b15r,0.0
2010-08-12,-67.62,44.07,b15r,0.0
2010-08-13,-67.62,44.07,b15r,0.0
2010-08-14,-67.62,44.07,b15r,0.0
2010-08-15,-67.62,44.07,b15r,0.0
2010-08-16,-67.62,44.07,b15r,0.0
2010-08-17,-67.62,44.07,b15r,0.0
2010-08-18,-67.62,44.07,b15r,0.0
2010-08-19,-67.62,44.07,b15r,0.0
2010-08-20,-67.62,44.07,b15r,0.0
2010-08-21,-67.62,44.07,b15r,0.0
2010-08-22,-67.62,44.07,b15r,0.0
2010-08-23,-67.62,44.07,b15r,0.0
2010-08-24,-67.62,44.07,b15r,0.0
2010-08-25,-67.62,44.07,b15r,0.0
2010-08-26,-67.62,44.07,b15r,0.0
2010-08-27,-67.62,44.07,b15r,0.0
2010-08-28,-67.62,44.07,b15r,0.0
2010-08-29,-67.62,44.07,b15r,0.0
2010-08-30,-67.62,44.07,b15r,0.0
2010-08-31,-67.62,44.07,b15r,0.0
2010-09-01,-67.62,44.07,b15r,0.0
2010-09-02,-67.62,44.07,b15r,0.0
2010-09-03,-67.62,44.07,b15r,0.0
2010-09-04,-67.62,44.07,b15r,0.0
2010-09-05,-67.62,44.07,b15r,0.0
2010-09-06,-67.62,44.07,b15r,0.0
2010-09-07,-67.62,44.07,b15r,0.0
2010-09-08,-67.62,44.07,b15r,0.0
2010-09-09,-67.62,44.07,b15r,0.0
2010-09-10,-67.62,44.07,b15r,0.0
2010-09-11,-67.62,44.07,b15r,0.0
2010-09-12,-67.62,44.07,b15r,0.0
2010-09-13,-67.62,44.07,b15r,0.0
2010-09-14,-67.62,44.07,b15r,0.0
2010-09-15,-67.62,44.07,b15r,0.0
2010-09-16,-67.62,44.07,b15r,0.0
2010-09-17,-67.62,44.07,b15r,0.0
2010-09-18,-67.62,44.07,b15r,0.0
2010-09-19,-67.62,44.07,b15r,0.0
2010-09-20,-67.62,44.07,b15r,0.0
2010-09-21,-67.62,44.07,b15r,0.0
2010-09-22,-67.62,44.07,b15r,0.0
2010-09-23,-67.62,44.07,b15r,0.0
2010-09-24,-67.62,44.07,b15r,0.0
2010-09-25,-67.62,44.07,b15r,0.0
2010-09-26,-67.62,44.07,b15r,0.0
2010-09-27,-67.62,44.07,b15r,0.0
2010-09-28,-67.62,44.07,b15r,0.0
2010-09-29,-67.62,44.07,b15r,0.0
2010-09-30,-67.62,44.07,b15r,0.0
2010-10-01,-67.62,44.07,b15r,0.0
2010-10-02,-67.62,44.07,b15r,0.0
2010-10-03,-67.62,44.07,b15r,0.0
2010-10-04,-67.62,44.07,b15r,0.0
2010-10-05,-67.62,44.07,b15r,0.0
2010-10-06,-67.62,44.07,b15r,0.0
2010-10-07,-67.62,44.07,b15r,0.0
2010-10-08,-67.62,44.07,b15r,0.0
2010-10-09,-67.62,44.07,b15r,0.0
2010-10-10,-67.62,44.07,b15r,0.0
2010-10-11,-67.62,44.07,b15r,0.0
2010-10-12,-67.62,44.07,b15r,0.0
2010-10-13,-67.62,44.07,b15r,0.0
2010-10-14,-67.62,44.07,b15r,0.0
2010-10-15,-67.62,44.07,b15r,0.0
2010-10-16,-67.62,44.07,b15r,0.0
2010-10-17,-67.62,44.07,b15r,0.0
2010-10-31,-67.62,44.07,b15r,0.0
2010-11-01,-67.62,44.07,b15r,0.0
2010-11-02,-67.62,44.07,b15r,0.0
2010-11-03,-67.62,44.07,b15r,0.0
2010-11-04,-67.62,44.07,b15r,0.0
2010-11-05,-67.62,44.07,b15r,0.0
2010-11-06,-67.62,44.07,b15r,0.0
2010-11-07,-67.62,44.07,b15r,0.0
2010-11-08,-67.62,44.07,b15r,0.0
2010-11-09,-67.62,44.07,b15r,0.0
2010-11-10,-67.62,44.07,b15r,0.0
2010-11-11,-67.62,44.07,b15r,0.0
2010-11-12,-67.62,44.07,b15r,0.0
2010-11-13,-67.62,44.07,b15r,0.0
2010-11-14,-67.62,44.07,b15r,0.0
2010-11-15,-67.62,44.07,b15r,0.0
2010-11-16,-67.62,44.07,b15r,0.0
2010-11-17,-67.62,44.07,b15r,0.0
2010-11-18,-67.62,44.07,b15r,0.0
2010-11-19,-67.62,44.07,b15r,0.0
2010-11-20,-67.62,44.07,b15r,0.0
2010-11-21,-67.62,44.07,b15r,0.0
2010-11-22,-67.62,44.069,b15r,0.0
2010-11-23,-67.62,44.066,b15r,0.0
2010-11-24,-67.62,44.062,b15r,0.0
2010-11-25,-67.62,44.058,b15r,0.0
2010-11-26,-67.62,44.054,b15r,0.0
2010-11-27,-67.62,44.051,b15r,0.0
2010-11-28,-67.62,44.05,b15r,0.0
2010-11-29,-67.62,44.05,b15r,0.0
2010-11-30,-67.62,44.05,b15r,0.0
2010-12-01,-67.62,44.05,b15r,0.0
2010-12-02,-67.62,44.05,b15r,0.0
2010-12-03,-67.62,44.05,b15r,0.0
2010-12-04,-67.62,44.05,b15r,0.0
2010-12-05,-67.62,44.05,b15r,0.0
2010-12-06,-67.62,44.05,b15r,0.0
2010-12-07,-67.62,44.05,b15r,0.0
2010-12-08,-67.62,44.05,b15r,0.0
2010-12-09,-67.62,44.05,b15r,0.0
2010-12-10,-67.62,44.05,b15r,0.0
2010-12-11,-67.62,44.05,b15r,0.0
2010-12-12,-67.62,44.05,b15r,0.0
2010-12-13,-67.62,44.05,b15r,0.0
2010-12-14,-67.62,44.05,b15r,0.0
2010-12-15,-67.62,44.05,b15r,0.0
2010-12-16,-67.62,44.05,b15r,0.0
2010-12-17,-67.62,44.05,b15r,0.0
2010-12-18,-67.62,44.05,b15r,0.0
2010-12-19,-67.62,44.05,b15r,0.0
2010-12-20,-67.62,44.05,b15r,0.0
2010-12-21,-67.62,44.05,b15r,0.0
2010-12-22,-67.62,44.05,b15r,0.0
2010-12-23,-67.62,44.05,b15r,0.0
2010-12-24,-67.62,44.05,b15r,0.0
2010-12-25,-67.62,44.05,b15r,0.0
2010-12-26,-67.62,44.05,b15r,0.0
2010-12-27,-67.62,44.05,b15r,0.0
2010-12-28,-67.62,44.05,b15r,0.0
2010-12-29,-67.62,44.05,b15r,0.0
2010-12-30,-67.62,44.05,b15r,0.0
2010-12-31,-67.62,44.05,b15r,0.0
2011-01-01,-67.62,44.05,b15r,0.0
2011-01-02,-67.62,44.05,b15r,0.0
2011-01-03,-67.62,44.05,b15r,0.0
2011-01-04,-67.62,44.05,b15r,0.0
2011-01-05,-67.62,44.05,b15r,0.0
2011-01-06,-67.62,44.05,b15r,0.0
2011-01-07,-67.62,44.05,b15r,0.0
2011-01-08,-67.62,44.05,b15r,0.0
2011-01-09,-67.62,44.05,b15r,0.0
2011-01-10,-67.62,44.05,b15r,0.0
2011-01-11,-67.62,44.05,b15r,0.0
2011-01-12,-67.62,44.05,b15r,0.0
2011-01-13,-67.62,44.05,b15r,0.0
2011-01-14,-67.62,44.05,b15r,0.0
2011-01-15,-67.62,44.05,b15r,0.0
2011-01-16,-67.62,44.05,b15r,0.0
2011-01-17,-67.62,44.05,b15r,0.0
2011-01-18,-67.62,44.05,b15r,0.0
2011-01-19,-67.62,44.05,b15r,0.0
2011-01-20,-67.62,44.05,b15r,0.0
2011-01-21,-67.62,44.05,b15r,0.0
2011-01-22,-67.62,44.05,b15r,0.0
2011-01-23,-67.62,44.05,b15r,0.0
2011-01-24,-67.62,44.051,b15r,0.0
2011-01-25,-67.62,44.052,b15r,0.0
2011-01-26,-67.62,44.054,b15r,0.0
2011-01-27,-67.62,44.056,b15r,0.0
2011-01-28,-67.62,44.058,b15r,0.0
2011-01-29,-67.62,44.059,b15r,0.0
2011-01-30,-67.62,44.06,b15r,0.0
2011-01-31,-67.62,44.06,b15r,0.0
2011-02-01,-67.62,44.06,b15r,0.0
2011-02-02,-67.62,44.06,b15r,0.0
2011-02-03,-67.62,44.06,b15r,0.0
2011-02-04,-67.62,44.06,b15r,0.0
2011-02-05,-67.62,44.06,b15r,0.0
2011-02-06,-67.62,44.06,b15r,0.0
2011-02-07,-67.62,44.06,b15r,0.0
2011-02-08,-67.62,44.06,b15r,0.0
2011-02-09,-67.62,44.06,b15r,0.0
2011-02-10,-67.62,44.06,b15r,0.0
2011-02-11,-67.62,44.06,b15r,0.0
2011-02-12,-67.62,44.06,b15r,0.0
2011-02-13,-67.62,44.06,b15r,0.0
2011-02-14,-67.623,44.061,b15r,0.0
2011-02-15,-67.63,44.062,b15r,0.0
2011-02-16,-67.64,44.064,b15r,0.0
2011-02-17,-67.65,44.066,b15r,0.0
2011-02-18,-67.66,44.068,b15r,0.0
2011-02-19,-67.667,44.069,b15r,0.0
2011-02-20,-67.67,44.07,b15r,0.0
2011-02-21,-67.67,44.07,b15r,0.0
2011-02-22,-67.67,44.07,b15r,0.0
2011-02-23,-67.67,44.07,b15r,0.0
2011-02-24,-67.67,44.07,b15r,0.0
2011-02-25,-67.67,44.07,b15r,0.0
2011-02-26,-67.67,44.07,b15r,0.0
2011-02-27,-67.67,44.07,b15r,0.0
2011-02-28,-67.67,44.07,b15r,0.0
2011-03-01,-67.67,44.07,b15r,0.0
2011-03-02,-67.67,44.07,b15r,0.0
2011-03-03,-67.67,44.07,b15r,0.0
2011-03-04,-67.67,44.07,b15r,0.0
2011-03-05,-67.67,44.07,b15r,0.0
2011-03-06,-67.67,44.07,b15r,0.0
2011-03-07,-67.667,44.069,b15r,0.0
2011-03-08,-67.66,44.066,b15r,0.0
2011-03-09,-67.65,44.062,b15r,0.0
2011-03-10,-67.64,44.058,b15r,0.0
2011-03-11,-67.63,44.054,b15r,0.0
2011-03-12,-67.623,44.051,b15r,0.0
2011-03-13,-67.62,44.05,b15r,0.0
2011-03-14,-67.62,44.05,b15r,0.0
2011-03-15,-67.62,44.05,b15r,0.0
2011-03-16,-67.62,44.05,b15r,0.0
2011-03-17,-67.62,44.05,b15r,0.0
2011-03-18,-67.62,44.05,b15r,0.0
2011-03-19,-67.62,44.05,b15r,0.0
2011-03-20,-67.62,44.05,b15r,0.0
2011-03-21,-67.62,44.053,b15r,0.0
2011-03-22,-67.62,44.06,b15r,0.0
2011-03-23,-67.62,44.07,b15r,0.0
2011-03-24,-67.62,44.08,b15r,0.0
2011-03-25,-67.62,44.09,b15r,0.0
2011-03-26,-67.62,44.097,b15r,0.0
2011-03-27,-67.62,44.1,b15r,0.0
2011-03-28,-67.62,44.1,b15r,0.0
2011-03-29,-67.62,44.1,b15r,0.0
2011-03-30,-67.62,44.1,b15r,0.0
2011-03-31,-67.62,44.1,b15r,0.0
2011-04-01,-67.62,44.1,b15r,0.0
2011-04-02,-67.62,44.1,b15r,0.0
2011-04-03,-67.62,44.1,b15r,0.0
2011-04-17,-67.62,44.06,b15r,0.0
2011-04-18,-67.62,44.058,b15r,0.0
2011-04-19,-67.62,44.056,b15r,0.0
2011-04-20,-67.62,44.054,b15r,0.0
2011-04-21,-67.62,44.053,b15r,0.0
2011-04-22,-67.62,44.051,b15r,0.0
2011-04-23,-67.62,44.05,b15r,0.0
2011-04-24,-67.62,44.05,b15r,0.0
2011-04-25,-67.62,44.051,b15r,0.0
2011-04-26,-67.62,44.052,b15r,0.0
2011-04-27,-67.62,44.054,b15r,0.0
2011-04-28,-67.62,44.056,b15r,0.0
2011-04-29,-67.62,44.058,b15r,0.0
2011-04-30,-67.62,44.059,b15r,0.0
2011-05-01,-67.62,44.06,b15r,0.0
2011-05-02,-67.62,44.06,b15r,0.0
2011-05-03,-67.62,44.06,b15r,0.0
2011-05-04,-67.62,44.06,b15r,0.0
2011-05-05,-67.62,44.06,b15r,0.0
2011-05-06,-67.62,44.06,b15r,0.0
2011-05-07,-67.62,44.06,b15r,0.0
2011-05-08,-67.62,44.06,b15r,0.0
2011-05-09,-67.62,44.06,b15r,0.0
2011-05-10,-67.62,44.06,b15r,0.0
2011-05-11,-67.62,44.06,b15r,0.0
2011-05-12,-67.62,44.06,b15r,0.0
2011-05-13,-67.62,44.06,b15r,0.0
2011-05-14,-67.62,44.06,b15r,0.0
2011-05-15,-67.62,44.06,b15r,0.0
2011-05-16,-67.62,44.06,b15r,0.0
2011-05-17,-67.62,44.06,b15r,0.0
2011-05-18,-67.62,44.06,b15r,0.0
2011-05-19,-67.62,44.06,b15r,0.0
2011-05-20,-67.62,44.06,b15r,0.0
2011-05-21,-67.62,44.06,b15r,0.0
2011-05-22,-67.62,44.06,b15r,0.0
2011-05-23,-67.62,44.06,b15r,0.0
2011-05-24,-67.62,44.06,b15r,0.0
2011-05-25,-67.62,44.06,b15r,0.0
2011-05-26,-67.62,44.06,b15r,0.0
2011-05-27,-67.62,44.06,b15r,0.0
2011-05-28,-67.62,44.06,b15r,0.0
2011-05-29,-67.62,44.06,b15r,0.0
2011-05-30,-67.62,44.06,b15r,0.0
2011-05-31,-67.62,44.06,b15r,0.0
2011-06-01,-67.62,44.06,b15r,0.0
2011-06-02,-67.62,44.06,b15r,0.0
2011-06-03,-67.62,44.06,b15r,0.0
2011-06-04,-67.62,44.06,b15r,0.0
2011-06-05,-67.62,44.06,b15r,0.0
2011-06-06,-67.62,44.059,b15r,0.0
2011-06-07,-67.62,44.056,b15r,0.0
2011-06-08,-67.62,44.052,b15r,0.0
2011-06-09,-67.62,44.048,b15r,0.0
2011-06-10,-67.62,44.044,b15r,0.0
2011-06-11,-67.62,44.041,b15r,0.0
2011-06-12,-67.62,44.04,b15r,0.0
2011-06-13,-67.62,44.041,b15r,0.0
2011-06-14,-67.62,44.042,b15r,0.0
2011-06-15,-67.62,44.044,b15r,0.0
2011-06-16,-67.62,44.046,b15r,0.0
2011-06-17,-67.62,44.048,b15r,0.0
2011-06-18,-67.62,44.049,b15r,0.0
2011-06-19,-67.62,44.05,b15r,0.0
2011-06-20,-67.62,44.05,b15r,0.0
2011-06-21,-67.62,44.05,b15r,0.0
2011-06-22,-67.62,44.05,b15r,0.0
2011-06-23,-67.62,44.05,b15r,0.0
2011-06-24,-67.62,44.05,b15r,0.0
2011-06-25,-67.62,44.05,b15r,0.0
2011-06-26,-67.62,44.05,b15r,0.0
2011-06-27,-67.62,44.05,b15r,0.0
2011-06-28,-67.62,44.05,b15r,0.0
2011-06-29,-67.62,44.05,b15r,0.0
2011-06-30,-67.62,44.05,b15r,0.0
2011-07-01,-67.62,44.05,b15r,0.0
2011-07-02,-67.62,44.05,b15r,0.0
2011-07-03,-67.62,44.05,b15r,0.0
2011-07-04,-67.62,44.05,b15r,0.0
2011-07-05,-67.62,44.05,b15r,0.0
2011-07-06,-67.62,44.05,b15r,0.0
2011-07-07,-67.62,44.05,b15r,0.0
2011-07-08,-67.62,44.05,b15r,0.0
2011-07-09,-67.62,44.05,b15r,0.0
2011-07-10,-67.62,44.05,b15r,0.0
2011-07-11,-67.62,44.05,b15r,0.0
2011-07-12,-67.62,44.05,b15r,0.0
2011-07-13,-67.62,44.05,b15r,0.0
2011-07-14,-67.62,44.05,b15r,0.0
2011-07-15,-67.62,44.05,b15r,0.0
2011-07-16,-67.62,44.05,b15r,0.0
2011-07-17,-67.62,44.05,b15r,0.0
2011-07-18,-67.62,44.05,b15r,0.0
2011-07-19,-67.62,44.05,b15r,0.0
2011-07-20,-67.62,44.05,b15r,0.0
2011-07-21,-67.62,44.05,b15r,0.0
2011-07-22,-67.62,44.05,b15r,0.0
2011-07-23,-67.62,44.05,b15r,0.0
2011-07-24,-67.62,44.05,b15r,0.0
2011-07-25,-67.62,44.05,b15r,0.0
2011-07-26,-67.62,44.05,b15r,0.0
2011-07-27,-67.62,44.05,b15r,0.0
2011-07-28,-67.62,44.05,b15r,0.0
2011-07-29,-67.62,44.05,b15r,0.0
2011-07-30,-67.62,44.05,b15r,0.0
2011-07-31,-67.62,44.05,b15r,0.0
2011-08-01,-67.62,44.05,b15r,0.0
2011-08-02,-67.62,44.05,b15r,0.0
2011-08-03,-67.62,44.05,b15r,0.0
2011-08-04,-67.62,44.05,b15r,0.0
2011-08-05,-67.62,44.05,b15r,0.0
2011-08-06,-67.62,44.05,b15r,0.0
2011-08-07,-67.62,44.05,b15r,0.0
2011-08-08,-67.62,44.05,b15r,0.0
2011-08-09,-67.62,44.05,b15r,0.0
2011-08-10,-67.62,44.05,b15r,0.0
2011-08-11,-67.62,44.05,b15r,0.0
2011-08-12,-67.62,44.05,b15r,0.0
2011-08-13,-67.62,44.05,b15r,0.0
2011-08-14,-67.62,44.05,b15r,0.0
2011-08-15,-67.62,44.05,b15r,0.0
2011-08-16,-67.62,44.05,b15r,0.0
2011-08-17,-67.62,44.05,b15r,0.0
2011-08-18,-67.62,44.05,b15r,0.0
2011-08-19,-67.62,44.05,b15r,0.0
2011-08-20,-67.62,44.05,b15r,0.0
2011-08-21,-67.62,44.05,b15r,0.0
2011-08-22,-67.62,44.05,b15r,0.0
2011-08-23,-67.62,44.05,b15r,0.0
2011-08-24,-67.62,44.05,b15r,0.0
2011-08-25,-67.62,44.05,b15r,0.0
2011-08-26,-67.62,44.05,b15r,0.0
2011-08-27,-67.62,44.05,b15r,0.0
2011-08-28,-67.62,44.05,b15r,0.0
2011-08-29,-67.62,44.05,b15r,0.0
2011-08-30,-67.643,44.116,b15r,0.0
2011-08-31,-67.642,44.018,b15r,0.0
2011-09-01,-67.642,44.021,b15r,0.0
2011-09-02,-67.643,44.029,b15r,0.0
2011-09-03,-67.644,44.041,b15r,0.0
2011-09-04,-67.645,44.054,b15r,0.0
2011-09-05,-67.646,44.066,b15r,0.0
2011-09-06,-67.646,44.074,b15r,0.0
2011-09-07,-67.647,44.078,b15r,0.0
2011-09-08,-67.607,44.051,b15r,0.0
2011-09-09,-67.621,44.036,b15r,0.0
2011-09-10,-67.622,44.039,b15r,0.0
2011-09-11,-67.629,44.058,b15r,0.0
2011-09-12,-67.627,43.98,b15r,0.0
2011-09-13,-67.624,44.044,b15r,0.0
2011-09-14,-67.603,44.04,b15r,0.0
2011-09-15,-67.607,44.051,b15r,0.0
2011-09-16,-67.618,44.028,b15r,0.0
2011-09-17,-67.615,44.069,b15r,0.0
2011-09-18,-67.613,43.992,b15r,0.0
2011-09-19,-67.594,44.088,b15r,0.0
2011-09-20,-67.621,44.013,b15r,0.0
2011-09-21,-67.62,44.034,b15r,0.0
2011-09-22,-67.613,44.031,b15r,0.0
2011-09-23,-67.607,44.025,b15r,0.0
2011-09-24,-67.612,44.015,b15r,0.0
2011-09-25,-67.622,44.039,b15r,0.0
2011-09-26,-67.633,44.019,b15r,0.0
2011-09-27,-67.637,44.103,b15r,0.0
2011-09-28,-67.613,44.041,b15r,0.0
2011-09-29,-67.603,44.112,b15r,0.0
2011-09-30,-67.623,44.065,b15r,0.0
2011-10-01,-67.63,44.084,b15r,0.0
2011-10-02,-67.625,44.047,b15r,0.0
2011-10-03,-67.62,44.011,b15r,0.0
2011-10-04,-67.608,44.027,b15r,0.0
2011-10-05,-67.621,44.013,b15r,0.0
2011-10-06,-67.62,44.033,b15r,0.0
2011-10-07,-67.63,44.133,b15r,0.0
2011-10-08,-67.63,44.084,b15r,0.0
2011-10-09,-67.61,44.082,b15r,0.0
2011-10-10,-67.604,44.017,b15r,0.0
2011-10-11,-67.616,44.049,b15r,0.0
2011-10-12,-67.608,44.076,b15r,0.0
2011-10-13,-67.61,44.082,b15r,0.0
2011-10-14,-67.631,43.965,b15r,0.0
2011-10-15,-67.631,44.014,b15r,0.0
2011-10-16,-67.618,44.054,b15r,0.0
2011-10-17,-67.614,44.139,b15r,0.0
2011-10-18,-67.6,44.033,b15r,0.0
2011-10-19,-67.609,44.105,b15r,0.0
2011-10-20,-67.6,43.987,b15r,0.0
2011-10-21,-67.606,44.076,b15r,0.0
2011-10-22,-67.6,44.038,b15r,0.0
2011-10-23,-67.606,44.101,b15r,0.0
2011-10-24,-67.59,44.061,b15r,0.0
2011-10-25,-67.608,44.083,b15r,0.0
2011-10-26,-67.627,44.059,b15r,0.0
2011-10-27,-67.625,44.103,b15r,0.0
2011-10-28,-67.607,44.104,b15r,0.0
2011-10-29,-67.594,44.095,b15r,0.0
2011-10-30,-67.602,44.067,b15r,0.0
2011-10-31,-67.576,44.121,b15r,0.0
2011-11-01,-67.597,44.102,b15r,0.0
2011-11-02,-67.602,44.21,b15r,0.0
2011-11-03,-67.591,44.133,b15r,0.0
2011-11-04,-67.614,44.143,b15r,0.0
2011-11-05,-67.644,44.099,b15r,0.0
2011-11-06,-67.62,44.135,b15r,0.0
2011-11-07,-67.608,44.103,b15r,0.0
2011-11-08,-67.611,44.111,b15r,0.0
2011-11-09,-67.596,44.073,b15r,0.0
2011-11-10,-67.6,44.156,b15r,0.0
2011-11-11,-67.629,44.133,b15r,0.0
2011-11-12,-67.584,44.162,b15r,0.0
2011-11-13,-67.59,44.106,b15r,0.0
2011-11-14,-67.589,44.176,b15r,0.0
2011-11-15,-67.592,44.135,b15r,0.0
2011-11-16,-67.626,44.148,b15r,0.0
2011-11-17,-67.613,44.139,b15r,0.0
2011-11-18,-67.61,44.157,b15r,0.0
2011-11-19,-67.587,44.098,b15r,0.0
2011-11-20,-67.602,44.185,b15r,0.0
2011-11-21,-67.608,44.103,b15r,0.0
2011-11-22,-67.593,44.138,b15r,0.0
2011-11-23,-67.599,44.081,b15r,0.0
2011-11-24,-67.593,44.137,b15r,0.0
2011-11-25,-67.599,44.105,b15r,0.0
2011-11-26,-67.627,44.079,b15r,0.0
2011-11-27,-67.641,44.09,b15r,0.0
2011-11-28,-67.626,44.149,b15r,0.0
2011-11-29,-67.634,44.098,b15r,0.0
2011-11-30,-67.602,44.113,b15r,0.0
2011-12-01,-67.593,44.114,b15r,0.0
2011-12-02,-67.576,44.143,b15r,0.0
2011-12-03,-67.597,44.148,b15r,0.0
2011-12-04,-67.588,44.124,b15r,0.0
2011-12-05,-67.582,44.062,b15r,0.0
2011-12-06,-67.6,44.115,b15r,0.0
2011-12-07,-67.592,44.102,b15r,0.0
2011-12-08,-67.578,44.026,b15r,0.0
2011-12-09,-67.583,44.022,b15r,0.0
2011-12-10,-67.582,44.122,b15r,0.0
2011-12-11,-67.61,44.123,b15r,0.0
2011-12-12,-67.583,44.102,b15r,0.0
2011-12-13,-67.569,44.09,b15r,0.0
2011-12-14,-67.584,44.226,b15r,0.0
2011-12-15,-67.608,44.143,b15r,0.0
2011-12-16,-67.623,44.132,b15r,0.0
2011-12-17,-67.607,44.068,b15r,0.0
2011-12-18,-67.615,44.087,b15r,0.0
2011-12-19,-67.592,44.103,b15r,0.0
2011-12-20,-67.596,44.065,b15r,0.0
2011-12-21,-67.595,44.054,b15r,0.0
2011-12-22,-67.591,44.048,b15r,0.0
2011-12-23,-67.589,44.046,b15r,0.0
2011-12-24,-67.603,44.057,b15r,0.0
2011-12-25,-67.622,44.057,b15r,0.0
2011-12-26,-67.628,44.07,b15r,0.0
2011-12-27,-67.632,43.954,b15r,0.0
2011-12-28,-67.63,43.967,b15r,0.0
2011-12-29,-67.652,43.992,b15r,0.0
2011-12-30,-67.654,44.135,b15r,0.0
2011-12-31,-67.66,43.998,b15r,0.0
2012-01-01,-67.655,43.998,b15r,0.0
2012-01-02,-67.646,44.0,b15r,0.0
2012-01-03,-67.635,44.002,b15r,0.0
2012-01-04,-67.615,44.024,b15r,0.0
2012-01-05,-67.606,43.979,b15r,0.0
2012-01-06,-67.628,43.888,b15r,0.0
2012-01-07,-67.353,44.344,b15r,0.0
2012-01-08,-67.57,44.033,b15r,0.0
2012-01-09,-67.588,44.003,b15r,0.0
2012-01-10,-67.606,44.002,b15r,0.0
2012-01-11,-67.612,43.993,b15r,0.0
2012-01-12,-67.61,44.085,b15r,0.0
2012-01-13,-67.613,44.044,b15r,0.0
2012-01-14,-67.6,43.963,b15r,0.0
2012-01-15,-67.558,44.001,b15r,0.0
2012-01-16,-67.649,43.941,b15r,0.0
2012-01-17,-67.587,43.977,b15r,0.0
2012-01-18,-67.61,43.986,b15r,0.0
2012-01-19,-67.594,43.994,b15r,0.0
2012-01-20,-67.615,44.026,b15r,0.0
2012-01-21,-67.636,44.051,b15r,0.0
2012-01-22,-67.613,44.018,b15r,0.0
2012-01-23,-67.64,44.036,b15r,0.0
2012-01-24,-67.643,44.02,b15r,0.0
2012-01-25,-67.619,44.031,b15r,0.0
2012-01-26,-67.585,44.041,b15r,0.0
2012-01-27,-67.605,44.019,b15r,0.0
2012-01-28,-67.613,44.09,b15r,0.0
2012-01-29,-67.644,44.072,b15r,0.0
2012-01-30,-67.64,44.085,b15r,0.0
2012-01-31,-67.64,44.061,b15r,0.0
2012-02-01,-67.639,44.082,b15r,0.0
2012-02-02,-67.622,44.088,b15r,0.0
2012-02-03,-67.621,44.086,b15r,0.0
2012-02-04,-67.62,44.079,b15r,0.0
2012-02-05,-67.615,44.053,b15r,0.0
2012-02-06,-67.609,44.03,b15r,0.0
2012-02-07,-67.603,44.04,b15r,0.0
2012-02-08,-67.594,44.016,b15r,0.0
2012-02-09,-67.601,44.035,b15r,0.0
2012-02-10,-67.601,44.035,b15r,0.0
2012-02-11,-67.601,44.035,b15r,0.0
2012-02-12,-67.601,44.035,b15r,0.0
2012-02-13,-67.601,44.035,b15r,0.0
2012-02-14,-67.601,44.035,b15r,0.0
2012-02-15,-67.589,44.028,b15r,0.0
2012-02-16,-67.589,44.028,b15r,0.0
2012-02-17,-67.589,44.028,b15r,0.0
2012-02-18,-67.589,44.028,b15r,0.0
2012-02-19,-67.587,44.022,b15r,0.0
2012-02-20,-67.584,44.015,b15r,0.0
2012-02-21,-67.605,44.021,b15r,0.0
2012-02-22,-67.601,44.013,b15r,0.0
2012-02-23,-67.601,44.012,b15r,0.0
2012-02-24,-67.6,44.011,b15r,0.0
2012-02-25,-67.612,44.043,b15r,0.0
2012-02-26,-67.612,44.043,b15r,0.0
2012-02-27,-67.612,44.043,b15r,0.0
2012-02-28,-67.613,44.044,b15r,0.0
2012-02-29,-67.613,44.046,b15r,0.0
2012-03-01,-67.614,44.047,b15r,0.0
2012-03-02,-67.615,44.048,b15r,0.0
2012-03-03,-67.625,44.073,b15r,0.0
2012-03-04,-67.622,44.066,b15r,0.0
2012-03-05,-67.622,44.066,b15r,0.0
2012-03-06,-67.622,44.066,b15r,0.0
2012-03-07,-67.622,44.066,b15r,0.0
2012-03-08,-67.622,44.066,b15r,0.0
2012-03-09,-67.622,44.066,b15r,0.0
2012-03-10,-67.622,44.066,b15r,0.0
2012-03-11,-67.622,44.066,b15r,0.0
2012-03-12,-67.634,44.098,b15r,0.0
2012-03-13,-67.635,44.1,b15r,0.0
2012-03-14,-67.635,44.1,b15r,0.0
2012-03-15,-67.635,44.1,b15r,0.0
2012-03-16,-67.635,44.1,b15r,0.0
2012-03-17,-67.627,44.079,b15r,0.0
2012-03-18,-67.622,44.042,b15r,0.0
2012-03-19,-67.63,44.015,b15r,0.0
2012-03-20,-67.635,44.002,b15r,0.0
2012-03-21,-67.63,44.015,b15r,0.0
2012-03-22,-67.612,44.042,b15r,0.0
2012-03-23,-67.621,44.04,b15r,0.0
2012-03-24,-67.612,44.042,b15r,0.0
2012-03-25,-67.607,44.054,b15r,0.0
2012-03-26,-67.616,44.052,b15r,0.0
2012-03-27,-67.621,44.04,b15r,0.0
2012-03-28,-67.63,44.015,b15r,0.0
2012-03-29,-67.63,44.038,b15r,0.0
2012-03-30,-67.616,44.124,b15r,0.0
2012-03-31,-67.635,44.124,b15r,0.0
2012-04-01,-67.641,44.114,b15r,0.0
2012-04-02,-67.641,44.113,b15r,0.0
2012-04-03,-67.641,44.112,b15r,0.0
2012-04-04,-67.641,44.111,b15r,0.0
2012-04-05,-67.641,44.108,b15r,0.0
2012-04-06,-67.628,44.073,b15r,0.0
2012-04-07,-67.64,44.076,b15r,0.0
2012-04-08,-67.645,44.012,b15r,0.0
2012-04-09,-67.644,44.066,b15r,0.0
2012-04-10,-67.655,43.984,b15r,0.0
2012-04-11,-67.66,43.825,b15r,0.0
2012-04-12,-67.665,43.7,b15r,0.0
2012-04-13,-67.666,43.558,b15r,0.0
2012-04-14,-67.69,43.533,b15r,0.0
2012-04-15,-67.714,43.508,b15r,0.0
2012-04-16,-67.716,43.309,b15r,0.0
2012-04-17,-67.767,42.928,b15r,0.0
2012-04-18,-67.721,42.822,b15r,0.0
2012-04-19,-67.751,42.708,b15r,0.0
2012-04-20,-67.738,42.631,b15r,0.0
2012-04-21,-67.768,42.453,b15r,0.0
2012-04-22,-67.79,42.413,b15r,0.0
2012-04-23,-67.788,42.155,b15r,0.0
2012-04-24,-67.787,41.992,b15r,0.0
2012-04-25,-67.872,41.468,b15r,0.0
2012-04-26,-67.939,41.12,b15r,0.0
2012-04-27,-67.982,40.929,b15r,0.0
2012-04-28,-68.117,40.489,b15r,0.0
2012-04-29,-68.141,40.389,b15r,0.0
2012-04-30,-68.182,40.306,b15r,0.0
2012-05-01,-68.204,40.249,b15r,0.0
2012-05-02,-68.22,40.204,b15r,0.0
2012-05-03,-68.239,40.173,b15r,0.0
2012-05-04,-68.236,40.123,b15r,0.0
2012-05-05,-68.271,40.058,b15r,0.0
2012-05-06,-68.32,39.926,b15r,0.0
2012-05-07,-68.35,39.737,b15r,0.0
2012-05-08,-68.397,39.797,b15r,0.0
2012-05-09,-68.362,39.835,b15r,0.0
2012-05-10,-68.401,39.852,b15r,0.0
2012-05-11,-68.38,39.806,b15r,0.0
2012-05-12,-68.37,39.853,b15r,0.0
2012-05-13,-68.378,39.777,b15r,0.0
2012-05-14,-68.382,39.833,b15r,0.0
2012-05-15,-68.392,39.762,b15r,0.0
2012-05-16,-68.382,39.787,b15r,0.0
2012-05-17,-68.382,39.787,b15r,0.0
2012-05-18,-68.386,39.749,b15r,0.0
2012-05-19,-68.368,39.802,b15r,0.0
2012-05-20,-68.368,39.826,b15r,0.0
2012-05-21,-68.382,39.739,b15r,0.0
2012-05-22,-68.376,39.751,b15r,0.0
2012-05-23,-68.376,39.727,b15r,0.0
2012-05-24,-68.371,39.762,b15r,0.0
2012-05-25,-68.372,39.764,b15r,0.0
2012-05-26,-68.377,39.823,b15r,0.0
2012-05-27,-68.382,39.739,b15r,0.0
2012-05-28,-68.376,39.703,b15r,0.0
2012-05-29,-68.375,39.7,b15r,0.0
2012-05-30,-68.394,39.741,b15r,0.0
2012-05-31,-68.384,39.739,b15r,0.0
2012-06-01,-68.392,39.733,b15r,0.0
2012-06-02,-68.388,39.723,b15r,0.0
2012-06-03,-68.389,39.771,b15r,0.0
2012-06-04,-68.384,39.715,b15r,0.0
2012-06-05,-68.379,39.775,b15r,0.0
2012-06-06,-68.375,39.812,b15r,0.0
2012-06-07,-68.396,39.746,b15r,0.0
2012-06-08,-68.387,39.798,b15r,0.0
2012-06-09,-68.369,39.757,b15r,0.0
2012-06-10,-68.385,39.723,b15r,0.0
2012-06-11,-68.394,39.719,b15r,0.0
2012-06-12,-68.372,39.765,b15r,0.0
2012-06-13,-68.38,39.713,b15r,0.0
2012-06-14,-68.388,39.755,b15r,0.0
2012-06-15,-68.386,39.75,b15r,0.0
2012-06-16,-68.359,39.758,b15r,0.0
2012-06-17,-68.362,39.741,b15r,0.0
2012-06-18,-68.393,39.763,b15r,0.0
2012-06-19,-68.39,39.73,b15r,0.0
2012-06-20,-68.374,39.692,b15r,0.0
2012-06-21,-68.369,39.722,b15r,0.0
2012-06-22,-68.391,39.816,b15r,0.0
2012-06-23,-68.389,39.761,b15r,0.0
2012-06-24,-68.409,39.712,b15r,0.0
2012-06-25,-68.4,39.767,b15r,0.0
2012-06-26,-68.385,39.822,b15r,0.0
2012-06-27,-68.376,39.801,b15r,0.0
2012-06-28,-68.348,39.713,b15r,0.0
2012-06-29,-68.361,39.65,b15r,0.0
2012-06-30,-68.37,39.623,b15r,0.0
2012-07-01,-68.375,39.681,b15r,0.0
2012-07-02,-68.389,39.666,b15r,0.0
2012-07-03,-68.373,39.674,b15r,0.0
2012-07-04,-68.359,39.614,b15r,0.0
2012-07-05,-68.37,39.613,b15r,0.0
2012-07-06,-68.354,39.571,b15r,0.0
2012-07-07,-68.374,39.517,b15r,0.0
2012-07-08,-68.353,39.581,b15r,0.0
2012-07-09,-68.361,39.545,b15r,0.0
2012-07-10,-68.369,39.526,b15r,0.0
2012-07-11,-68.375,39.476,b15r,0.0
2012-07-12,-68.369,39.446,b15r,0.0
2012-07-13,-68.37,39.503,b15r,0.0
2012-07-14,-68.371,39.446,b15r,0.0
2012-07-15,-68.36,39.371,b15r,0.0
2012-07-16,-68.364,39.406,b15r,0.0
2012-07-17,-68.359,39.404,b15r,0.0
2012-07-18,-68.358,39.368,b15r,0.0
2012-07-19,-68.339,39.41,b15r,0.0
2012-07-20,-68.323,39.389,b15r,0.0
2012-07-21,-68.344,39.397,b15r,0.0
2012-07-22,-68.356,39.398,b15r,0.0
2012-07-23,-68.361,39.395,b15r,0.0
2012-07-24,-68.358,39.481,b15r,0.0
2012-07-25,-68.346,39.476,b15r,0.0
2012-07-26,-68.357,39.452,b15r,0.0
2012-07-27,-68.369,39.452,b15r,0.0
2012-07-28,-68.356,39.49,b15r,0.0
2012-07-29,-68.326,39.302,b15r,0.0
2012-07-30,-68.325,39.299,b15r,0.0
2012-07-31,-68.324,39.302,b15r,0.0
2012-08-01,-68.324,39.306,b15r,0.0
2012-08-02,-68.323,39.305,b15r,0.0
2012-08-03,-68.324,39.297,b15r,0.0
2012-08-04,-68.325,39.276,b15r,0.0
2012-08-05,-68.336,39.202,b15r,0.0
2012-08-06,-68.338,39.212,b15r,0.0
2012-08-07,-68.309,38.93,b15r,0.0
2012-08-08,-68.317,38.789,b15r,0.0
2012-08-09,-68.34,38.632,b15r,0.0
2012-08-10,-68.344,38.49,b15r,0.0
2012-08-11,-68.377,38.196,b15r,0.0
2012-08-12,-68.39,38.068,b15r,0.0
2012-08-13,-68.409,38.013,b15r,0.0
2012-08-14,-68.403,38.047,b15r,0.0
2012-08-15,-68.39,37.999,b15r,0.0
2012-08-16,-68.406,38.104,b15r,0.0
2012-08-17,-68.369,38.03,b15r,0.0
2012-08-18,-68.379,38.123,b15r,0.0
2012-08-19,-68.39,38.109,b15r,0.0
2012-08-20,-68.397,38.094,b15r,0.0
2012-08-21,-68.385,38.091,b15r,0.0
2012-08-22,-68.379,38.079,b15r,0.0
2012-08-23,-68.368,38.057,b15r,0.0
2012-08-24,-68.345,38.029,b15r,0.0
2012-08-25,-68.335,37.849,b15r,0.0
2012-08-26,-68.386,37.934,b15r,0.0
2012-08-27,-68.36,37.829,b15r,0.0
2012-08-28,-68.359,37.861,b15r,0.0
2012-08-29,-68.352,37.896,b15r,0.0
2012-08-30,-68.347,37.84,b15r,0.0
2012-08-31,-68.341,37.802,b15r,0.0
2012-09-01,-68.325,37.721,b15r,0.0
2012-09-02,-68.328,37.728,b15r,0.0
2012-09-03,-68.325,37.634,b15r,0.0
2012-09-04,-68.291,37.451,b15r,0.0
2012-09-05,-68.257,37.452,b15r,0.0
2012-09-06,-68.242,37.353,b15r,0.0
2012-09-07,-68.228,37.232,b15r,0.0
2012-09-08,-68.198,37.032,b15r,0.0
2012-09-09,-68.192,36.875,b15r,0.0
2012-09-10,-68.164,36.72,b15r,0.0
2012-09-11,-68.139,36.708,b15r,0.0
2012-09-12,-68.127,36.614,b15r,0.0
2012-09-13,-68.143,36.572,b15r,0.0
2012-09-14,-68.142,36.425,b15r,0.0
2012-09-15,-68.154,36.254,b15r,0.0
2012-09-16,-68.153,36.068,b15r,0.0
2012-09-17,-68.179,35.926,b15r,0.0
2012-09-18,-68.188,35.721,b15r,0.0
2012-09-19,-68.162,35.424,b15r,0.0
2012-09-20,-68.159,35.116,b15r,0.0
2012-09-21,-68.226,34.631,b15r,0.0
2012-09-22,-68.27,34.169,b15r,0.0
2012-09-23,-68.281,33.942,b15r,0.0
2012-09-24,-68.301,33.649,b15r,0.0
2012-09-25,-68.339,32.876,b15r,0.0
2012-09-26,-68.341,32.69,b15r,0.0
2012-09-27,-68.352,32.547,b15r,0.0
2012-09-28,-68.37,32.594,b15r,0.0
2012-09-29,-68.379,32.485,b15r,0.0
2012-09-30,-68.4,32.451,b15r,0.0
2012-10-01,-68.391,32.35,b15r,0.0
2012-10-02,-68.404,32.282,b15r,0.0
2012-10-03,-68.434,32.227,b15r,0.0
2012-10-04,-68.463,32.176,b15r,0.0
2012-10-05,-68.484,32.128,b15r,0.0
2012-10-06,-68.521,31.998,b15r,0.0
2012-10-07,-68.515,31.968,b15r,0.0
2012-10-08,-68.544,31.87,b15r,0.0
2012-10-09,-68.593,31.752,b15r,0.0
2012-10-10,-68.634,31.507,b15r,0.0
2012-10-11,-68.701,31.335,b15r,0.0
2012-10-12,-68.801,30.973,b15r,0.0
2012-10-13,-68.982,30.064,b15r,0.0
2012-10-14,-69.08,29.669,b15r,0.0
2012-10-15,-69.132,29.431,b15r,0.0
2012-10-16,-69.225,29.086,b15r,0.0
2012-10-17,-69.26,28.893,b15r,0.0
2012-10-18,-69.335,28.558,b15r,0.0
2012-10-19,-69.433,28.166,b15r,0.0
2012-10-20,-69.501,27.939,b15r,0.0
2012-10-21,-69.545,27.72,b15r,0.0
2012-10-22,-69.569,27.596,b15r,0.0
2012-10-23,-69.608,27.46,b15r,0.0
2012-10-24,-69.609,27.426,b15r,0.0
2012-10-25,-69.634,27.258,b15r,0.0
2012-10-26,-69.66,27.071,b15r,0.0
2012-10-27,-69.685,26.86,b15r,0.0
2012-10-28,-69.698,26.712,b15r,0.0
2012-10-29,-69.712,26.687,b15r,0.0
2012-10-30,-69.768,26.593,b15r,0.0
2012-10-31,-69.778,26.495,b15r,0.0
2012-11-01,-69.811,26.451,b15r,0.0
2012-11-02,-69.949,26.316,b15r,0.0
2012-11-03,-69.979,26.112,b15r,0.0
2012-11-04,-69.982,25.843,b15r,0.0
2012-11-05,-69.969,25.782,b15r,0.0
2012-11-06,-70.0,25.447,b15r,0.0
2012-11-07,-70.026,25.29,b15r,0.0
2012-11-08,-70.039,25.087,b15r,0.0
2012-11-09,-70.074,24.805,b15r,0.0
2012-11-10,-70.097,24.635,b15r,0.0
2012-11-11,-70.112,24.287,b15r,0.0
2012-11-12,-70.12,24.039,b15r,0.0
2012-11-13,-70.105,23.956,b15r,0.0
2012-11-14,-70.09,23.679,b15r,0.0
2012-11-15,-70.083,23.411,b15r,0.0
2012-11-16,-70.035,22.793,b15r,0.0
2012-11-17,-70.005,22.643,b15r,0.0
2012-11-18,-69.967,22.312,b15r,0.0
2012-11-19,-69.918,22.007,b15r,0.0
2012-11-20,-69.894,21.706,b15r,0.0
2012-11-21,-69.817,21.322,b15r,0.0
2012-11-22,-69.771,21.036,b15r,0.0
2012-11-23,-69.734,20.658,b15r,0.0
2012-11-24,-69.711,20.215,b15r,0.0
2012-11-25,-69.683,19.976,b15r,0.0
2012-11-26,-69.69,19.628,b15r,0.0
2012-11-27,-69.612,19.171,b15r,0.0
2012-11-28,-69.504,18.991,b15r,0.0
2012-11-29,-69.433,18.769,b15r,0.0
2012-11-30,-69.343,18.535,b15r,0.0
2012-12-01,-69.287,18.184,b15r,0.0
2012-12-02,-69.292,17.825,b15r,0.0
2012-12-03,-69.265,17.648,b15r,0.0
2012-12-04,-69.316,17.099,b15r,0.0
2012-12-05,-69.356,17.019,b15r,0.0
2012-12-06,-69.341,16.713,b15r,0.0
2012-12-07,-69.326,16.621,b15r,0.0
2012-12-08,-69.291,16.287,b15r,0.0
2012-12-09,-69.263,16.045,b15r,0.0
2012-12-10,-69.267,15.915,b15r,0.0
2012-12-11,-69.265,15.803,b15r,0.0
2012-12-12,-69.261,15.281,b15r,0.0
2012-12-13,-69.247,15.01,b15r,0.0
2012-12-14,-69.285,14.644,b15r,0.0
2012-12-15,-69.314,14.602,b15r,0.0
2012-12-16,-69.32,14.251,b15r,0.0
2012-12-17,-69.323,14.11,b15r,0.0
2012-12-18,-69.433,13.353,b15r,0.0
2012-12-19,-69.431,13.35,b15r,0.0
2012-12-20,-69.504,13.083,b15r,0.0
2012-12-21,-69.502,13.08,b15r,0.0
2012-12-22,-69.497,13.096,b15r,0.0
2012-12-23,-69.496,13.088,b15r,0.0
2012-12-24,-69.501,13.051,b15r,0.0
2012-12-25,-69.512,12.97,b15r,0.0
2012-12-26,-69.527,12.846,b15r,0.0
2012-12-27,-69.545,12.683,b15r,0.0
2012-12-28,-69.563,12.5,b15r,0.0
2012-12-29,-69.632,12.256,b15r,0.0
2012-12-30,-69.621,11.923,b15r,0.0
2012-12-31,-69.607,11.682,b15r,0.0
2013-01-01,-69.644,11.658,b15r,0.0
2013-01-02,-69.76,11.626,b15r,0.0
2013-01-03,-69.772,11.543,b15r,0.0
2013-01-04,-69.78,11.432,b15r,0.0
2013-01-05,-69.786,11.302,b15r,0.0
2013-01-06,-69.791,11.195,b15r,0.0
2013-01-07,-69.833,12.117,b15r,0.0
2013-01-08,-69.853,12.129,b15r,0.0
2013-01-09,-69.857,12.102,b15r,0.0
2013-01-10,-69.838,12.238,b15r,0.0
2013-01-11,-69.846,12.213,b15r,0.0
2013-01-12,-69.851,12.187,b15r,0.0
2013-01-13,-69.824,12.17,b15r,0.0
2013-01-14,-69.801,12.096,b15r,0.0
2013-01-15,-69.799,12.184,b15r,0.0
2013-01-16,-69.794,12.003,b15r,0.0
2013-01-17,-69.796,12.064,b15r,0.0
2013-01-18,-69.766,12.016,b15r,0.0
2013-01-19,-69.778,11.906,b15r,0.0
2013-01-20,-69.809,9.852,b15r,0.0
2013-01-21,-69.816,9.793,b15r,0.0
2013-01-22,-69.815,9.596,b15r,0.0
2013-01-23,-69.817,9.397,b15r,0.0
2013-01-24,-69.818,9.243,b15r,0.0
2013-01-25,-69.803,9.158,b15r,0.0
2013-01-26,-69.816,9.12,b15r,0.0
2013-01-27,-69.803,9.068,b15r,0.0
2013-01-28,-69.807,9.071,b15r,0.0
2013-01-29,-69.795,8.985,b15r,0.0
2013-01-30,-69.791,9.101,b15r,0.0
2013-01-31,-69.804,9.167,b15r,0.0
2013-02-01,-69.798,9.105,b15r,0.0
2013-02-02,-69.794,9.072,b15r,0.0
2013-02-03,-69.791,9.049,b15r,0.0
2013-02-04,-69.789,8.936,b15r,0.0
2013-02-05,-69.792,8.749,b15r,0.0
2013-02-06,-69.793,8.361,b15r,0.0
2013-02-07,-69.752,11.831,b15r,0.0
2013-02-08,-69.752,11.861,b15r,0.0
2013-02-09,-69.769,7.32,b15r,0.0
2013-02-10,-69.779,7.079,b15r,0.0
2013-02-11,-69.781,7.07,b15r,0.0
2013-02-12,-69.783,7.093,b15r,0.0
2013-02-13,-69.768,7.167,b15r,0.0
2013-02-14,-69.687,-1.847,b15r,0.0
2013-02-15,-69.701,-2.184,b15r,0.0
2013-02-16,-69.727,-2.293,b15r,0.0
2013-02-17,-69.766,-2.239,b15r,0.0
2013-02-18,-69.617,-1.79,b15r,0.0
2013-02-19,-69.632,-1.829,b15r,0.0
2013-02-20,-69.669,-1.939,b15r,0.0
2013-02-21,-69.77,-2.468,b15r,0.0
2013-02-22,-69.715,-2.461,b15r,0.0
2013-02-23,-69.747,-2.407,b15r,0.0
2013-02-24,-69.747,-2.379,b15r,0.0
2013-02-25,-69.736,-2.665,b15r,0.0
2013-02-26,-69.681,-2.744,b15r,0.0
2013-02-27,-69.787,-2.411,b15r,0.0
2013-02-28,-69.816,-2.329,b15r,0.0
2013-03-01,-69.821,-2.329,b15r,0.0
2013-03-02,-69.777,-2.295,b15r,0.0
2013-03-03,-69.806,-2.386,b15r,0.0
2013-03-04,-69.87,-2.598,b15r,0.0
2013-03-05,-69.938,-2.839,b15r,0.0
2013-03-06,-69.999,-3.11,b15r,0.0
2013-03-07,-69.888,-3.199,b15r,0.0
2013-03-08,-69.83,-3.343,b15r,0.0
2013-03-09,-69.849,-3.375,b15r,0.0
2013-03-10,-69.812,-3.571,b15r,0.0
2013-03-11,-69.707,-3.812,b15r,0.0
2013-03-12,-69.638,-3.999,b15r,0.0
2013-03-13,-69.431,-4.837,b15r,0.0
2013-03-14,-69.342,-5.526,b15r,0.0
2013-03-15,-69.317,-5.801,b15r,0.0
2013-03-16,-69.363,-6.183,b15r,0.0
2013-03-17,-69.408,-6.567,b15r,0.0
2013-03-18,-69.486,-6.563,b15r,0.0
2013-03-19,-69.528,-6.634,b15r,0.0
2013-03-20,-69.607,-6.775,b15r,0.0
2013-03-21,-69.641,-6.815,b15r,0.0
2013-03-22,-69.654,-7.022,b15r,0.0
2013-03-23,-69.793,-7.771,b15r,0.0
2013-03-24,-69.881,-8.39,b15r,0.0
2013-03-25,-69.897,-8.689,b15r,0.0
2013-03-26,-69.929,-8.968,b15r,0.0
2013-03-27,-69.843,-9.183,b15r,0.0
2013-03-28,-69.754,-9.326,b15r,0.0
2013-03-29,-69.751,-9.382,b15r,0.0
2013-03-30,-69.895,-9.687,b15r,0.0
2013-03-31,-69.889,-9.948,b15r,0.0
2013-04-01,-69.929,-10.175,b15r,0.0
2013-04-02,-70.035,-10.468,b15r,0.0
2013-04-03,-70.053,-10.805,b15r,0.0
2013-04-04,-70.125,-11.024,b15r,0.0
2013-04-05,-70.161,-11.285,b15r,0.0
2013-04-06,-70.143,-11.783,b15r,0.0
2013-04-07,-70.072,-12.039,b15r,0.0
2013-04-08,-70.124,-12.101,b15r,0.0
2013-04-09,-70.261,-12.188,b15r,0.0
2013-04-10,-70.389,-12.392,b15r,0.0
2013-04-11,-70.389,-12.605,b15r,0.0
2013-04-12,-70.432,-12.664,b15r,0.0
2013-04-13,-70.381,-12.939,b15r,0.0
2013-04-14,-70.331,-13.328,b15r,0.0
2013-04-15,-70.338,-13.637,b15r,0.0
2013-04-16,-70.475,-14.322,b15r,0.0
2013-04-17,-70.612,-14.488,b15r,0.0
2013-04-18,-70.691,-14.925,b15r,0.0
2013-04-19,-70.763,-15.202,b15r,0.0
2013-04-20,-70.878,-15.456,b15r,0.0
2013-04-21,-71.015,-15.859,b15r,0.0
2013-04-22,-71.252,-16.198,b15r,0.0
2013-04-23,-71.293,-16.953,b15r,0.0
2013-04-24,-71.643,-17.424,b15r,0.0
2013-04-25,-71.849,-17.867,b15r,0.0
2013-04-26,-71.918,-18.177,b15r,0.0
2013-04-27,-71.991,-18.493,b15r,0.0
2013-04-28,-71.945,-18.683,b15r,0.0
2013-04-29,-71.957,-18.901,b15r,0.0
2013-04-30,-71.881,-18.681,b15r,0.0
2013-05-01,-71.939,-18.915,b15r,0.0
2013-05-02,-71.914,-19.058,b15r,0.0
2013-05-03,-71.999,-19.221,b15r,0.0
2013-05-04,-72.11,-19.695,b15r,0.0
2013-05-05,-72.171,-20.254,b15r,0.0
2013-05-06,-72.152,-20.545,b15r,0.0
2013-05-07,-72.128,-20.585,b15r,0.0
2013-05-08,-72.235,-20.716,b15r,0.0
2013-05-09,-72.351,-21.074,b15r,0.0
2013-05-10,-72.384,-21.258,b15r,0.0
2013-05-11,-72.422,-21.485,b15r,0.0
2013-05-12,-72.428,-21.815,b15r,0.0
2013-05-13,-72.407,-22.109,b15r,0.0
2013-05-14,-72.303,-22.184,b15r,0.0
2013-05-15,-72.303,-22.326,b15r,0.0
2013-05-16,-72.268,-22.314,b15r,0.0
2013-05-17,-72.291,-22.417,b15r,0.0
2013-05-18,-72.356,-22.613,b15r,0.0
2013-05-19,-72.336,-22.766,b15r,0.0
2013-05-20,-72.341,-22.88,b15r,0.0
2013-05-21,-72.388,-22.909,b15r,0.0
2013-05-22,-72.472,-22.918,b15r,0.0
2013-05-23,-72.431,-23.295,b15r,0.0
2013-05-24,-72.408,-23.335,b15r,0.0
2013-05-25,-72.39,-23.381,b15r,0.0
2013-05-26,-72.363,-23.197,b15r,0.0
2013-05-27,-72.343,-23.314,b15r,0.0
2013-05-28,-72.356,-23.513,b15r,0.0
2013-05-29,-72.324,-23.646,b15r,0.0
2013-05-30,-72.334,-23.625,b15r,0.0
2013-05-31,-72.346,-23.824,b15r,0.0
2013-06-01,-72.489,-24.253,b15r,0.0
2013-06-02,-72.65,-24.385,b15r,0.0
2013-06-03,-72.687,-24.181,b15r,0.0
2013-06-04,-72.75,-24.314,b15r,0.0
2013-06-05,-72.768,-24.305,b15r,0.0
2013-06-06,-72.778,-24.618,b15r,0.0
2013-06-07,-72.772,-24.571,b15r,0.0
2013-06-08,-72.826,-24.73,b15r,0.0
2013-06-09,-72.91,-24.823,b15r,0.0
2013-06-10,-72.932,-24.896,b15r,0.0
2013-06-11,-73.021,-24.924,b15r,0.0
2013-06-12,-73.048,-25.004,b15r,0.0
2013-06-13,-73.12,-25.235,b15r,0.0
2013-06-14,-73.254,-25.648,b15r,0.0
2013-06-15,-73.4,-26.168,b15r,0.0
2013-06-16,-73.456,-26.581,b15r,0.0
2013-06-17,-73.574,-26.828,b15r,0.0
2013-06-18,-73.685,-26.947,b15r,0.0
2013-06-19,-73.699,-27.094,b15r,0.0
2013-06-20,-73.701,-27.097,b15r,0.0
2013-06-21,-73.763,-27.293,b15r,0.0
2013-06-22,-73.944,-27.508,b15r,0.0
2013-06-23,-74.174,-27.988,b15r,0.0
2013-06-24,-74.31,-28.431,b15r,0.0
2013-06-25,-74.533,-28.659,b15r,0.0
2013-06-26,-74.698,-28.798,b15r,0.0
2013-06-27,-74.798,-28.919,b15r,0.0
2013-06-28,-74.924,-29.008,b15r,0.0
2013-06-29,-74.954,-28.917,b15r,0.0
2013-06-30,-74.981,-28.849,b15r,0.0
2013-07-01,-74.99,-28.862,b15r,0.0
2013-07-02,-74.975,-28.734,b15r,0.0
2013-07-03,-74.931,-28.638,b15r,0.0
2013-07-04,-74.859,-28.516,b15r,0.0
2013-07-05,-74.841,-28.48,b15r,0.0
2013-07-06,-74.86,-28.44,b15r,0.0
2013-07-07,-74.861,-28.455,b15r,0.0
2013-07-08,-74.874,-28.674,b15r,0.0
2013-07-09,-74.89,-28.529,b15r,0.0
2013-07-10,-74.882,-28.779,b15r,0.0
2013-07-11,-74.883,-28.736,b15r,0.0
2013-07-12,-74.87,-28.665,b15r,0.0
2013-07-13,-74.862,-28.779,b15r,0.0
2013-07-14,-74.902,-28.731,b15r,0.0
2013-07-15,-74.948,-28.784,b15r,0.0
2013-07-16,-74.985,-29.085,b15r,0.0
2013-07-17,-74.977,-28.978,b15r,0.0
2013-07-18,-74.993,-28.701,b15r,0.0
2013-07-19,-75.062,-29.208,b15r,0.0
2013-07-20,-75.045,-29.215,b15r,0.0
2013-07-21,-74.986,-29.125,b15r,0.0
2013-07-22,-74.946,-29.136,b15r,0.0
2013-07-23,-75.101,-29.245,b15r,0.0
2013-07-24,-75.097,-29.103,b15r,0.0
2013-07-25,-75.161,-29.288,b15r,0.0
2013-07-26,-75.28,-29.825,b15r,0.0
2013-07-27,-75.352,-29.896,b15r,0.0
2013-07-28,-75.41,-30.354,b15r,0.0
2013-07-29,-75.43,-30.306,b15r,0.0
2013-07-30,-75.439,-30.328,b15r,0.0
2013-07-31,-75.424,-30.292,b15r,0.0
2013-08-01,-75.375,-30.32,b15r,0.0
2013-08-02,-75.368,-30.21,b15r,0.0
2013-08-03,-75.364,-30.153,b15r,0.0
2013-08-04,-75.336,-30.22,b15r,0.0
2013-08-05,-75.36,-30.284,b15r,0.0
2013-08-06,-75.374,-30.363,b15r,0.0
2013-08-07,-75.418,-30.371,b15r,0.0
2013-08-08,-75.427,-30.345,b15r,0.0
2013-08-09,-75.406,-30.484,b15r,0.0
2013-08-10,-75.486,-30.578,b15r,0.0
2013-08-11,-75.512,-30.686,b15r,0.0
2013-08-12,-75.565,-30.859,b15r,0.0
2013-08-13,-75.573,-31.068,b15r,0.0
2013-08-14,-75.626,-31.1,b15r,0.0
2013-08-15,-75.639,-31.182,b15r,0.0
2013-08-16,-75.646,-31.294,b15r,0.0
2013-08-17,-75.623,-31.188,b15r,0.0
2013-08-18,-75.554,-31.233,b15r,0.0
2013-08-19,-75.659,-31.229,b15r,0.0
2013-08-20,-75.602,-31.186,b15r,0.0
2013-08-21,-75.567,-31.102,b15r,0.0
2013-08-22,-75.455,-30.833,b15r,0.0
2013-08-23,-75.377,-30.463,b15r,0.0
2013-08-24,-75.244,-30.571,b15r,0.0
2013-08-25,-75.242,-30.427,b15r,0.0
2013-08-26,-75.235,-30.457,b15r,0.0
2013-08-27,-75.298,-30.649,b15r,0.0
2013-08-28,-75.313,-31.103,b15r,0.0
2013-08-29,-75.327,-31.14,b15r,0.0
2013-08-30,-75.344,-31.175,b15r,0.0
2013-08-31,-75.373,-31.432,b15r,0.0
2013-09-01,-75.35,-31.487,b15r,0.0
2013-09-02,-75.361,-31.403,b15r,0.0
2013-09-03,-75.343,-31.454,b15r,0.0
2013-09-04,-75.457,-31.448,b15r,0.0
2013-09-05,-75.405,-31.462,b15r,0.0
2013-09-06,-75.524,-31.754,b15r,0.0
2013-09-07,-75.524,-31.802,b15r,0.0
2013-09-08,-75.603,-31.904,b15r,0.0
2013-09-09,-75.598,-31.939,b15r,0.0
2013-09-10,-75.761,-32.696,b15r,0.0
2013-09-11,-75.946,-32.986,b15r,0.0
2013-09-12,-75.976,-33.167,b15r,0.0
2013-09-13,-75.973,-33.357,b15r,0.0
2013-09-14,-75.984,-33.237,b15r,0.0
2013-09-15,-75.951,-33.325,b15r,0.0
2013-09-16,-75.949,-33.441,b15r,0.0
2013-09-17,-75.973,-33.508,b15r,0.0
2013-09-18,-75.977,-33.367,b15r,0.0
2013-09-19,-75.982,-33.382,b15r,0.0
2013-09-20,-75.967,-33.291,b15r,0.0
2013-09-21,-76.004,-33.243,b15r,0.0
2013-09-22,-75.988,-33.297,b15r,0.0
2013-09-23,-75.988,-33.348,b15r,0.0
2013-09-24,-75.973,-33.458,b15r,0.0
2013-09-25,-75.975,-33.513,b15r,0.0
2013-09-26,-75.994,-33.463,b15r,0.0
2013-09-27,-75.984,-33.538,b15r,0.0
2013-09-28,-75.941,-33.47,b15r,0.0
2013-09-29,-75.805,-33.006,b15r,0.0
2013-09-30,-75.721,-32.981,b15r,0.0
2013-10-01,-75.708,-32.996,b15r,0.0
2013-10-02,-75.689,-32.848,b15r,0.0
2013-10-03,-75.678,-32.818,b15r,0.0
2013-10-04,-75.597,-32.901,b15r,0.0
2013-10-05,-75.565,-32.866,b15r,0.0
2013-10-06,-75.526,-32.812,b15r,0.0
2013-10-07,-75.577,-32.798,b15r,0.0
2013-10-08,-75.609,-32.833,b15r,0.0
2013-10-09,-75.612,-32.842,b15r,0.0
2013-10-10,-75.601,-32.911,b15r,0.0
2013-10-11,-75.594,-32.891,b15r,0.0
2013-10-12,-75.678,-33.015,b15r,0.0
2013-10-13,-75.693,-33.005,b15r,0.0
2013-10-14,-75.69,-33.094,b15r,0.0
2013-10-15,-75.726,-33.287,b15r,0.0
2013-10-16,-75.857,-33.791,b15r,0.0
2013-10-17,-75.84,-33.893,b15r,0.0
2013-10-18,-75.849,-33.559,b15r,0.0
2013-10-19,-75.903,-33.684,b15r,0.0
2013-10-20,-75.91,-33.696,b15r,0.0
2013-10-21,-75.876,-33.675,b15r,0.0
2013-10-22,-75.894,-33.764,b15r,0.0
2013-10-23,-75.878,-33.792,b15r,0.0
2013-10-24,-75.876,-33.88,b15r,0.0
2013-10-25,-75.882,-33.807,b15r,0.0
2013-10-26,-75.848,-33.881,b15r,0.0
2013-10-27,-75.862,-33.919,b15r,0.0
2013-10-28,-75.874,-33.817,b15r,0.0
2013-10-29,-75.858,-33.905,b15r,0.0
2013-10-30,-75.889,-33.891,b15r,0.0
2013-10-31,-75.857,-33.935,b15r,0.0
2013-11-01,-75.855,-33.931,b15r,0.0
2013-11-02,-75.858,-33.95,b15r,0.0
2013-11-03,-75.865,-33.929,b15r,0.0
2013-11-04,-75.857,-33.945,b15r,0.0
2013-11-05,-75.869,-34.091,b15r,0.0
2013-11-06,-75.843,-34.162,b15r,0.0
2013-11-07,-75.848,-34.179,b15r,0.0
2013-11-08,-75.844,-34.125,b15r,0.0
2013-11-09,-75.819,-34.139,b15r,0.0
2013-11-10,-75.841,-34.314,b15r,0.0
2013-11-11,-75.828,-34.426,b15r,0.0
2013-11-12,-75.836,-34.427,b15r,0.0
2013-11-13,-75.836,-34.435,b15r,0.0
2013-11-14,-75.809,-34.467,b15r,0.0
2013-11-15,-75.823,-34.374,b15r,0.0
2013-11-16,-75.844,-34.505,b15r,0.0
2013-11-17,-75.803,-34.39,b15r,0.0
2013-11-18,-75.693,-34.481,b15r,0.0
2013-11-19,-75.659,-34.486,b15r,0.0
2013-11-20,-75.652,-34.515,b15r,0.0
2013-11-21,-75.743,-34.17,b15r,0.0
2013-11-22,-75.737,-34.156,b15r,0.0
2013-11-23,-75.763,-34.129,b15r,0.0
2013-11-24,-75.735,-34.052,b15r,0.0
2013-11-25,-75.782,-33.734,b15r,0.0
2013-11-26,-75.808,-33.905,b15r,0.0
2013-11-27,-75.827,-33.956,b15r,0.0
2013-11-28,-75.84,-33.893,b15r,0.0
2013-11-29,-75.833,-33.872,b15r,0.0
2013-11-30,-75.835,-33.855,b15r,0.0
2013-12-01,-75.836,-33.846,b15r,0.0
2013-12-02,-75.837,-33.848,b15r,0.0
2013-12-03,-75.826,-33.889,b15r,0.0
2013-12-04,-75.81,-33.853,b15r,0.0
2013-12-05,-75.791,-33.839,b15r,0.0
2013-12-06,-75.779,-33.912,b15r,0.0
2013-12-07,-75.814,-33.782,b15r,0.0
2013-12-08,-75.81,-33.913,b15r,0.0
2013-12-09,-75.785,-33.82,b15r,0.0
2013-12-10,-75.793,-33.849,b15r,0.0
2013-12-11,-75.825,-33.878,b15r,0.0
2013-12-12,-75.858,-33.966,b15r,0.0
2013-12-13,-75.876,-34.091,b15r,0.0
2013-12-14,-75.872,-34.213,b15r,0.0
2013-12-15,-75.892,-34.235,b15r,0.0
2013-12-16,-75.892,-34.335,b15r,0.0
2013-12-17,-75.892,-34.335,b15r,0.0
2013-12-18,-75.891,-34.334,b15r,0.0
2013-12-19,-75.891,-34.334,b15r,0.0
2013-12-20,-75.818,-34.298,b15r,0.0
2013-12-21,-75.813,-34.367,b15r,0.0
2013-12-22,-75.765,-34.183,b15r,0.0
2013-12-23,-75.765,-34.183,b15r,0.0
2013-12-24,-75.765,-34.183,b15r,0.0
2013-12-25,-75.763,-33.881,b15r,0.0
2013-12-26,-75.763,-33.881,b15r,0.0
2013-12-27,-75.763,-33.881,b15r,0.0
2013-12-28,-75.748,-33.742,b15r,0.0
2013-12-29,-75.758,-33.668,b15r,0.0
2013-12-30,-75.722,-33.671,b15r,0.0
2013-12-31,-75.691,-33.662,b15r,0.0
2014-01-01,-75.648,-33.614,b15r,0.0
2014-01-02,-75.627,-33.562,b15r,0.0
2014-01-03,-75.618,-33.545,b15r,0.0
2014-01-04,-75.632,-33.395,b15r,0.0
2014-01-05,-75.638,-33.38,b15r,0.0
2014-01-06,-75.625,-33.276,b15r,0.0
2014-01-07,-75.654,-33.311,b15r,0.0
2014-01-08,-75.675,-33.276,b15r,0.0
2014-01-09,-75.67,-33.232,b15r,0.0
2014-01-10,-75.695,-33.141,b15r,0.0
2014-01-11,-75.692,-33.187,b15r,0.0
2014-01-12,-75.75,-33.15,b15r,0.0
2014-01-13,-75.795,-33.119,b15r,0.0
2014-01-14,-75.818,-33.128,b15r,0.0
2014-01-15,-75.841,-33.133,b15r,0.0
2014-01-16,-75.855,-33.048,b15r,0.0
2014-01-17,-75.89,-33.016,b15r,0.0
2014-01-18,-75.867,-33.062,b15r,0.0
2014-01-19,-75.9,-33.033,b15r,0.0
2014-01-20,-75.917,-32.963,b15r,0.0
2014-01-21,-75.96,-32.96,b15r,0.0
2014-01-22,-75.984,-32.82,b15r,0.0
2014-01-23,-76.021,-32.746,b15r,0.0
2014-01-24,-75.999,-32.498,b15r,0.0
2014-01-25,-76.03,-32.536,b15r,0.0
2014-01-26,-76.039,-32.481,b15r,0.0
2014-01-27,-76.047,-32.528,b15r,0.0
2014-01-28,-76.043,-32.504,b15r,0.0
2014-01-29,-76.049,-32.616,b15r,0.0
2014-01-30,-76.054,-32.69,b15r,0.0
2014-01-31,-76.06,-32.775,b15r,0.0
2014-02-01,-76.066,-32.893,b15r,0.0
2014-02-02,-76.074,-33.034,b15r,0.0
2014-02-03,-76.081,-33.17,b15r,0.0
2014-02-04,-76.087,-33.27,b15r,0.0
2014-02-05,-76.075,-33.286,b15r,0.0
2014-02-06,-76.068,-33.241,b15r,0.0
2014-02-07,-76.075,-33.312,b15r,0.0
2014-02-08,-76.098,-33.353,b15r,0.0
2014-02-09,-76.123,-33.402,b15r,0.0
2014-02-10,-76.135,-33.504,b15r,0.0
2014-02-11,-76.145,-33.566,b15r,0.0
2014-02-12,-76.137,-33.576,b15r,0.0
2014-02-13,-76.142,-33.551,b15r,0.0
2014-02-14,-76.125,-33.612,b15r,0.0
2014-02-15,-76.14,-33.575,b15r,0.0
2014-02-16,-76.144,-33.621,b15r,0.0
2014-02-17,-76.144,-33.611,b15r,0.0
2014-02-18,-76.17,-33.613,b15r,0.0
2014-02-19,-76.153,-33.706,b15r,0.0
2014-02-20,-76.1,-33.722,b15r,0.0
2014-02-21,-76.113,-33.681,b15r,0.0
2014-02-22,-76.1,-33.688,b15r,0.0
2014-02-23,-76.083,-33.645,b15r,0.0
2014-02-24,-76.055,-33.586,b15r,0.0
2014-02-25,-76.032,-33.56,b15r,0.0
2014-02-26,-76.005,-33.539,b15r,0.0
2014-02-27,-76.009,-33.479,b15r,0.0
2014-02-28,-76.023,-33.557,b15r,0.0
2014-03-01,-76.023,-33.637,b15r,0.0
2014-03-02,-76.036,-33.752,b15r,0.0
2014-03-03,-76.082,-33.802,b15r,0.0
2014-03-04,-76.098,-33.865,b15r,0.0
2014-03-05,-76.114,-33.949,b15r,0.0
2014-03-06,-76.136,-34.001,b15r,0.0
2014-03-07,-76.158,-34.108,b15r,0.0
2014-03-08,-76.175,-34.249,b15r,0.0
2014-03-09,-76.199,-34.373,b15r,0.0
2014-03-10,-76.216,-34.501,b15r,0.0
2014-03-11,-76.251,-34.684,b15r,0.0
2014-03-12,-76.294,-35.026,b15r,0.0
2014-03-13,-76.334,-35.326,b15r,0.0
2014-03-14,-76.363,-35.394,b15r,0.0
2014-03-15,-76.346,-35.429,b15r,0.0
2014-03-16,-76.321,-35.421,b15r,0.0
2014-03-17,-76.293,-35.388,b15r,0.0
2014-03-18,-76.254,-35.301,b15r,0.0
2014-03-19,-76.234,-35.249,b15r,0.0
2014-03-20,-76.197,-35.148,b15r,0.0
2014-03-21,-76.176,-35.149,b15r,0.0
2014-03-22,-76.147,-35.272,b15r,0.0
2014-03-23,-76.088,-35.225,b15r,0.0
2014-03-24,-76.012,-35.122,b15r,0.0
2014-03-25,-75.956,-35.127,b15r,0.0
2014-03-26,-75.88,-35.067,b15r,0.0
2014-03-27,-75.868,-34.967,b15r,0.0
2014-03-28,-75.822,-34.921,b15r,0.0
2014-03-29,-75.826,-34.894,b15r,0.0
2014-03-30,-75.788,-34.874,b15r,0.0
2014-03-31,-75.754,-34.816,b15r,0.0
2014-04-01,-75.723,-34.723,b15r,0.0
2014-04-02,-75.699,-34.605,b15r,0.0
2014-04-03,-75.673,-34.545,b15r,0.0
2014-04-04,-75.66,-34.519,b15r,0.0
2014-04-05,-75.62,-34.454,b15r,0.0
2014-04-06,-75.552,-34.354,b15r,0.0
2014-04-07,-75.521,-34.304,b15r,0.0
2014-04-08,-75.442,-34.22,b15r,0.0
2014-04-09,-75.396,-34.175,b15r,0.0
2014-04-10,-75.375,-34.091,b15r,0.0
2014-04-11,-75.368,-34.079,b15r,0.0
2014-04-12,-75.396,-34.102,b15r,0.0
2014-04-13,-75.491,-34.251,b15r,0.0
2014-04-14,-75.622,-34.547,b15r,0.0
2014-04-15,-75.744,-34.969,b15r,0.0
2014-04-16,-75.79,-35.079,b15r,0.0
2014-04-17,-75.808,-35.165,b15r,0.0
2014-04-18,-75.802,-35.193,b15r,0.0
2014-04-19,-75.726,-35.09,b15r,0.0
2014-04-20,-75.682,-35.046,b15r,0.0
2014-04-21,-75.694,-34.919,b15r,0.0
2014-04-22,-75.651,-34.946,b15r,0.0
2014-04-23,-75.574,-34.924,b15r,0.0
2014-04-24,-75.546,-34.883,b15r,0.0
2014-04-25,-75.535,-34.875,b15r,0.0
2014-04-26,-75.508,-34.732,b15r,0.0
2014-04-27,-75.444,-34.753,b15r,0.0
2014-04-28,-75.452,-34.676,b15r,0.0
2014-04-29,-75.459,-34.697,b15r,0.0
2014-04-30,-75.433,-34.722,b15r,0.0
2014-05-01,-75.402,-34.834,b15r,0.0
2014-05-02,-75.414,-34.671,b15r,0.0
2014-05-03,-75.447,-34.86,b15r,0.0
2014-05-04,-75.545,-35.306,b15r,0.0
2014-05-05,-75.523,-35.394,b15r,0.0
2014-05-06,-75.567,-35.519,b15r,0.0
2014-05-07,-75.567,-35.519,b15r,0.0
2014-05-08,-75.544,-35.554,b15r,0.0
2014-05-09,-75.455,-35.361,b15r,0.0
2014-05-10,-75.437,-35.41,b15r,0.0
2014-05-11,-75.402,-35.336,b15r,0.0
2014-05-12,-75.373,-35.315,b15r,0.0
2014-05-13,-75.319,-35.304,b15r,0.0
2014-05-14,-75.279,-35.276,b15r,0.0
2014-05-15,-75.25,-35.243,b15r,0.0
2014-05-16,-75.234,-35.215,b15r,0.0
2014-05-17,-75.226,-35.203,b15r,0.0
2014-05-18,-75.218,-35.209,b15r,0.0
2014-05-19,-75.207,-35.236,b15r,0.0
2014-05-20,-75.187,-35.344,b15r,0.0
2014-05-21,-75.211,-35.377,b15r,0.0
2014-05-22,-75.193,-35.434,b15r,0.0
2014-05-23,-75.179,-35.616,b15r,0.0
2014-05-24,-75.161,-35.615,b15r,0.0
2014-05-25,-75.143,-35.624,b15r,0.0
2014-05-26,-75.085,-35.578,b15r,0.0
2014-05-27,-75.037,-35.587,b15r,0.0
2014-05-28,-75.011,-35.655,b15r,0.0
2014-05-29,-74.976,-35.675,b15r,0.0
2014-05-30,-74.951,-35.739,b15r,0.0
2014-05-31,-74.929,-35.732,b15r,0.0
2014-06-01,-74.937,-35.584,b15r,0.0
2014-06-02,-74.926,-35.6,b15r,0.0
2014-06-03,-74.912,-35.576,b15r,0.0
2014-06-04,-74.906,-35.554,b15r,0.0
2014-06-05,-74.847,-35.458,b15r,0.0
2014-06-06,-74.814,-35.416,b15r,0.0
2014-06-07,-74.766,-35.338,b15r,0.0
2014-06-08,-74.721,-35.253,b15r,0.0
2014-06-09,-74.676,-35.191,b15r,0.0
2014-06-10,-74.595,-35.008,b15r,0.0
2014-06-11,-74.504,-34.983,b15r,0.0
2014-06-12,-74.469,-35.0,b15r,0.0
2014-06-13,-74.423,-35.001,b15r,0.0
2014-06-14,-74.312,-35.281,b15r,0.0
2014-06-15,-74.145,-35.258,b15r,0.0
2014-06-16,-74.069,-35.285,b15r,0.0
2014-06-17,-74.093,-35.165,b15r,0.0
2014-06-18,-74.147,-35.169,b15r,0.0
2014-06-19,-74.086,-35.058,b15r,0.0
2014-06-20,-74.2,-34.946,b15r,0.0
2014-06-21,-74.378,-34.814,b15r,0.0
2014-06-22,-74.592,-35.283,b15r,0.0
2014-06-23,-74.652,-35.724,b15r,0.0
2014-06-24,-74.649,-35.998,b15r,0.0
2014-06-25,-74.649,-35.998,b15r,0.0
2014-06-26,-74.613,-36.324,b15r,0.0
2014-06-27,-74.618,-36.414,b15r,0.0
2014-06-28,-74.581,-36.442,b15r,0.0
2014-06-29,-74.54,-36.503,b15r,0.0
2014-06-30,-74.496,-36.52,b15r,0.0
2014-07-01,-74.457,-36.557,b15r,0.0
2014-07-02,-74.479,-36.526,b15r,0.0
2014-07-03,-74.48,-36.638,b15r,0.0
2014-07-04,-74.443,-36.65,b15r,0.0
2014-07-05,-74.414,-36.674,b15r,0.0
2014-07-06,-74.375,-36.761,b15r,0.0
2014-07-07,-74.37,-36.779,b15r,0.0
2014-07-08,-74.368,-36.872,b15r,0.0
2014-07-09,-74.335,-36.901,b15r,0.0
2014-07-10,-74.359,-36.807,b15r,0.0
2014-07-11,-74.358,-36.83,b15r,0.0
2014-07-12,-74.367,-36.861,b15r,0.0
2014-07-13,-74.522,-36.871,b15r,0.0
2014-07-14,-74.522,-36.871,b15r,0.0
2014-07-15,-74.551,-36.385,b15r,0.0
2014-07-16,-74.64,-36.73,b15r,0.0
2014-07-17,-74.5,-36.67,b15r,0.0
2014-07-18,-74.506,-37.064,b15r,0.0
2014-07-19,-74.386,-37.482,b15r,0.0
2014-07-20,-74.325,-37.588,b15r,0.0
2014-07-21,-74.341,-37.538,b15r,0.0
2014-07-22,-74.341,-37.538,b15r,0.0
2014-07-23,-74.347,-37.699,b15r,0.0
2014-07-24,-74.384,-37.901,b15r,0.0
2014-07-25,-74.352,-37.954,b15r,0.0
2014-07-26,-74.322,-37.893,b15r,0.0
2014-07-27,-74.272,-37.849,b15r,0.0
2014-07-28,-74.265,-37.833,b15r,0.0
2014-07-29,-74.265,-37.749,b15r,0.0
2014-07-30,-74.265,-37.663,b15r,0.0
2014-07-31,-74.253,-37.642,b15r,0.0
2014-08-01,-74.218,-37.651,b15r,0.0
2014-08-02,-74.187,-37.583,b15r,0.0
2014-08-03,-74.2,-37.628,b15r,0.0
2014-08-04,-74.131,-37.68,b15r,0.0
2014-08-05,-74.043,-37.541,b15r,0.0
2014-08-06,-73.99,-37.434,b15r,0.0
2014-08-07,-73.952,-37.368,b15r,0.0
2014-08-08,-73.897,-37.298,b15r,0.0
2014-08-09,-73.886,-37.307,b15r,0.0
2014-08-10,-73.877,-37.328,b15r,0.0
2014-08-11,-73.854,-37.429,b15r,0.0
2014-08-12,-73.852,-37.519,b15r,0.0
2014-08-13,-73.856,-37.626,b15r,0.0
2014-08-14,-73.831,-37.647,b15r,0.0
2014-08-15,-73.802,-37.601,b15r,0.0
2014-08-16,-73.806,-37.563,b15r,0.0
2014-08-17,-73.733,-37.433,b15r,0.0
2014-08-18,-73.682,-37.311,b15r,0.0
2014-08-19,-73.67,-37.271,b15r,0.0
2014-08-20,-73.655,-37.231,b15r,0.0
2014-08-21,-73.671,-37.267,b15r,0.0
2014-08-22,-73.635,-37.342,b15r,0.0
2014-08-23,-73.525,-37.31,b15r,0.0
2014-08-24,-73.447,-37.4,b15r,0.0
2014-08-25,-73.406,-37.467,b15r,0.0
2014-08-26,-73.303,-37.564,b15r,0.0
2014-08-27,-73.25,-37.795,b15r,0.0
2014-08-28,-73.154,-38.021,b15r,0.0
2014-08-29,-73.05,-38.078,b15r,0.0
2014-08-30,-72.99,-38.157,b15r,0.0
2014-08-31,-72.902,-38.177,b15r,0.0
2014-09-01,-72.836,-38.166,b15r,0.0
2014-09-02,-72.773,-38.202,b15r,0.0
2014-09-03,-72.713,-38.177,b15r,0.0
2014-09-04,-72.683,-38.228,b15r,0.0
2014-09-05,-72.595,-38.189,b15r,0.0
2014-09-06,-72.551,-38.141,b15r,0.0
2014-09-07,-72.473,-38.185,b15r,0.0
2014-09-08,-72.378,-38.144,b15r,0.0
2014-09-09,-72.319,-38.101,b15r,0.0
2014-09-10,-72.27,-38.006,b15r,0.0
2014-09-11,-72.23,-38.06,b15r,0.0
2014-09-12,-72.215,-38.143,b15r,0.0
2014-09-13,-72.214,-38.197,b15r,0.0
2014-09-14,-72.22,-38.162,b15r,0.0
2014-09-15,-72.224,-38.257,b15r,0.0
2014-09-16,-72.254,-38.272,b15r,0.0
2014-09-17,-72.337,-38.3,b15r,0.0
2014-09-18,-72.422,-38.416,b15r,0.0
2014-09-19,-72.452,-38.6,b15r,0.0
2014-09-20,-72.404,-38.836,b15r,0.0
2014-09-21,-72.362,-38.886,b15r,0.0
2014-09-22,-72.324,-38.91,b15r,0.0
2014-09-23,-72.322,-38.982,b15r,0.0
2014-09-24,-72.342,-38.924,b15r,0.0
2014-09-25,-72.338,-38.892,b15r,0.0
2014-09-26,-72.33,-39.067,b15r,0.0
2014-09-27,-72.3,-39.397,b15r,0.0
2014-09-28,-72.237,-39.839,b15r,0.0
2014-09-29,-72.108,-40.467,b15r,0.0
2014-09-30,-71.973,-40.756,b15r,0.0
2014-10-01,-71.817,-41.115,b15r,0.0
2014-10-02,-71.762,-41.25,b15r,0.0
2014-10-03,-71.809,-41.386,b15r,0.0
2014-10-04,-71.809,-41.444,b15r,0.0
2014-10-05,-71.829,-41.477,b15r,0.0
2014-10-06,-71.836,-41.55,b15r,0.0
2014-10-07,-71.815,-41.746,b15r,0.0
2014-10-08,-71.745,-41.705,b15r,0.0
2014-10-09,-71.754,-41.782,b15r,0.0
2014-10-10,-71.717,-41.924,b15r,0.0
2014-10-11,-71.666,-41.909,b15r,0.0
2014-10-12,-71.622,-41.953,b15r,0.0
2014-10-13,-71.564,-41.975,b15r,0.0
2014-10-14,-71.596,-42.116,b15r,0.0
2014-10-15,-71.557,-42.22,b15r,0.0
2014-10-16,-71.511,-42.331,b15r,0.0
2014-10-17,-71.496,-42.348,b15r,0.0
2014-10-18,-71.47,-42.412,b15r,0.0
2014-10-19,-71.42,-42.441,b15r,0.0
2014-10-20,-71.411,-42.446,b15r,0.0
2014-10-21,-71.388,-42.314,b15r,0.0
2014-10-22,-71.43,-42.266,b15r,0.0
2014-10-23,-71.477,-42.216,b15r,0.0
2014-10-24,-71.521,-42.206,b15r,0.0
2014-10-25,-71.572,-42.416,b15r,0.0
2014-10-26,-71.657,-42.732,b15r,0.0
2014-10-27,-71.73,-42.997,b15r,0.0
2014-10-28,-71.785,-43.445,b15r,0.0
2014-10-29,-71.824,-43.756,b15r,0.0
2014-10-30,-71.816,-44.089,b15r,0.0
2014-10-31,-71.739,-44.271,b15r,0.0
2014-11-01,-71.68,-44.354,b15r,0.0
2014-11-02,-71.651,-44.482,b15r,0.0
2014-11-03,-71.668,-44.719,b15r,0.0
2014-11-04,-71.699,-45.038,b15r,0.0
2014-11-05,-71.665,-45.308,b15r,0.0
2014-11-06,-71.618,-45.472,b15r,0.0
2014-11-07,-71.573,-45.508,b15r,0.0
2014-11-08,-71.552,-45.617,b15r,0.0
2014-11-09,-71.53,-45.615,b15r,0.0
2014-11-10,-71.539,-45.6,b15r,0.0
2014-11-11,-71.537,-45.62,b15r,0.0
2014-11-12,-71.534,-45.642,b15r,0.0
2014-11-13,-71.547,-45.802,b15r,0.0
2014-11-14,-71.56,-46.032,b15r,0.0
2014-11-15,-71.503,-46.185,b15r,0.0
2014-11-16,-71.452,-46.269,b15r,0.0
2014-11-17,-71.39,-46.365,b15r,0.0
2014-11-18,-71.336,-46.434,b15r,0.0
2014-11-19,-71.317,-46.589,b15r,0.0
2014-11-20,-71.292,-46.828,b15r,0.0
2014-11-21,-71.249,-47.241,b15r,0.0
2014-11-22,-71.188,-47.628,b15r,0.0
2014-11-23,-71.164,-48.148,b15r,0.0
2014-11-24,-71.102,-48.449,b15r,0.0
2014-11-25,-71.004,-48.473,b15r,0.0
2014-11-26,-70.949,-48.458,b15r,0.0
2014-11-27,-70.962,-48.38,b15r,0.0
2014-11-28,-71.064,-48.588,b15r,0.0
2014-11-29,-71.064,-48.588,b15r,0.0
2014-11-30,-71.052,-48.708,b15r,0.0
2014-12-01,-70.844,-48.905,b15r,0.0
2014-12-02,-70.786,-48.933,b15r,0.0
2014-12-03,-70.559,-48.897,b15r,0.0
2014-12-04,-70.449,-48.981,b15r,0.0
2014-12-05,-70.489,-48.935,b15r,0.0
2014-12-06,-70.415,-48.868,b15r,0.0
2014-12-07,-70.4,-48.735,b15r,0.0
2014-12-08,-70.388,-48.597,b15r,0.0
2014-12-09,-70.372,-48.342,b15r,0.0
2014-12-10,-70.393,-48.197,b15r,0.0
2014-12-11,-70.434,-48.184,b15r,0.0
2014-12-12,-70.495,-48.305,b15r,0.0
2014-12-13,-70.537,-48.493,b15r,0.0
2014-12-14,-70.507,-48.648,b15r,0.0
2014-12-15,-70.518,-48.703,b15r,0.0
2014-12-16,-70.531,-48.718,b15r,0.0
2014-12-17,-70.546,-48.802,b15r,0.0
2014-12-18,-70.585,-48.91,b15r,0.0
2014-12-19,-70.587,-48.977,b15r,0.0
2014-12-20,-70.575,-49.05,b15r,0.0
2014-12-21,-70.57,-49.122,b15r,0.0
2014-12-22,-70.525,-49.157,b15r,0.0
2014-12-23,-70.499,-49.215,b15r,0.0
2014-12-24,-70.513,-49.314,b15r,0.0
2014-12-25,-70.52,-49.422,b15r,0.0
2014-12-26,-70.549,-49.495,b15r,0.0
2014-12-27,-70.551,-49.443,b15r,0.0
2014-12-28,-70.513,-49.476,b15r,0.0
2014-12-29,-70.459,-49.458,b15r,0.0
2014-12-30,-70.383,-49.408,b15r,0.0
2014-12-31,-70.288,-49.38,b15r,0.0
2015-01-01,-70.211,-49.345,b15r,0.0
2015-01-02,-70.159,-49.328,b15r,0.0
2015-01-03,-70.087,-49.328,b15r,0.0
2015-01-04,-70.025,-49.343,b15r,0.0
2015-01-05,-69.966,-49.403,b15r,0.0
2015-01-06,-69.891,-49.446,b15r,0.0
2015-01-07,-69.839,-49.501,b15r,0.0
2015-01-08,-69.771,-49.519,b15r,0.0
2015-01-09,-69.711,-49.508,b15r,0.0
2015-01-10,-69.649,-49.492,b15r,0.0
2015-01-11,-69.575,-49.526,b15r,0.0
2015-01-12,-69.481,-49.551,b15r,0.0
2015-01-13,-69.382,-49.589,b15r,0.0
2015-01-14,-69.294,-49.61,b15r,0.0
2015-01-15,-69.224,-49.601,b15r,0.0
2015-01-16,-69.15,-49.571,b15r,0.0
2015-01-17,-69.081,-49.631,b15r,0.0
2015-01-18,-69.05,-49.714,b15r,0.0
2015-01-19,-69.007,-49.651,b15r,0.0
2015-01-20,-68.981,-49.622,b15r,0.0
2015-01-21,-68.943,-49.614,b15r,0.0
2015-01-22,-68.942,-49.618,b15r,0.0
2015-01-23,-68.958,-49.648,b15r,0.0
2015-01-24,-68.97,-49.655,b15r,0.0
2015-01-25,-69.017,-49.672,b15r,0.0
2015-01-26,-69.038,-49.693,b15r,0.0
2015-01-27,-69.107,-49.607,b15r,0.0
2015-01-28,-69.164,-49.667,b15r,0.0
2015-01-29,-69.18,-49.654,b15r,0.0
2015-01-30,-69.17,-49.641,b15r,0.0
2015-01-31,-69.139,-49.613,b15r,0.0
2015-02-01,-69.139,-49.736,b15r,0.0
2015-02-02,-69.132,-49.787,b15r,0.0
2015-02-03,-69.09,-49.991,b15r,0.0
2015-02-04,-68.993,-50.209,b15r,0.0
2015-02-05,-68.949,-50.306,b15r,0.0
2015-02-06,-68.938,-50.277,b15r,0.0
2015-02-07,-68.93,-50.252,b15r,0.0
2015-02-08,-68.91,-50.27,b15r,0.0
2015-02-09,-68.87,-50.32,b15r,0.0
2015-02-10,-68.821,-50.265,b15r,0.0
2015-02-11,-68.804,-50.227,b15r,0.0
2015-02-12,-68.814,-50.232,b15r,0.0
2015-02-13,-68.795,-50.236,b15r,0.0
2015-02-14,-68.747,-50.273,b15r,0.0
2015-02-15,-68.734,-50.205,b15r,0.0
2015-02-16,-68.73,-50.293,b15r,0.0
2015-02-17,-68.715,-50.306,b15r,0.0
2015-02-18,-68.711,-50.328,b15r,0.0
2015-02-19,-68.685,-50.377,b15r,0.0
2015-02-20,-68.661,-50.451,b15r,0.0
2015-02-21,-68.607,-50.475,b15r,0.0
2015-02-22,-68.565,-50.473,b15r,0.0
2015-02-23,-68.511,-50.554,b15r,0.0
2015-02-24,-68.461,-50.583,b15r,0.0
2015-02-25,-68.381,-50.603,b15r,0.0
2015-02-26,-68.27,-50.675,b15r,0.0
2015-02-27,-68.127,-50.864,b15r,0.0
2015-02-28,-68.038,-50.797,b15r,0.0
2015-03-01,-67.951,-50.836,b15r,0.0
2015-03-02,-67.876,-50.85,b15r,0.0
2015-03-03,-67.808,-50.774,b15r,0.0
2015-03-04,-67.78,-50.771,b15r,0.0
2015-03-05,-67.719,-50.79,b15r,0.0
2015-03-06,-67.71,-50.785,b15r,0.0
2015-03-07,-67.704,-50.744,b15r,0.0
2015-03-08,-67.71,-50.763,b15r,0.0
2015-03-09,-67.721,-50.81,b15r,0.0
2015-03-10,-67.695,-50.789,b15r,0.0
2015-03-11,-67.694,-50.795,b15r,0.0
2015-03-12,-67.679,-50.826,b15r,0.0
2015-03-13,-67.705,-50.798,b15r,0.0
2015-03-14,-67.719,-50.687,b15r,0.0
2015-03-15,-67.652,-50.608,b15r,0.0
2015-03-16,-67.563,-50.464,b15r,0.0
2015-03-17,-67.524,-50.415,b15r,0.0
2015-03-18,-67.473,-50.355,b15r,0.0
2015-03-19,-67.45,-50.276,b15r,0.0
2015-03-20,-67.403,-50.288,b15r,0.0
2015-03-21,-67.32,-50.371,b15r,0.0
2015-03-22,-67.276,-50.382,b15r,0.0
2015-03-23,-67.226,-50.341,b15r,0.0
2015-03-24,-67.204,-50.191,b15r,0.0
2015-03-25,-67.132,-49.988,b15r,0.0
2015-03-26,-67.026,-50.011,b15r,0.0
2015-03-27,-66.994,-49.92,b15r,0.0
2015-03-28,-66.949,-49.826,b15r,0.0
2015-03-29,-66.877,-49.815,b15r,0.0
2015-03-30,-66.875,-49.637,b15r,0.0
2015-03-31,-66.907,-49.515,b15r,0.0
2015-04-01,-66.915,-49.416,b15r,0.0
2015-04-02,-66.904,-49.352,b15r,0.0
2015-04-03,-66.868,-49.517,b15r,0.0
2015-04-04,-66.723,-49.707,b15r,0.0
2015-04-05,-66.571,-49.748,b15r,0.0
2015-04-06,-66.461,-49.73,b15r,0.0
2015-04-07,-66.316,-49.795,b15r,0.0
2015-04-08,-66.224,-49.867,b15r,0.0
2015-04-09,-66.161,-49.773,b15r,0.0
2015-04-10,-66.158,-49.725,b15r,0.0
2015-04-11,-66.148,-49.559,b15r,0.0
2015-04-12,-66.18,-49.391,b15r,0.0
2015-04-13,-66.105,-49.188,b15r,0.0
2015-04-14,-66.079,-48.988,b15r,0.0
2015-04-15,-66.042,-48.858,b15r,0.0
2015-04-16,-66.019,-48.746,b15r,0.0
2015-04-17,-66.046,-48.768,b15r,0.0
2015-04-18,-66.062,-48.894,b15r,0.0
2015-04-19,-66.118,-48.882,b15r,0.0
2015-04-20,-66.158,-48.798,b15r,0.0
2015-04-21,-66.198,-48.796,b15r,0.0
2015-04-22,-66.221,-48.805,b15r,0.0
2015-04-23,-66.23,-48.828,b15r,0.0
2015-04-24,-66.181,-48.878,b15r,0.0
2015-04-25,-66.144,-48.864,b15r,0.0
2015-04-26,-66.109,-48.834,b15r,0.0
2015-04-27,-66.053,-48.839,b15r,0.0
2015-04-28,-66.034,-48.7,b15r,0.0
2015-04-29,-66.024,-48.43,b15r,0.0
2015-04-30,-66.035,-48.348,b15r,0.0
2015-05-01,-65.965,-48.244,b15r,0.0
2015-05-02,-65.909,-48.311,b15r,0.0
2015-05-03,-65.892,-48.46,b15r,0.0
2015-05-04,-65.861,-48.542,b15r,0.0
2015-05-05,-65.768,-48.834,b15r,0.0
2015-05-06,-65.673,-48.989,b15r,0.0
2015-05-07,-65.647,-49.049,b15r,0.0
2015-05-08,-65.587,-49.146,b15r,0.0
2015-05-09,-65.536,-49.001,b15r,0.0
2015-05-10,-65.523,-48.974,b15r,0.0
2015-05-11,-65.511,-48.938,b15r,0.0
2015-05-12,-65.456,-48.817,b15r,0.0
2015-05-13,-65.418,-48.761,b15r,0.0
2015-05-14,-65.406,-48.735,b15r,0.0
2015-05-15,-65.391,-48.725,b15r,0.0
2015-05-16,-65.341,-48.741,b15r,0.0
2015-05-17,-65.251,-48.695,b15r,0.0
2015-05-18,-65.23,-48.738,b15r,0.0
2015-05-19,-65.198,-48.763,b15r,0.0
2015-05-20,-65.173,-48.769,b15r,0.0
2015-05-21,-65.15,-48.777,b15r,0.0
2015-05-22,-65.197,-48.872,b15r,0.0
2015-05-23,-65.184,-48.897,b15r,0.0
2015-05-24,-65.131,-48.972,b15r,0.0
2015-05-25,-65.123,-49.035,b15r,0.0
2015-05-26,-65.011,-49.348,b15r,0.0
2015-05-27,-64.974,-49.403,b15r,0.0
2015-05-28,-64.957,-49.397,b15r,0.0
2015-05-29,-64.912,-49.293,b15r,0.0
2015-05-30,-64.897,-49.184,b15r,0.0
2015-05-31,-64.746,-48.978,b15r,0.0
2015-06-01,-64.641,-48.71,b15r,0.0
2015-06-02,-64.544,-48.525,b15r,0.0
2015-06-03,-64.506,-48.313,b15r,0.0
2015-06-04,-64.469,-48.356,b15r,0.0
2015-06-05,-64.421,-48.259,b15r,0.0
2015-06-06,-64.386,-48.265,b15r,0.0
2015-06-07,-64.384,-48.239,b15r,0.0
2015-06-08,-64.383,-48.217,b15r,0.0
2015-06-09,-64.415,-48.13,b15r,0.0
2015-06-10,-64.42,-47.963,b15r,0.0
2015-06-11,-64.467,-47.733,b15r,0.0
2015-06-12,-64.422,-47.71,b15r,0.0
2015-06-13,-64.345,-47.715,b15r,0.0
2015-06-14,-64.276,-47.72,b15r,0.0
2015-06-15,-64.2,-47.614,b15r,0.0
2015-06-16,-64.1,-47.608,b15r,0.0
2015-06-17,-64.03,-47.689,b15r,0.0
2015-06-18,-64.067,-47.676,b15r,0.0
2015-06-19,-64.036,-47.698,b15r,0.0
2015-06-20,-64.031,-47.703,b15r,0.0
2015-06-21,-64.027,-47.716,b15r,0.0
2015-06-22,-64.024,-47.733,b15r,0.0
2015-06-23,-63.992,-47.861,b15r,0.0
2015-06-24,-63.97,-47.845,b15r,0.0
2015-06-25,-63.945,-47.869,b15r,0.0
2015-06-26,-63.94,-47.874,b15r,0.0
2015-06-27,-63.918,-47.771,b15r,0.0
2015-06-28,-63.903,-47.652,b15r,0.0
2015-06-29,-63.867,-47.432,b15r,0.0
2015-06-30,-63.831,-47.222,b15r,0.0
2015-07-01,-63.715,-46.932,b15r,0.0
2015-07-02,-63.691,-46.835,b15r,0.0
2015-07-03,-63.591,-46.712,b15r,0.0
2015-07-04,-63.55,-46.486,b15r,0.0
2015-07-05,-63.435,-46.371,b15r,0.0
2015-07-06,-63.283,-46.244,b15r,0.0
2015-07-07,-63.227,-46.149,b15r,0.0
2015-07-08,-63.176,-45.894,b15r,0.0
2015-07-09,-63.131,-45.605,b15r,0.0
2015-07-10,-63.14,-45.317,b15r,0.0
2015-07-11,-63.178,-45.151,b15r,0.0
2015-07-12,-63.175,-45.039,b15r,0.0
2015-07-13,-63.162,-44.762,b15r,0.0
2015-07-14,-63.14,-44.434,b15r,0.0
2015-07-15,-63.105,-44.227,b15r,0.0
2015-07-16,-63.076,-44.008,b15r,0.0
2015-07-17,-63.054,-43.852,b15r,0.0
2015-07-18,-63.051,-43.548,b15r,0.0
2015-07-19,-63.049,-42.982,b15r,0.0
2015-07-20,-63.016,-42.654,b15r,0.0
2015-07-21,-63.015,-42.476,b15r,0.0
2015-07-22,-63.015,-42.476,b15r,0.0
2015-07-23,-62.881,-42.007,b15r,0.0
2015-07-24,-62.785,-41.619,b15r,0.0
2015-07-25,-62.677,-41.272,b15r,0.0
2015-07-26,-62.661,-41.015,b15r,0.0
2015-07-27,-62.661,-41.015,b15r,0.0
2015-07-28,-62.576,-40.912,b15r,0.0
2015-07-29,-62.654,-40.918,b15r,0.0
2015-07-30,-62.637,-40.831,b15r,0.0
2015-07-31,-62.539,-40.658,b15r,0.0
2015-08-01,-62.553,-40.637,b15r,0.0
2015-08-02,-62.583,-40.537,b15r,0.0
2015-08-03,-62.6,-40.36,b15r,0.0
2015-08-04,-62.61,-40.336,b15r,0.0
2015-08-05,-62.605,-40.213,b15r,0.0
2015-08-06,-62.676,-39.963,b15r,0.0
2015-08-07,-62.679,-39.913,b15r,0.0
2015-08-08,-62.738,-39.539,b15r,0.0
2015-08-09,-62.682,-39.23,b15r,0.0
2015-08-10,-62.624,-38.811,b15r,0.0
2015-08-11,-62.571,-38.411,b15r,0.0
2015-08-12,-62.534,-38.121,b15r,0.0
2015-08-13,-62.513,-37.72,b15r,0.0
2015-08-14,-62.442,-37.377,b15r,0.0
2015-08-15,-62.346,-36.847,b15r,0.0
2015-08-16,-62.346,-36.847,b15r,0.0
2015-08-17,-62.372,-36.62,b15r,0.0
2015-08-18,-62.398,-36.234,b15r,0.0
2015-08-19,-62.152,-35.902,b15r,0.0
2015-08-20,-61.974,-35.581,b15r,0.0
2015-08-21,-61.974,-35.581,b15r,0.0
2015-08-22,-61.591,-35.346,b15r,0.0
2015-08-23,-61.591,-35.346,b15r,0.0
2015-08-24,-61.497,-35.23,b15r,0.0
2015-08-25,-61.422,-34.893,b15r,0.0
2015-08-26,-61.422,-34.893,b15r,0.0
2015-08-27,-61.398,-34.254,b15r,0.0
2015-08-28,-61.409,-34.367,b15r,0.0
2015-08-29,-61.41,-34.212,b15r,0.0
2015-08-30,-61.376,-34.108,b15r,0.0
2015-08-31,-61.384,-34.027,b15r,0.0
2015-09-01,-61.47,-33.744,b15r,0.0
2015-09-02,-61.478,-33.676,b15r,0.0
2015-09-03,-61.505,-33.57,b15r,0.0
2015-09-04,-61.466,-33.417,b15r,0.0
2015-09-05,-61.457,-33.381,b15r,0.0
2015-09-06,-61.344,-33.279,b15r,0.0
2015-09-07,-61.315,-33.256,b15r,0.0
2015-09-08,-61.268,-33.112,b15r,0.0
2015-09-09,-61.243,-32.928,b15r,0.0
2015-09-10,-61.221,-32.899,b15r,0.0
2015-09-11,-61.17,-32.724,b15r,0.0
2015-09-12,-61.174,-32.601,b15r,0.0
2015-09-13,-61.174,-32.532,b15r,0.0
2015-09-14,-61.174,-32.45,b15r,0.0
2015-09-15,-61.174,-32.362,b15r,0.0
2015-09-16,-61.174,-32.271,b15r,0.0
2015-09-17,-61.195,-31.85,b15r,0.0
2015-09-18,-61.195,-31.77,b15r,0.0
2015-09-19,-61.219,-31.641,b15r,0.0
2015-09-20,-61.212,-31.573,b15r,0.0
2015-09-21,-61.183,-31.459,b15r,0.0
2015-09-22,-61.131,-31.318,b15r,0.0
2015-09-23,-61.045,-31.202,b15r,0.0
2015-09-24,-60.954,-31.12,b15r,0.0
2015-09-25,-60.902,-30.872,b15r,0.0
2015-09-26,-60.842,-30.566,b15r,0.0
2015-09-27,-60.759,-30.381,b15r,0.0
2015-09-28,-60.564,-30.184,b15r,0.0
2015-09-29,-60.397,-29.946,b15r,0.0
2015-09-30,-60.278,-29.753,b15r,0.0
2015-10-01,-60.215,-29.644,b15r,0.0
2015-10-02,-60.141,-29.443,b15r,0.0
2015-10-03,-60.083,-29.279,b15r,0.0
2015-10-04,-60.033,-29.153,b15r,0.0
2015-10-05,-59.932,-29.073,b15r,0.0
2015-10-06,-59.915,-29.012,b15r,0.0
2015-10-07,-59.882,-28.873,b15r,0.0
2015-10-08,-59.876,-28.704,b15r,0.0
2015-10-09,-59.854,-28.638,b15r,0.0
2015-10-10,-59.731,-28.393,b15r,0.0
2015-10-11,-59.696,-28.313,b15r,0.0
2015-10-12,-59.659,-28.23,b15r,0.0
2015-10-13,-59.62,-28.149,b15r,0.0
2015-10-14,-59.584,-28.072,b15r,0.0
2015-10-15,-59.552,-28.005,b15r,0.0
2015-10-16,-59.417,-27.453,b15r,0.0
2015-10-17,-59.396,-27.406,b15r,0.0
2015-10-18,-59.377,-27.361,b15r,0.0
2015-10-19,-59.359,-27.318,b15r,0.0
2015-10-20,-59.343,-27.28,b15r,0.0
2015-10-21,-59.329,-27.249,b15r,0.0
2015-10-22,-59.314,-27.145,b15r,0.0
2015-10-23,-59.305,-27.131,b15r,0.0
2015-10-24,-59.299,-27.124,b15r,0.0
2015-10-25,-59.294,-27.12,b15r,0.0
2015-10-26,-59.311,-27.117,b15r,0.0
2015-10-27,-59.307,-27.114,b15r,0.0
2015-10-28,-59.303,-27.111,b15r,0.0
2015-10-29,-59.299,-27.106,b15r,0.0
2015-10-30,-59.294,-27.098,b15r,0.0
2015-10-31,-59.287,-27.075,b15r,0.0
2015-11-01,-59.281,-27.027,b15r,0.0
2015-11-02,-59.274,-26.965,b15r,0.0
2015-11-03,-59.266,-26.897,b15r,0.0
2015-11-04,-59.257,-26.832,b15r,0.0
2015-11-05,-59.247,-26.78,b15r,0.0
2015-11-06,-59.235,-26.748,b15r,0.0
2015-11-07,-59.22,-26.733,b15r,0.0
2015-11-08,-59.201,-26.722,b15r,0.0
2015-11-09,-59.003,-26.483,b15r,0.0
2015-11-10,-58.78,-26.192,b15r,0.0
2015-11-11,-58.726,-26.113,b15r,0.0
2015-11-12,-58.697,-26.102,b15r,0.0
2015-11-13,-58.668,-26.088,b15r,0.0
2015-11-14,-58.669,-26.093,b15r,0.0
2015-11-15,-58.669,-26.093,b15r,0.0
2015-11-16,-58.669,-26.093,b15r,0.0
2015-11-17,-58.669,-26.093,b15r,0.0
2015-11-18,-58.669,-26.093,b15r,0.0
2015-11-19,-58.669,-26.093,b15r,0.0
2015-11-20,-57.505,-24.431,b15r,0.0
2015-11-21,-58.669,-26.093,b15r,0.0
2015-11-22,-58.669,-26.093,b15r,0.0
2015-11-23,-58.386,-25.758,b15r,0.0
2015-11-24,-58.096,-25.368,b15r,0.0
2015-11-25,-57.898,-25.033,b15r,0.0
2015-11-26,-57.687,-24.656,b15r,0.0
2015-11-27,-57.338,-24.249,b15r,0.0
2015-11-28,-57.589,-24.362,b15r,0.0
2015-11-29,-57.69,-24.337,b15r,0.0
2015-11-30,-57.829,-24.314,b15r,0.0
2015-12-01,-57.979,-24.293,b15r,0.0
2015-12-02,-58.118,-24.277,b15r,0.0
2015-12-03,-58.219,-24.267,b15r,0.0
2015-12-04,-58.258,-24.263,b15r,0.0
2015-12-05,-58.897,-24.172,b15r,0.0
2015-12-06,-58.856,-24.184,b15r,0.0
2015-12-07,-58.796,-24.201,b15r,0.0
2015-12-08,-58.726,-24.22,b15r,0.0
2015-12-09,-58.622,-24.258,b15r,0.0
2015-12-10,-58.532,-24.187,b15r,0.0
2015-12-11,-58.302,-24.298,b15r,0.0
2015-12-12,-58.337,-24.303,b15r,0.0
2015-12-13,-58.429,-24.306,b15r,0.0
2015-12-14,-59.357,-24.33,b15r,0.0
2015-12-15,-59.501,-24.332,b15r,0.0
2015-12-16,-59.641,-24.335,b15r,0.0
2015-12-17,-59.756,-24.339,b15r,0.0
2015-12-18,-59.826,-24.344,b15r,0.0
2015-12-19,-59.819,-24.254,b15r,0.0
2015-12-20,-59.819,-24.254,b15r,0.0
2015-12-21,-59.819,-24.254,b15r,0.0
2015-12-22,-59.819,-24.254,b15r,0.0
2015-12-23,-59.819,-24.254,b15r,0.0
2015-12-24,-59.819,-24.254,b15r,0.0
2015-12-25,-59.819,-24.254,b15r,0.0
2015-12-26,-59.819,-24.254,b15r,0.0
2015-12-27,-60.879,-25.511,b15r,0.0
2015-12-28,-60.879,-25.511,b15r,0.0
2015-12-29,-60.879,-25.511,b15r,0.0
2015-12-30,-60.879,-25.511,b15r,0.0
2015-12-31,-60.879,-25.511,b15r,0.0
2016-01-01,-60.585,-25.676,b15r,0.0
2016-01-02,-60.521,-25.69,b15r,0.0
2016-01-03,-60.502,-25.625,b15r,0.0
2016-01-04,-60.476,-25.537,b15r,0.0
2016-01-05,-60.448,-25.442,b15r,0.0
2016-01-06,-60.422,-25.354,b15r,0.0
2016-01-07,-60.403,-25.289,b15r,0.0
2016-01-08,-60.294,-24.829,b15r,0.0
2016-01-09,-60.236,-24.787,b15r,0.0
2016-01-10,-60.248,-24.788,b15r,0.0
2016-01-11,-60.324,-24.937,b15r,0.0
2016-01-12,-60.375,-24.919,b15r,0.0
2016-01-13,-60.399,-24.921,b15r,0.0
2016-01-14,-60.423,-24.922,b15r,0.0
2016-01-15,-60.552,-24.712,b15r,0.0
2016-01-16,-60.515,-24.831,b15r,0.0
2016-01-17,-60.515,-24.831,b15r,0.0
2016-01-18,-60.515,-24.831,b15r,0.0
2016-01-19,-60.515,-24.831,b15r,0.0
2016-01-20,-60.515,-24.831,b15r,0.0
2016-01-21,-60.559,-24.785,b15r,0.0
2016-01-22,-60.559,-24.785,b15r,0.0
2016-01-23,-60.559,-24.785,b15r,0.0
2016-01-24,-60.559,-24.785,b15r,0.0
2016-01-25,-60.559,-24.785,b15r,0.0
2016-01-26,-60.559,-24.785,b15r,0.0
2016-01-27,-60.559,-24.785,b15r,0.0
2016-01-28,-61.287,-21.428,b15r,0.0
2016-01-29,-61.261,-21.427,b15r,0.0
2016-01-30,-61.221,-21.438,b15r,0.0
2016-01-31,-60.898,-20.893,b15r,0.0
2016-02-01,-60.574,-20.348,b15r,0.0
2016-02-02,-60.574,-20.348,b15r,0.0
2016-02-03,-60.574,-20.348,b15r,0.0
2016-02-04,-60.574,-20.348,b15r,0.0
2016-02-05,-60.574,-20.348,b15r,0.0
2016-02-06,-60.608,-20.068,b15r,0.0
2016-02-07,-60.608,-20.068,b15r,0.0
2016-02-08,-60.51,-19.126,b15r,0.0
2016-02-09,-60.413,-18.183,b15r,0.0
2016-02-10,-60.413,-18.183,b15r,0.0
2016-02-11,-60.413,-18.183,b15r,0.0
2016-02-12,-60.413,-18.183,b15r,0.0
2016-02-13,-60.413,-18.183,b15r,0.0
2016-02-14,-60.413,-18.183,b15r,0.0
2016-02-15,-60.413,-18.183,b15r,0.0
2016-02-16,-60.413,-18.183,b15r,0.0
2016-02-17,-60.135,-17.34,b15r,0.0
2016-02-18,-60.135,-17.34,b15r,0.0
2016-02-19,-60.135,-17.34,b15r,0.0
2016-02-20,-60.135,-17.34,b15r,0.0
2016-02-21,-60.135,-17.34,b15r,0.0
2016-02-22,-60.135,-17.34,b15r,0.0
2016-02-23,-60.135,-17.34,b15r,0.0
2016-02-24,-60.135,-17.34,b15r,0.0
2016-02-25,-60.135,-17.34,b15r,0.0
2016-02-26,-60.135,-17.34,b15r,0.0
2016-02-27,-60.135,-17.34,b15r,0.0
2016-02-28,-60.135,-17.34,b15r,0.0
2016-02-29,-60.135,-17.34,b15r,0.0
2016-03-01,-60.135,-17.34,b15r,0.0
2016-03-02,-59.705,-16.987,b15r,0.0
2016-03-03,-58.908,-16.33,b15r,0.0
2016-03-04,-58.481,-16.23,b15r,0.0
2016-03-05,-58.477,-16.146,b15r,0.0
2016-03-06,-58.484,-16.317,b15r,0.0
2016-03-07,-58.482,-16.228,b15r,0.0
2016-03-08,-58.48,-16.136,b15r,0.0
2016-03-09,-58.477,-16.037,b15r,0.0
2016-03-10,-58.387,-15.705,b15r,0.0
2016-03-11,-58.296,-15.322,b15r,0.0
2016-03-12,-58.291,-15.14,b15r,0.0
2016-03-13,-58.3,-14.978,b15r,0.0
2016-03-14,-58.378,-14.244,b15r,0.0
2016-03-15,-58.324,-14.081,b15r,0.0
2016-03-16,-58.315,-13.355,b15r,0.0
2016-03-17,-58.255,-13.195,b15r,0.0
2016-03-18,-58.257,-12.992,b15r,0.0
2016-03-19,-58.2,-12.845,b15r,0.0
2016-03-20,-58.136,-12.69,b15r,0.0
2016-03-21,-58.068,-12.535,b15r,0.0
2016-03-22,-57.898,-12.308,b15r,0.0
2016-03-23,-57.59,-11.978,b15r,0.0
2016-03-24,-57.242,-11.614,b15r,0.0
2016-03-25,-56.953,-11.286,b15r,0.0
2016-03-26,-56.817,-11.051,b15r,0.0
2016-03-27,-56.835,-10.905,b15r,0.0
2016-03-28,-56.811,-10.868,b15r,0.0
2016-03-29,-56.789,-10.835,b15r,0.0
2016-03-30,-56.766,-10.802,b15r,0.0
2016-03-31,-56.763,-10.785,b15r,0.0
2016-04-01,-56.734,-10.741,b15r,0.0
2016-04-02,-56.584,-10.519,b15r,0.0
2016-04-03,-56.533,-10.446,b15r,0.0
2016-04-04,-56.479,-10.366,b15r,0.0
2016-04-05,-56.417,-10.149,b15r,0.0
2016-04-06,-56.146,-9.784,b15r,0.0
2016-04-07,-56.113,-9.738,b15r,0.0
2016-04-08,-56.099,-9.721,b15r,0.0
2016-04-09,-56.097,-9.721,b15r,0.0
2016-04-10,-56.095,-9.724,b15r,0.0
2016-04-11,-56.1,-9.44,b15r,0.0
2016-04-12,-56.098,-9.445,b15r,0.0
2016-04-13,-56.097,-9.451,b15r,0.0
2016-04-14,-56.097,-9.458,b15r,0.0
2016-04-15,-56.014,-9.943,b15r,0.0
2016-04-16,-56.017,-9.958,b15r,0.0
2016-04-17,-55.992,-10.151,b15r,0.0
2016-04-18,-56.0,-10.183,b15r,0.0
2016-04-19,-56.009,-10.217,b15r,0.0
2016-04-20,-56.017,-10.247,b15r,0.0
2016-04-21,-56.023,-10.268,b15r,0.0
2016-04-22,-56.025,-10.277,b15r,0.0
2016-04-23,-56.014,-10.262,b15r,0.0
2016-04-24,-55.985,-10.223,b15r,0.0
2016-04-25,-55.908,-9.894,b15r,0.0
2016-04-26,-55.828,-9.556,b15r,0.0
2016-04-27,-55.788,-9.493,b15r,0.0
2016-04-28,-55.757,-9.436,b15r,0.0
2016-04-29,-55.744,-9.396,b15r,0.0
2016-04-30,-55.69,-9.475,b15r,0.0
2016-05-01,-55.664,-9.449,b15r,0.0
2016-05-02,-55.663,-9.424,b15r,0.0
2016-05-03,-55.662,-9.401,b15r,0.0
2016-05-04,-55.661,-9.382,b15r,0.0
2016-05-05,-55.696,-9.358,b15r,0.0
2016-05-06,-55.696,-9.347,b15r,0.0
2016-05-07,-55.758,-9.494,b15r,0.0
2016-05-08,-55.758,-9.494,b15r,0.0
2007-12-23,-67.32,77.93,b15t,0.0
2007-12-24,-67.32,77.93,b15t,0.0
2007-12-25,-67.32,77.93,b15t,0.0
2007-12-26,-67.32,77.93,b15t,0.0
2007-12-27,-67.32,77.93,b15t,0.0
2007-12-28,-67.32,77.93,b15t,0.0
2007-12-29,-67.32,77.93,b15t,0.0
2007-12-30,-67.32,77.93,b15t,0.0
2007-12-31,-67.32,77.93,b15t,0.0
2008-01-01,-67.32,77.93,b15t,0.0
2008-01-02,-67.32,77.93,b15t,0.0
2008-01-03,-67.32,77.93,b15t,0.0
2008-01-04,-67.32,77.93,b15t,0.0
2008-01-05,-67.32,77.93,b15t,0.0
2008-01-06,-67.32,77.93,b15t,0.0
2008-01-07,-67.32,77.93,b15t,0.0
2008-01-08,-67.32,77.93,b15t,0.0
2008-01-09,-67.32,77.93,b15t,0.0
2008-01-10,-67.32,77.93,b15t,0.0
2008-01-11,-67.32,77.93,b15t,0.0
2008-01-12,-67.32,77.93,b15t,0.0
2008-01-13,-67.32,77.93,b15t,0.0
2008-01-14,-67.32,77.93,b15t,0.0
2008-01-15,-67.32,77.93,b15t,0.0
2008-01-16,-67.32,77.93,b15t,0.0
2008-01-17,-67.32,77.93,b15t,0.0
2008-01-18,-67.32,77.93,b15t,0.0
2008-01-19,-67.32,77.93,b15t,0.0
2008-01-20,-67.32,77.93,b15t,0.0
2008-01-21,-67.32,77.93,b15t,0.0
2008-01-22,-67.32,77.93,b15t,0.0
2008-01-23,-67.32,77.93,b15t,0.0
2008-01-24,-67.32,77.93,b15t,0.0
2008-01-25,-67.32,77.93,b15t,0.0
2008-01-26,-67.32,77.93,b15t,0.0
2008-01-27,-67.32,77.93,b15t,0.0
2008-01-28,-67.32,77.93,b15t,0.0
2008-01-29,-67.32,77.93,b15t,0.0
2008-01-30,-67.32,77.93,b15t,0.0
2008-01-31,-67.32,77.93,b15t,0.0
2008-02-01,-67.32,77.93,b15t,0.0
2008-02-02,-67.32,77.93,b15t,0.0
2008-02-03,-67.32,77.93,b15t,0.0
2008-02-04,-67.32,77.93,b15t,0.0
2008-02-05,-67.32,77.93,b15t,0.0
2008-02-06,-67.32,77.93,b15t,0.0
2008-02-07,-67.32,77.93,b15t,0.0
2008-02-08,-67.32,77.93,b15t,0.0
2008-02-09,-67.32,77.93,b15t,0.0
2008-02-10,-67.32,77.93,b15t,0.0
2008-02-11,-67.322,77.933,b15t,0.0
2008-02-12,-67.326,77.94,b15t,0.0
2008-02-13,-67.332,77.95,b15t,0.0
2008-02-14,-67.338,77.96,b15t,0.0
2008-02-15,-67.344,77.97,b15t,0.0
2008-02-16,-67.348,77.977,b15t,0.0
2008-02-17,-67.35,77.98,b15t,0.0
2008-02-18,-67.349,77.978,b15t,0.0
2008-02-19,-67.346,77.974,b15t,0.0
2008-02-20,-67.342,77.968,b15t,0.0
2008-02-21,-67.338,77.962,b15t,0.0
2008-02-22,-67.334,77.956,b15t,0.0
2008-02-23,-67.331,77.952,b15t,0.0
2008-02-24,-67.33,77.95,b15t,0.0
2008-02-25,-67.334,77.957,b15t,0.0
2008-02-26,-67.344,77.976,b15t,0.0
2008-02-27,-67.358,78.001,b15t,0.0
2008-02-28,-67.372,78.029,b15t,0.0
2008-02-29,-67.386,78.054,b15t,0.0
2008-03-01,-67.396,78.073,b15t,0.0
2008-03-02,-67.4,78.08,b15t,0.0
2008-03-03,-67.399,78.079,b15t,0.0
2008-03-04,-67.396,78.078,b15t,0.0
2008-03-05,-67.392,78.076,b15t,0.0
2008-03-06,-67.388,78.074,b15t,0.0
2008-03-07,-67.384,78.072,b15t,0.0
2008-03-08,-67.381,78.071,b15t,0.0
2008-03-09,-67.38,78.07,b15t,0.0
2008-03-10,-67.38,78.07,b15t,0.0
2008-03-11,-67.38,78.07,b15t,0.0
2008-03-12,-67.38,78.07,b15t,0.0
2008-03-13,-67.38,78.07,b15t,0.0
2008-03-14,-67.38,78.07,b15t,0.0
2008-03-15,-67.38,78.07,b15t,0.0
2008-03-16,-67.38,78.07,b15t,0.0
2008-03-17,-67.38,78.07,b15t,0.0
2008-03-18,-67.38,78.07,b15t,0.0
2008-03-19,-67.38,78.07,b15t,0.0
2008-03-20,-67.38,78.07,b15t,0.0
2008-03-21,-67.38,78.07,b15t,0.0
2008-03-22,-67.38,78.07,b15t,0.0
2008-03-23,-67.38,78.07,b15t,0.0
2008-03-24,-67.38,78.07,b15t,0.0
2008-03-25,-67.38,78.07,b15t,0.0
2008-03-26,-67.38,78.07,b15t,0.0
2008-03-27,-67.38,78.07,b15t,0.0
2008-03-28,-67.38,78.07,b15t,0.0
2008-03-29,-67.38,78.07,b15t,0.0
2008-03-30,-67.38,78.07,b15t,0.0
2008-03-31,-67.38,78.07,b15t,0.0
2008-04-01,-67.38,78.07,b15t,0.0
2008-04-02,-67.38,78.07,b15t,0.0
2008-04-03,-67.38,78.07,b15t,0.0
2008-04-04,-67.38,78.07,b15t,0.0
2008-04-05,-67.38,78.07,b15t,0.0
2008-04-06,-67.38,78.07,b15t,0.0
2008-04-07,-67.38,78.07,b15t,0.0
2008-04-08,-67.38,78.07,b15t,0.0
2008-04-09,-67.38,78.07,b15t,0.0
2008-04-10,-67.38,78.07,b15t,0.0
2008-04-11,-67.38,78.07,b15t,0.0
2008-04-12,-67.38,78.07,b15t,0.0
2008-04-13,-67.38,78.07,b15t,0.0
2008-04-14,-67.38,78.07,b15t,0.0
2008-04-15,-67.38,78.07,b15t,0.0
2008-04-16,-67.38,78.07,b15t,0.0
2008-04-17,-67.38,78.07,b15t,0.0
2008-04-18,-67.38,78.07,b15t,0.0
2008-04-19,-67.38,78.07,b15t,0.0
2008-04-20,-67.38,78.07,b15t,0.0
2008-04-21,-67.38,78.07,b15t,0.0
2008-04-22,-67.38,78.07,b15t,0.0
2008-04-23,-67.38,78.07,b15t,0.0
2008-04-24,-67.38,78.07,b15t,0.0
2008-04-25,-67.38,78.07,b15t,0.0
2008-04-26,-67.38,78.07,b15t,0.0
2008-04-27,-67.38,78.07,b15t,0.0
2008-04-28,-67.38,78.07,b15t,0.0
2008-04-29,-67.38,78.07,b15t,0.0
2008-04-30,-67.38,78.07,b15t,0.0
2008-05-01,-67.38,78.07,b15t,0.0
2008-05-02,-67.38,78.07,b15t,0.0
2008-05-03,-67.38,78.07,b15t,0.0
2008-05-04,-67.38,78.07,b15t,0.0
2008-05-05,-67.38,78.07,b15t,0.0
2008-05-06,-67.38,78.07,b15t,0.0
2008-05-07,-67.38,78.07,b15t,0.0
2008-05-08,-67.38,78.07,b15t,0.0
2008-05-09,-67.38,78.07,b15t,0.0
2008-05-10,-67.38,78.07,b15t,0.0
2008-05-11,-67.38,78.07,b15t,0.0
2008-05-12,-67.38,78.07,b15t,0.0
2008-05-13,-67.38,78.07,b15t,0.0
2008-05-14,-67.38,78.07,b15t,0.0
2008-05-15,-67.38,78.07,b15t,0.0
2008-05-16,-67.38,78.07,b15t,0.0
2008-05-17,-67.38,78.07,b15t,0.0
2008-05-18,-67.38,78.07,b15t,0.0
2008-05-19,-67.38,78.07,b15t,0.0
2008-05-20,-67.38,78.07,b15t,0.0
2008-05-21,-67.38,78.07,b15t,0.0
2008-05-22,-67.38,78.07,b15t,0.0
2008-05-23,-67.38,78.07,b15t,0.0
2008-05-24,-67.38,78.07,b15t,0.0
2008-05-25,-67.38,78.07,b15t,0.0
2008-05-26,-67.38,78.07,b15t,0.0
2008-05-27,-67.38,78.07,b15t,0.0
2008-05-28,-67.38,78.07,b15t,0.0
2008-05-29,-67.38,78.07,b15t,0.0
2008-05-30,-67.38,78.07,b15t,0.0
2008-05-31,-67.38,78.07,b15t,0.0
2008-06-01,-67.38,78.07,b15t,0.0
2008-06-02,-67.38,78.07,b15t,0.0
2008-06-03,-67.38,78.07,b15t,0.0
2008-06-04,-67.38,78.07,b15t,0.0
2008-06-05,-67.38,78.07,b15t,0.0
2008-06-06,-67.38,78.07,b15t,0.0
2008-06-07,-67.38,78.07,b15t,0.0
2008-06-08,-67.38,78.07,b15t,0.0
2008-06-09,-67.38,78.07,b15t,0.0
2008-06-10,-67.38,78.07,b15t,0.0
2008-06-11,-67.38,78.07,b15t,0.0
2008-06-12,-67.38,78.07,b15t,0.0
2008-06-13,-67.38,78.07,b15t,0.0
2008-06-14,-67.38,78.07,b15t,0.0
2008-06-15,-67.38,78.07,b15t,0.0
2008-06-16,-67.38,78.07,b15t,0.0
2008-06-17,-67.38,78.07,b15t,0.0
2008-06-18,-67.38,78.07,b15t,0.0
2008-06-19,-67.38,78.07,b15t,0.0
2008-06-20,-67.38,78.07,b15t,0.0
2008-06-21,-67.38,78.07,b15t,0.0
2008-06-22,-67.38,78.07,b15t,0.0
2008-06-23,-67.38,78.07,b15t,0.0
2008-06-24,-67.38,78.07,b15t,0.0
2008-06-25,-67.38,78.07,b15t,0.0
2008-06-26,-67.38,78.07,b15t,0.0
2008-06-27,-67.38,78.07,b15t,0.0
2008-06-28,-67.38,78.07,b15t,0.0
2008-06-29,-67.38,78.07,b15t,0.0
2008-06-30,-67.38,78.07,b15t,0.0
2008-07-01,-67.38,78.07,b15t,0.0
2008-07-02,-67.38,78.07,b15t,0.0
2008-07-03,-67.38,78.07,b15t,0.0
2008-07-04,-67.38,78.07,b15t,0.0
2008-07-05,-67.38,78.07,b15t,0.0
2008-07-06,-67.38,78.07,b15t,0.0
2008-07-07,-67.38,78.07,b15t,0.0
2008-07-08,-67.38,78.07,b15t,0.0
2008-07-09,-67.38,78.07,b15t,0.0
2008-07-10,-67.38,78.07,b15t,0.0
2008-07-11,-67.38,78.07,b15t,0.0
2008-07-12,-67.38,78.07,b15t,0.0
2008-07-13,-67.38,78.07,b15t,0.0
2008-07-14,-67.38,78.07,b15t,0.0
2008-07-15,-67.38,78.07,b15t,0.0
2008-07-16,-67.38,78.07,b15t,0.0
2008-07-17,-67.38,78.07,b15t,0.0
2008-07-18,-67.38,78.07,b15t,0.0
2008-07-19,-67.38,78.07,b15t,0.0
2008-07-20,-67.38,78.07,b15t,0.0
2008-07-21,-67.38,78.07,b15t,0.0
2008-07-22,-67.38,78.07,b15t,0.0
2008-07-23,-67.38,78.07,b15t,0.0
2008-07-24,-67.38,78.07,b15t,0.0
2008-07-25,-67.38,78.07,b15t,0.0
2008-07-26,-67.38,78.07,b15t,0.0
2008-07-27,-67.38,78.07,b15t,0.0
2008-07-28,-67.38,78.07,b15t,0.0
2008-07-29,-67.38,78.07,b15t,0.0
2008-07-30,-67.38,78.07,b15t,0.0
2008-07-31,-67.38,78.07,b15t,0.0
2008-08-01,-67.38,78.07,b15t,0.0
2008-08-02,-67.38,78.07,b15t,0.0
2008-08-03,-67.38,78.07,b15t,0.0
2008-08-04,-67.38,78.07,b15t,0.0
2008-08-05,-67.38,78.07,b15t,0.0
2008-08-06,-67.38,78.07,b15t,0.0
2008-08-07,-67.38,78.07,b15t,0.0
2008-08-08,-67.38,78.07,b15t,0.0
2008-08-09,-67.38,78.07,b15t,0.0
2008-08-10,-67.38,78.07,b15t,0.0
2008-08-11,-67.38,78.07,b15t,0.0
2008-08-12,-67.38,78.07,b15t,0.0
2008-08-13,-67.38,78.07,b15t,0.0
2008-08-14,-67.38,78.07,b15t,0.0
2008-08-15,-67.38,78.07,b15t,0.0
2008-08-16,-67.38,78.07,b15t,0.0
2008-08-17,-67.38,78.07,b15t,0.0
2008-08-31,-67.43,78.02,b15t,0.0
2008-09-01,-67.428,78.02,b15t,0.0
2008-09-02,-67.424,78.02,b15t,0.0
2008-09-03,-67.418,78.02,b15t,0.0
2008-09-04,-67.412,78.02,b15t,0.0
2008-09-05,-67.406,78.02,b15t,0.0
2008-09-06,-67.402,78.02,b15t,0.0
2008-09-07,-67.4,78.02,b15t,0.0
2008-09-08,-67.4,78.02,b15t,0.0
2008-09-09,-67.4,78.02,b15t,0.0
2008-09-10,-67.4,78.02,b15t,0.0
2008-09-11,-67.4,78.02,b15t,0.0
2008-09-12,-67.4,78.02,b15t,0.0
2008-09-13,-67.4,78.02,b15t,0.0
2008-09-14,-67.4,78.02,b15t,0.0
2008-09-15,-67.4,78.02,b15t,0.0
2008-09-16,-67.4,78.02,b15t,0.0
2008-09-17,-67.4,78.02,b15t,0.0
2008-09-18,-67.4,78.02,b15t,0.0
2008-09-19,-67.4,78.02,b15t,0.0
2008-09-20,-67.4,78.02,b15t,0.0
2008-09-21,-67.4,78.02,b15t,0.0
2008-09-22,-67.4,78.02,b15t,0.0
2008-09-23,-67.4,78.02,b15t,0.0
2008-09-24,-67.4,78.02,b15t,0.0
2008-09-25,-67.4,78.02,b15t,0.0
2008-09-26,-67.4,78.02,b15t,0.0
2008-09-27,-67.4,78.02,b15t,0.0
2008-09-28,-67.4,78.02,b15t,0.0
2008-09-29,-67.4,78.02,b15t,0.0
2008-09-30,-67.4,78.02,b15t,16.17
2008-10-01,-67.4,78.02,b15t,21.97
2008-10-02,-67.4,78.02,b15t,33.77
2008-10-03,-67.4,78.02,b15t,44.93
2008-10-04,-67.4,78.02,b15t,61.85
2008-10-05,-67.4,78.02,b15t,78.04
2008-10-19,-67.4,78.02,b15t,99.99
2008-11-02,-67.4,78.02,b15t,121.12
2008-11-03,-67.4,78.02,b15t,147.96
2008-11-04,-67.4,78.02,b15t,173.95
2008-11-05,-67.4,78.02,b15t,205.62
2008-11-06,-67.4,78.02,b15t,236.4
2008-11-07,-67.4,78.02,b15t,272.81
2008-11-08,-67.4,78.02,b15t,308.33
2008-11-09,-67.4,78.02,b15t,343.32
2008-11-10,-67.4,78.02,b15t,377.8
2008-11-11,-67.4,78.02,b15t,411.91
2008-11-12,-67.4,78.02,b15t,445.78
2008-11-13,-67.4,78.02,b15t,479.52
2008-11-14,-67.4,78.02,b15t,513.13
2008-11-15,-67.4,78.02,b15t,546.66
2008-11-16,-67.4,78.02,b15t,580.16
2008-11-30,-67.4,78.02,b15t,613.64
2008-12-01,-67.4,78.02,b15t,647.23
2008-12-02,-67.4,78.02,b15t,680.84
2008-12-03,-67.4,78.02,b15t,708.25
2008-12-04,-67.4,78.02,b15t,736.05
2008-12-05,-67.4,78.02,b15t,758.03
2008-12-06,-67.4,78.02,b15t,779.52
2008-12-07,-67.4,78.02,b15t,796.19
2008-12-08,-67.4,78.02,b15t,812.58
2008-12-09,-67.4,78.02,b15t,824.99
2008-12-10,-67.4,78.02,b15t,836.51
2008-12-11,-67.4,78.02,b15t,842.05
2008-12-12,-67.4,78.02,b15t,849.37
2008-12-13,-67.4,78.02,b15t,849.12
2008-12-14,-67.4,78.02,b15t,849.0
2009-04-15,-67.877,71.14,b15t,841.39
2009-04-16,-67.814,71.087,b15t,833.88
2009-04-17,-67.599,71.192,b15t,823.54
2009-04-18,-67.354,71.261,b15t,817.39
2009-04-19,-67.151,70.987,b15t,808.83
2009-04-20,-67.029,70.761,b15t,801.08
2009-04-21,-66.954,70.656,b15t,792.89
2009-04-22,-66.954,70.656,b15t,784.14
2009-04-23,-66.954,70.656,b15t,776.2
2009-04-24,-66.937,70.553,b15t,766.18
2009-04-25,-66.98,70.534,b15t,747.72
2009-04-26,-66.954,70.536,b15t,742.23
2009-04-27,-66.954,70.536,b15t,717.61
2009-04-28,-66.954,70.536,b15t,692.53
2009-04-29,-66.969,70.523,b15t,667.15
2009-04-30,-66.961,70.573,b15t,641.14
2009-05-01,-66.961,70.573,b15t,616.01
2009-05-02,-66.961,70.573,b15t,589.5
2009-05-03,-66.961,70.573,b15t,563.74
2009-05-04,-66.961,70.573,b15t,535.88
2009-05-05,-66.961,70.573,b15t,509.53
2009-05-06,-66.961,70.573,b15t,483.09
2009-05-07,-66.948,70.647,b15t,455.38
2009-05-08,-66.94,70.572,b15t,428.79
2009-05-09,-66.94,70.572,b15t,402.97
2009-05-10,-66.882,70.538,b15t,378.31
2009-05-11,-66.739,70.183,b15t,354.16
2009-05-12,-66.739,69.767,b15t,332.63
2009-05-13,-66.766,69.569,b15t,307.19
2009-05-14,-66.751,69.19,b15t,283.83
2009-05-15,-66.788,68.801,b15t,257.94
2009-05-16,-66.831,68.489,b15t,233.74
2009-05-17,-66.97,68.055,b15t,210.08
2009-05-18,-66.999,67.86,b15t,185.27
2009-05-19,-67.039,67.568,b15t,162.4
2009-05-20,-67.007,67.177,b15t,147.66
2009-05-21,-66.919,66.704,b15t,119.82
2009-05-22,-66.882,66.262,b15t,110.83
2009-05-23,-66.896,65.947,b15t,102.32
2009-05-24,-66.898,65.866,b15t,94.11
2009-05-25,-66.898,65.866,b15t,86.34
2009-05-26,-66.807,65.576,b15t,78.81
2009-05-27,-66.807,65.576,b15t,71.72
2009-05-28,-66.742,65.42,b15t,64.92
2009-05-29,-66.765,64.801,b15t,58.42
2009-05-30,-66.718,64.731,b15t,52.12
2009-05-31,-66.711,64.432,b15t,46.18
2009-06-01,-66.708,64.476,b15t,40.57
2009-06-02,-66.726,64.313,b15t,35.74
2009-06-03,-66.681,64.147,b15t,30.91
2009-06-04,-66.681,64.147,b15t,26.77
2009-06-05,-66.655,64.045,b15t,22.9
2009-06-06,-66.655,64.045,b15t,19.78
2009-06-07,-66.665,63.933,b15t,16.89
2009-06-08,-66.65,63.863,b15t,14.71
2009-06-09,-66.671,63.605,b15t,14.48
2009-06-10,-66.732,63.062,b15t,13.12
2009-06-11,-66.74,62.857,b15t,11.92
2009-06-12,-66.74,62.857,b15t,11.15
2009-06-13,-66.691,62.709,b15t,10.53
2009-06-14,-66.691,62.709,b15t,10.25
2009-06-15,-66.625,62.46,b15t,0.0
2009-06-16,-66.608,62.301,b15t,0.0
2009-06-17,-66.639,62.18,b15t,0.0
2009-06-18,-66.735,61.895,b15t,0.0
2009-06-19,-66.777,61.657,b15t,0.0
2009-06-20,-66.797,61.447,b15t,0.0
2009-06-21,-66.787,61.199,b15t,0.0
2009-06-22,-66.767,61.089,b15t,0.0
2009-06-23,-66.749,60.966,b15t,0.0
2009-06-24,-66.709,61.044,b15t,0.0
2009-06-25,-66.715,60.944,b15t,0.0
2009-06-26,-66.7,60.92,b15t,0.0
2009-06-27,-66.757,60.884,b15t,0.0
2009-06-28,-66.757,60.884,b15t,0.0
2009-06-29,-66.757,60.884,b15t,0.0
2009-06-30,-66.767,60.847,b15t,0.0
2009-07-01,-66.767,60.847,b15t,0.0
2009-07-02,-66.767,60.847,b15t,0.0
2009-07-03,-66.767,60.847,b15t,0.0
2009-07-04,-66.767,60.847,b15t,0.0
2009-07-05,-66.767,60.847,b15t,0.0
2009-07-06,-66.75,60.804,b15t,0.0
2009-07-07,-66.75,60.804,b15t,0.0
2009-07-08,-66.75,60.804,b15t,0.0
2009-07-09,-66.75,60.804,b15t,0.0
2009-07-10,-66.75,60.804,b15t,0.0
2009-07-11,-66.75,60.804,b15t,0.0
2009-07-12,-66.75,60.804,b15t,0.0
2009-07-13,-66.75,60.804,b15t,0.0
2009-07-14,-66.709,60.804,b15t,0.0
2009-07-15,-66.703,60.687,b15t,0.0
2009-07-16,-66.685,60.576,b15t,0.0
2009-07-17,-66.687,60.584,b15t,0.0
2009-07-18,-66.697,60.41,b15t,0.0
2009-07-19,-66.688,60.036,b15t,0.0
2009-07-20,-66.646,59.946,b15t,0.0
2009-07-21,-66.613,59.617,b15t,0.0
2009-07-22,-66.472,59.525,b15t,0.0
2009-07-23,-66.471,59.41,b15t,0.0
2009-07-24,-66.412,59.45,b15t,0.0
2009-07-25,-66.404,59.009,b15t,0.0
2009-07-26,-66.347,58.567,b15t,0.0
2009-07-27,-66.265,58.152,b15t,0.0
2009-07-28,-66.168,57.841,b15t,0.0
2009-07-29,-66.084,57.603,b15t,0.0
2009-07-30,-66.065,57.652,b15t,0.0
2009-07-31,-65.992,57.493,b15t,0.0
2009-08-01,-65.955,57.31,b15t,0.0
2009-08-02,-65.863,57.09,b15t,0.0
2009-08-03,-65.772,57.027,b15t,0.0
2009-08-04,-65.716,56.82,b15t,0.0
2009-08-05,-65.681,56.724,b15t,0.0
2009-08-06,-65.744,56.453,b15t,0.0
2009-08-07,-65.757,55.894,b15t,0.0
2009-08-08,-65.758,55.669,b15t,0.0
2009-08-09,-65.802,55.57,b15t,0.0
2009-08-10,-65.802,55.57,b15t,0.0
2009-08-11,-65.802,55.57,b15t,0.0
2009-08-12,-65.802,55.57,b15t,0.0
2009-08-13,-65.802,55.57,b15t,0.0
2009-08-14,-65.795,55.444,b15t,0.0
2009-08-15,-65.797,55.611,b15t,0.0
2009-08-16,-65.797,55.611,b15t,0.0
2009-08-17,-65.797,55.611,b15t,0.0
2009-08-18,-65.797,55.611,b15t,0.0
2009-08-19,-65.797,55.611,b15t,0.0
2009-08-20,-65.789,55.845,b15t,0.0
2009-08-21,-65.774,56.236,b15t,0.0
2009-08-22,-65.818,55.986,b15t,0.0
2009-08-23,-65.859,55.698,b15t,0.0
2009-08-24,-65.827,55.588,b15t,0.0
2009-08-25,-65.847,55.507,b15t,0.0
2009-08-26,-65.814,55.435,b15t,0.0
2009-08-27,-65.811,55.669,b15t,0.0
2009-08-28,-65.805,55.566,b15t,0.0
2009-08-29,-65.823,55.513,b15t,0.0
2009-08-30,-65.823,55.513,b15t,0.0
2009-08-31,-65.823,55.513,b15t,0.0
2009-09-01,-65.823,55.513,b15t,0.0
2009-09-02,-65.823,55.513,b15t,0.0
2009-09-03,-65.823,55.513,b15t,0.0
2009-09-04,-65.823,55.513,b15t,0.0
2009-09-05,-65.823,55.513,b15t,0.0
2009-09-06,-65.823,55.513,b15t,0.0
2009-09-07,-65.823,55.513,b15t,0.0
2009-09-08,-65.823,55.513,b15t,0.0
2009-09-09,-65.823,55.513,b15t,0.0
2009-09-10,-65.823,55.513,b15t,0.0
2009-09-11,-65.823,55.513,b15t,0.0
2009-09-12,-65.823,55.513,b15t,0.0
2009-09-13,-65.823,55.513,b15t,0.0
2009-09-14,-65.823,55.513,b15t,0.0
2009-09-15,-65.807,55.526,b15t,0.0
2009-09-16,-65.807,55.526,b15t,0.0
2009-09-17,-65.807,55.526,b15t,0.0
2009-09-18,-65.807,55.526,b15t,0.0
2009-09-19,-65.807,55.526,b15t,0.0
2009-09-20,-65.807,55.526,b15t,0.0
2009-09-21,-65.807,55.526,b15t,0.0
2009-09-22,-65.807,55.526,b15t,0.0
2009-09-23,-65.807,55.526,b15t,0.0
2009-09-24,-65.807,55.526,b15t,0.0
2009-09-25,-65.807,55.526,b15t,0.0
2009-09-26,-65.807,55.526,b15t,0.0
2009-09-27,-65.807,55.526,b15t,0.0
2009-09-28,-65.807,55.526,b15t,0.0
2009-09-29,-65.807,55.526,b15t,0.0
2009-09-30,-65.807,55.526,b15t,0.0
2009-10-01,-65.807,55.526,b15t,0.0
2009-10-02,-65.807,55.526,b15t,0.0
2009-10-03,-65.807,55.526,b15t,0.0
2009-10-04,-65.807,55.526,b15t,0.0
2009-10-05,-65.807,55.526,b15t,0.0
2009-10-06,-65.807,55.526,b15t,0.0
2009-10-07,-65.807,55.526,b15t,0.0
2009-10-08,-65.807,55.526,b15t,0.0
2009-10-09,-65.807,55.526,b15t,0.0
2009-10-10,-65.738,55.733,b15t,0.0
2009-10-11,-65.736,55.6,b15t,0.0
2009-10-12,-65.731,55.71,b15t,0.0
2009-10-13,-65.703,55.574,b15t,0.0
2009-10-14,-65.632,55.656,b15t,0.0
2009-10-15,-65.653,55.701,b15t,0.0
2009-10-16,-65.609,55.706,b15t,0.0
2009-10-17,-65.556,55.747,b15t,0.0
2009-10-18,-65.589,55.601,b15t,0.0
2009-10-19,-65.657,55.556,b15t,0.0
2009-10-20,-65.662,55.513,b15t,0.0
2009-10-21,-65.662,55.513,b15t,0.0
2009-10-22,-65.662,55.513,b15t,0.0
2009-10-23,-65.627,55.389,b15t,0.0
2009-10-24,-65.62,55.215,b15t,0.0
2009-10-25,-65.64,55.146,b15t,0.0
2009-10-26,-65.632,54.952,b15t,0.0
2009-10-27,-65.616,54.792,b15t,0.0
2009-10-28,-65.599,54.74,b15t,0.0
2009-10-29,-65.599,54.74,b15t,0.0
2009-10-30,-65.599,54.74,b15t,0.0
2009-10-31,-65.526,54.494,b15t,0.0
2009-11-01,-65.461,54.303,b15t,0.0
2009-11-02,-65.443,54.273,b15t,0.0
2009-11-03,-65.443,54.273,b15t,0.0
2009-11-04,-65.409,54.413,b15t,0.0
2009-11-05,-65.381,54.564,b15t,0.0
2009-11-06,-65.381,54.564,b15t,0.0
2009-11-07,-65.337,54.571,b15t,0.0
2009-11-08,-65.307,54.428,b15t,0.0
2009-11-09,-65.304,54.249,b15t,0.0
2009-11-10,-65.356,54.03,b15t,0.0
2009-11-11,-65.424,53.68,b15t,0.0
2009-11-12,-65.478,53.301,b15t,0.0
2009-11-13,-65.508,52.904,b15t,0.0
2009-11-14,-65.457,52.806,b15t,0.0
2009-11-15,-65.457,52.806,b15t,0.0
2009-11-16,-65.457,52.806,b15t,0.0
2009-11-17,-65.406,52.838,b15t,0.0
2009-11-18,-65.406,52.838,b15t,0.0
2009-11-19,-65.429,52.784,b15t,0.0
2009-11-20,-65.402,52.762,b15t,0.0
2009-11-21,-65.528,52.542,b15t,0.0
2009-11-22,-65.557,52.346,b15t,0.0
2009-11-23,-65.597,52.127,b15t,0.0
2010-01-24,-65.85,57.17,b15t,0.0
2010-01-25,-65.85,57.17,b15t,0.0
2010-01-26,-65.85,57.17,b15t,0.0
2010-01-27,-65.85,57.17,b15t,0.0
2010-01-28,-65.85,57.17,b15t,0.0
2010-01-29,-65.85,57.17,b15t,0.0
2010-01-30,-65.85,57.17,b15t,0.0
2010-01-31,-65.85,57.17,b15t,0.0
2010-02-01,-65.851,57.167,b15t,0.0
2010-02-02,-65.854,57.16,b15t,0.0
2010-02-03,-65.858,57.15,b15t,0.0
2010-02-04,-65.862,57.14,b15t,0.0
2010-02-05,-65.866,57.13,b15t,0.0
2010-02-06,-65.869,57.123,b15t,0.0
2010-02-07,-65.87,57.12,b15t,0.0
2010-02-08,-65.869,57.123,b15t,0.0
2010-02-09,-65.866,57.132,b15t,0.0
2010-02-10,-65.862,57.144,b15t,0.0
2010-02-11,-65.858,57.156,b15t,0.0
2010-02-12,-65.854,57.168,b15t,0.0
2010-02-13,-65.851,57.177,b15t,0.0
2010-02-14,-65.85,57.18,b15t,0.0
2010-02-15,-65.85,57.178,b15t,0.0
2010-02-16,-65.85,57.174,b15t,0.0
2010-02-17,-65.85,57.168,b15t,0.0
2010-02-18,-65.85,57.162,b15t,0.0
2010-02-19,-65.85,57.156,b15t,0.0
2010-02-20,-65.85,57.152,b15t,0.0
2010-02-21,-65.85,57.15,b15t,0.0
2010-02-22,-65.85,57.15,b15t,0.0
2010-02-23,-65.85,57.15,b15t,0.0
2010-02-24,-65.85,57.15,b15t,0.0
2010-02-25,-65.85,57.15,b15t,0.0
2010-02-26,-65.85,57.15,b15t,0.0
2010-02-27,-65.85,57.15,b15t,0.0
2010-02-28,-65.85,57.15,b15t,0.0
2010-03-01,-65.85,57.15,b15t,0.0
2010-03-02,-65.85,57.15,b15t,0.0
2010-03-03,-65.85,57.15,b15t,0.0
2010-03-04,-65.85,57.15,b15t,0.0
2010-03-05,-65.85,57.15,b15t,0.0
2010-03-06,-65.85,57.15,b15t,0.0
2010-03-07,-65.85,57.15,b15t,0.0
2010-03-08,-65.85,57.15,b15t,0.0
2010-03-09,-65.85,57.15,b15t,0.0
2010-03-10,-65.85,57.15,b15t,0.0
2010-03-11,-65.85,57.15,b15t,0.0
2010-03-12,-65.85,57.15,b15t,0.0
2010-03-13,-65.85,57.15,b15t,0.0
2010-03-14,-65.85,57.15,b15t,0.0
2010-03-15,-65.85,57.15,b15t,0.0
2010-03-16,-65.85,57.15,b15t,0.0
2010-03-17,-65.85,57.15,b15t,0.0
2010-03-18,-65.85,57.15,b15t,0.0
2010-03-19,-65.85,57.15,b15t,0.0
2010-03-20,-65.85,57.15,b15t,0.0
2010-03-21,-65.85,57.15,b15t,0.0
2010-03-22,-65.85,57.15,b15t,0.0
2010-03-23,-65.85,57.15,b15t,0.0
2010-03-24,-65.85,57.15,b15t,0.0
2010-03-25,-65.85,57.15,b15t,0.0
2010-03-26,-65.85,57.15,b15t,0.0
2010-03-27,-65.85,57.15,b15t,0.0
2010-03-28,-65.85,57.15,b15t,0.0
2010-03-29,-65.85,57.15,b15t,0.0
2010-03-30,-65.85,57.15,b15t,0.0
2010-03-31,-65.85,57.15,b15t,0.0
2010-04-01,-65.85,57.15,b15t,0.0
2010-04-02,-65.85,57.15,b15t,0.0
2010-04-03,-65.85,57.15,b15t,0.0
2010-04-04,-65.85,57.15,b15t,0.0
2010-04-05,-65.85,57.15,b15t,0.0
2010-04-06,-65.85,57.15,b15t,0.0
2010-04-07,-65.85,57.15,b15t,0.0
2010-04-08,-65.85,57.15,b15t,0.0
2010-04-09,-65.85,57.15,b15t,0.0
2010-04-10,-65.85,57.15,b15t,0.0
2010-04-11,-65.85,57.15,b15t,0.0
2010-04-12,-65.85,57.15,b15t,0.0
2010-04-13,-65.85,57.15,b15t,0.0
2010-04-14,-65.85,57.15,b15t,0.0
2010-04-15,-65.85,57.15,b15t,0.0
2010-04-16,-65.85,57.15,b15t,0.0
2010-04-17,-65.85,57.15,b15t,0.0
2010-04-18,-65.85,57.15,b15t,0.0
2010-04-19,-65.85,57.15,b15t,0.0
2010-04-20,-65.85,57.15,b15t,0.0
2010-04-21,-65.85,57.15,b15t,0.0
2010-04-22,-65.85,57.15,b15t,0.0
2010-04-23,-65.85,57.15,b15t,0.0
2010-04-24,-65.85,57.15,b15t,0.0
2010-04-25,-65.85,57.15,b15t,0.0
2010-04-26,-65.85,57.15,b15t,0.0
2010-04-27,-65.85,57.15,b15t,0.0
2010-04-28,-65.85,57.15,b15t,0.0
2010-04-29,-65.85,57.15,b15t,0.0
2010-04-30,-65.85,57.15,b15t,0.0
2010-05-01,-65.85,57.15,b15t,0.0
2010-05-02,-65.85,57.15,b15t,0.0
2010-05-03,-65.85,57.15,b15t,0.0
2010-05-04,-65.85,57.15,b15t,0.0
2010-05-05,-65.85,57.15,b15t,0.0
2010-05-06,-65.85,57.15,b15t,0.0
2010-05-07,-65.85,57.15,b15t,0.0
2010-05-08,-65.85,57.15,b15t,0.0
2010-05-09,-65.85,57.15,b15t,0.0
2010-05-10,-65.85,57.15,b15t,0.0
2010-05-11,-65.85,57.15,b15t,0.0
2010-05-12,-65.85,57.15,b15t,0.0
2010-05-13,-65.85,57.15,b15t,0.0
2010-05-14,-65.85,57.15,b15t,0.0
2010-05-15,-65.85,57.15,b15t,0.0
2010-05-16,-65.85,57.15,b15t,0.0
2010-05-17,-65.85,57.15,b15t,0.0
2010-05-18,-65.85,57.15,b15t,0.0
2010-05-19,-65.85,57.15,b15t,0.0
2010-05-20,-65.85,57.15,b15t,0.0
2010-05-21,-65.85,57.15,b15t,0.0
2010-05-22,-65.85,57.15,b15t,0.0
2010-05-23,-65.85,57.15,b15t,0.0
2010-05-24,-65.852,57.225,b15t,0.0
2010-05-25,-65.856,57.418,b15t,0.0
2010-05-26,-65.862,57.681,b15t,0.0
2010-05-27,-65.868,57.969,b15t,0.0
2010-05-28,-65.874,58.232,b15t,0.0
2010-05-29,-65.878,58.425,b15t,0.0
2010-05-30,-65.88,58.5,b15t,0.0
2010-05-31,-65.88,58.5,b15t,0.0
2010-06-01,-65.88,58.5,b15t,0.0
2010-06-02,-65.88,58.5,b15t,0.0
2010-06-03,-65.88,58.5,b15t,0.0
2010-06-04,-65.88,58.5,b15t,0.0
2010-06-05,-65.88,58.5,b15t,0.0
2010-06-06,-65.88,58.5,b15t,0.0
2010-06-07,-65.88,58.5,b15t,0.0
2010-06-08,-65.88,58.5,b15t,0.0
2010-06-09,-65.88,58.5,b15t,0.0
2010-06-10,-65.88,58.5,b15t,0.0
2010-06-11,-65.88,58.5,b15t,0.0
2010-06-12,-65.88,58.5,b15t,0.0
2010-06-13,-65.88,58.5,b15t,0.0
2010-06-14,-65.88,58.5,b15t,0.0
2010-06-15,-65.88,58.5,b15t,0.0
2010-06-16,-65.88,58.5,b15t,0.0
2010-06-17,-65.88,58.5,b15t,0.0
2010-06-18,-65.88,58.5,b15t,0.0
2010-06-19,-65.88,58.5,b15t,0.0
2010-06-20,-65.88,58.5,b15t,0.0
2010-06-21,-65.88,58.5,b15t,0.0
2010-06-22,-65.88,58.5,b15t,0.0
2010-06-23,-65.88,58.5,b15t,0.0
2010-06-24,-65.88,58.5,b15t,0.0
2010-06-25,-65.88,58.5,b15t,0.0
2010-06-26,-65.88,58.5,b15t,0.0
2010-06-27,-65.88,58.5,b15t,0.0
2010-06-28,-65.879,58.426,b15t,0.0
2010-06-29,-65.878,58.236,b15t,0.0
2010-06-30,-65.876,57.977,b15t,0.0
2010-07-01,-65.874,57.694,b15t,0.0
2010-07-02,-65.872,57.434,b15t,0.0
2010-07-03,-65.871,57.244,b15t,0.0
2010-07-04,-65.87,57.17,b15t,0.0
2010-07-05,-65.87,57.17,b15t,0.0
2010-07-06,-65.87,57.17,b15t,0.0
2010-07-07,-65.87,57.17,b15t,0.0
2010-07-08,-65.87,57.17,b15t,0.0
2010-07-09,-65.87,57.17,b15t,0.0
2010-07-10,-65.87,57.17,b15t,0.0
2010-07-11,-65.87,57.17,b15t,0.0
2010-07-12,-65.87,57.17,b15t,0.0
2010-07-13,-65.87,57.17,b15t,0.0
2010-07-14,-65.87,57.17,b15t,0.0
2010-07-15,-65.87,57.17,b15t,0.0
2010-07-16,-65.87,57.17,b15t,0.0
2010-07-17,-65.87,57.17,b15t,0.0
2010-07-18,-65.87,57.17,b15t,0.0
2010-07-19,-65.87,57.169,b15t,0.0
2010-07-20,-65.87,57.166,b15t,0.0
2010-07-21,-65.87,57.162,b15t,0.0
2010-07-22,-65.87,57.158,b15t,0.0
2010-07-23,-65.87,57.154,b15t,0.0
2010-07-24,-65.87,57.151,b15t,0.0
2010-07-25,-65.87,57.15,b15t,0.0
2010-07-26,-65.87,57.15,b15t,0.0
2010-07-27,-65.87,57.15,b15t,0.0
2010-07-28,-65.87,57.15,b15t,0.0
2010-07-29,-65.87,57.15,b15t,0.0
2010-07-30,-65.87,57.15,b15t,0.0
2010-07-31,-65.87,57.15,b15t,0.0
2010-08-01,-65.87,57.15,b15t,0.0
2010-08-02,-65.87,57.15,b15t,0.0
2010-08-03,-65.87,57.15,b15t,0.0
2010-08-04,-65.87,57.15,b15t,0.0
2010-08-05,-65.87,57.15,b15t,0.0
2010-08-06,-65.87,57.15,b15t,0.0
2010-08-07,-65.87,57.15,b15t,0.0
2010-08-08,-65.87,57.15,b15t,0.0
2010-08-09,-65.869,57.147,b15t,0.0
2010-08-10,-65.866,57.14,b15t,0.0
2010-08-11,-65.862,57.13,b15t,0.0
2010-08-12,-65.858,57.12,b15t,0.0
2010-08-13,-65.854,57.11,b15t,0.0
2010-08-14,-65.851,57.103,b15t,0.0
2010-08-15,-65.85,57.1,b15t,0.0
2010-08-16,-65.85,57.1,b15t,0.0
2010-08-17,-65.85,57.1,b15t,0.0
2010-08-18,-65.85,57.1,b15t,0.0
2010-08-19,-65.85,57.1,b15t,0.0
2010-08-20,-65.85,57.1,b15t,0.0
2010-08-21,-65.85,57.1,b15t,0.0
2010-08-22,-65.85,57.1,b15t,0.0
2010-08-23,-65.85,57.1,b15t,0.0
2010-08-24,-65.85,57.1,b15t,0.0
2010-08-25,-65.85,57.1,b15t,0.0
2010-08-26,-65.85,57.1,b15t,0.0
2010-08-27,-65.85,57.1,b15t,0.0
2010-08-28,-65.85,57.1,b15t,0.0
2010-08-29,-65.85,57.1,b15t,0.0
2010-08-30,-65.85,57.1,b15t,0.0
2010-08-31,-65.85,57.1,b15t,0.0
2010-09-01,-65.85,57.1,b15t,0.0
2010-09-02,-65.85,57.1,b15t,0.0
2010-09-03,-65.85,57.1,b15t,0.0
2010-09-04,-65.85,57.1,b15t,0.0
2010-09-05,-65.85,57.1,b15t,0.0
2010-09-06,-65.85,57.1,b15t,0.0
2010-09-07,-65.85,57.1,b15t,0.0
2010-09-08,-65.85,57.1,b15t,0.0
2010-09-09,-65.85,57.1,b15t,0.0
2010-09-10,-65.85,57.1,b15t,0.0
2010-09-11,-65.85,57.1,b15t,0.0
2010-09-12,-65.85,57.1,b15t,0.0
2010-09-26,-65.85,57.1,b15t,0.0
2010-09-27,-65.85,57.1,b15t,0.0
2010-09-28,-65.85,57.1,b15t,0.0
2010-09-29,-65.85,57.1,b15t,0.0
2010-09-30,-65.85,57.1,b15t,0.0
2010-10-01,-65.85,57.1,b15t,0.0
2010-10-02,-65.85,57.1,b15t,0.0
2010-10-03,-65.85,57.1,b15t,0.0
2010-10-04,-65.85,57.1,b15t,0.0
2010-10-05,-65.85,57.1,b15t,0.0
2010-10-06,-65.85,57.1,b15t,0.0
2010-10-07,-65.85,57.1,b15t,0.0
2010-10-08,-65.85,57.1,b15t,0.0
2010-10-09,-65.85,57.1,b15t,0.0
2010-10-10,-65.85,57.1,b15t,0.0
2010-10-11,-65.851,57.104,b15t,0.0
2010-10-12,-65.854,57.116,b15t,0.0
2010-10-13,-65.858,57.132,b15t,0.0
2010-10-14,-65.862,57.149,b15t,0.0
2010-10-15,-65.866,57.164,b15t,0.0
2010-10-16,-65.869,57.176,b15t,0.0
2010-10-17,-65.87,57.18,b15t,0.0
2010-10-18,-65.87,57.18,b15t,0.0
2010-10-19,-65.87,57.18,b15t,0.0
2010-10-20,-65.87,57.18,b15t,0.0
2010-10-21,-65.87,57.18,b15t,0.0
2010-10-22,-65.87,57.18,b15t,0.0
2010-10-23,-65.87,57.18,b15t,0.0
2010-10-24,-65.87,57.18,b15t,0.0
2010-10-25,-65.87,57.18,b15t,0.0
2010-10-26,-65.87,57.18,b15t,0.0
2010-10-27,-65.87,57.18,b15t,0.0
2010-10-28,-65.87,57.18,b15t,0.0
2010-10-29,-65.87,57.18,b15t,0.0
2010-10-30,-65.87,57.18,b15t,0.0
2010-10-31,-65.87,57.18,b15t,0.0
2010-11-01,-65.87,57.18,b15t,0.0
2010-11-02,-65.87,57.18,b15t,0.0
2010-11-03,-65.87,57.18,b15t,0.0
2010-11-04,-65.87,57.18,b15t,0.0
2010-11-05,-65.87,57.18,b15t,0.0
2010-11-06,-65.87,57.18,b15t,0.0
2010-11-07,-65.87,57.18,b15t,0.0
2010-11-08,-65.869,57.177,b15t,0.0
2010-11-09,-65.866,57.168,b15t,0.0
2010-11-10,-65.862,57.156,b15t,0.0
2010-11-11,-65.858,57.144,b15t,0.0
2010-11-12,-65.854,57.132,b15t,0.0
2010-11-13,-65.851,57.123,b15t,0.0
2010-11-14,-65.85,57.12,b15t,0.0
2010-11-15,-65.85,57.122,b15t,0.0
2010-11-16,-65.85,57.126,b15t,0.0
2010-11-17,-65.85,57.132,b15t,0.0
2010-11-18,-65.85,57.138,b15t,0.0
2010-11-19,-65.85,57.144,b15t,0.0
2010-11-20,-65.85,57.148,b15t,0.0
2010-11-21,-65.85,57.15,b15t,0.0
2010-11-22,-65.85,57.15,b15t,0.0
2010-11-23,-65.85,57.15,b15t,0.0
2010-11-24,-65.85,57.15,b15t,0.0
2010-11-25,-65.85,57.15,b15t,0.0
2010-11-26,-65.85,57.15,b15t,0.0
2010-11-27,-65.85,57.15,b15t,0.0
2010-11-28,-65.85,57.15,b15t,0.0
2010-11-29,-65.85,57.15,b15t,0.0
2010-11-30,-65.85,57.15,b15t,0.0
2010-12-01,-65.85,57.15,b15t,0.0
2010-12-02,-65.85,57.15,b15t,0.0
2010-12-03,-65.85,57.15,b15t,0.0
2010-12-04,-65.85,57.15,b15t,0.0
2010-12-05,-65.85,57.15,b15t,0.0
2010-12-06,-65.85,57.149,b15t,0.0
2010-12-07,-65.85,57.146,b15t,0.0
2010-12-08,-65.85,57.142,b15t,0.0
2010-12-09,-65.85,57.138,b15t,0.0
2010-12-10,-65.85,57.134,b15t,0.0
2010-12-11,-65.85,57.131,b15t,0.0
2010-12-12,-65.85,57.13,b15t,0.0
2010-12-13,-65.85,57.13,b15t,0.0
2010-12-14,-65.85,57.13,b15t,0.0
2010-12-15,-65.85,57.13,b15t,0.0
2010-12-16,-65.85,57.13,b15t,0.0
2010-12-17,-65.85,57.13,b15t,0.0
2010-12-18,-65.85,57.13,b15t,0.0
2010-12-19,-65.85,57.13,b15t,0.0
2010-12-20,-65.85,57.13,b15t,0.0
2010-12-21,-65.85,57.13,b15t,0.0
2010-12-22,-65.85,57.13,b15t,0.0
2010-12-23,-65.85,57.13,b15t,0.0
2010-12-24,-65.85,57.13,b15t,0.0
2010-12-25,-65.85,57.13,b15t,0.0
2010-12-26,-65.85,57.13,b15t,0.0
2010-12-27,-65.85,57.131,b15t,0.0
2010-12-28,-65.85,57.132,b15t,0.0
2010-12-29,-65.85,57.134,b15t,0.0
2010-12-30,-65.85,57.136,b15t,0.0
2010-12-31,-65.85,57.137,b15t,0.0
2011-01-01,-65.85,57.14,b15t,0.0
2011-01-02,-65.85,57.14,b15t,0.0
2011-01-03,-65.85,57.14,b15t,0.0
2011-01-04,-65.85,57.14,b15t,0.0
2011-01-05,-65.85,57.14,b15t,0.0
2011-01-06,-65.85,57.14,b15t,0.0
2011-01-07,-65.85,57.14,b15t,0.0
2011-01-08,-65.85,57.14,b15t,0.0
2011-01-09,-65.85,57.14,b15t,0.0
2011-01-10,-65.85,57.14,b15t,0.0
2011-01-11,-65.85,57.14,b15t,0.0
2011-01-12,-65.85,57.14,b15t,0.0
2011-01-13,-65.85,57.14,b15t,0.0
2011-01-14,-65.85,57.14,b15t,0.0
2011-01-15,-65.85,57.14,b15t,0.0
2011-01-16,-65.85,57.14,b15t,0.0
2011-01-17,-65.85,57.14,b15t,0.0
2011-01-18,-65.85,57.14,b15t,0.0
2011-01-19,-65.85,57.14,b15t,0.0
2011-01-20,-65.85,57.14,b15t,0.0
2011-01-21,-65.85,57.14,b15t,0.0
2011-01-22,-65.85,57.14,b15t,0.0
2011-01-23,-65.85,57.14,b15t,0.0
2011-01-24,-65.85,57.14,b15t,0.0
2011-01-25,-65.85,57.14,b15t,0.0
2011-01-26,-65.85,57.14,b15t,0.0
2011-01-27,-65.85,57.14,b15t,0.0
2011-01-28,-65.85,57.14,b15t,0.0
2011-01-29,-65.85,57.14,b15t,0.0
2011-01-30,-65.85,57.14,b15t,0.0
2011-01-31,-65.85,57.14,b15t,0.0
2011-02-01,-65.85,57.14,b15t,0.0
2011-02-02,-65.85,57.14,b15t,0.0
2011-02-03,-65.85,57.14,b15t,0.0
2011-02-04,-65.85,57.14,b15t,0.0
2011-02-05,-65.85,57.14,b15t,0.0
2011-02-06,-65.85,57.14,b15t,0.0
2011-02-07,-65.85,57.14,b15t,0.0
2011-02-08,-65.85,57.14,b15t,0.0
2011-02-09,-65.85,57.14,b15t,0.0
2011-02-10,-65.85,57.14,b15t,0.0
2011-02-11,-65.85,57.14,b15t,0.0
2011-02-12,-65.85,57.14,b15t,0.0
2011-02-13,-65.85,57.14,b15t,0.0
2011-02-14,-65.85,57.14,b15t,0.0
2011-02-15,-65.85,57.14,b15t,0.0
2011-02-16,-65.85,57.14,b15t,0.0
2011-02-17,-65.85,57.14,b15t,0.0
2011-02-18,-65.85,57.14,b15t,0.0
2011-02-19,-65.85,57.14,b15t,0.0
2011-02-20,-65.85,57.14,b15t,0.0
2011-02-21,-65.85,57.14,b15t,0.0
2011-02-22,-65.85,57.14,b15t,0.0
2011-02-23,-65.85,57.14,b15t,0.0
2011-02-24,-65.85,57.14,b15t,0.0
2011-02-25,-65.85,57.14,b15t,0.0
2011-02-26,-65.85,57.14,b15t,0.0
2011-02-27,-65.85,57.14,b15t,0.0
2011-02-28,-65.85,57.14,b15t,0.0
2011-03-01,-65.85,57.14,b15t,0.0
2011-03-02,-65.85,57.14,b15t,0.0
2011-03-03,-65.85,57.14,b15t,0.0
2011-03-04,-65.85,57.14,b15t,0.0
2011-03-05,-65.85,57.14,b15t,0.0
2011-03-06,-65.85,57.14,b15t,0.0
2011-03-07,-65.85,57.14,b15t,0.0
2011-03-08,-65.85,57.14,b15t,0.0
2011-03-09,-65.85,57.14,b15t,0.0
2011-03-10,-65.85,57.14,b15t,0.0
2011-03-11,-65.85,57.14,b15t,0.0
2011-03-12,-65.85,57.14,b15t,0.0
2011-03-13,-65.85,57.14,b15t,0.0
2011-03-14,-65.85,57.14,b15t,0.0
2011-03-15,-65.85,57.14,b15t,0.0
2011-03-16,-65.85,57.14,b15t,0.0
2011-03-17,-65.85,57.14,b15t,0.0
2011-03-18,-65.85,57.14,b15t,0.0
2011-03-19,-65.85,57.14,b15t,0.0
2011-03-20,-65.85,57.14,b15t,0.0
2011-03-21,-65.88,57.147,b15t,0.0
2011-03-22,-65.957,57.166,b15t,0.0
2011-03-23,-66.062,57.191,b15t,0.0
2011-03-24,-66.178,57.219,b15t,0.0
2011-03-25,-66.285,57.244,b15t,0.0
2011-03-26,-66.366,57.263,b15t,0.0
2011-03-27,-66.4,57.27,b15t,0.0
2011-03-28,-66.405,57.27,b15t,0.0
2011-03-29,-66.41,57.27,b15t,0.0
2011-03-30,-66.413,57.27,b15t,0.0
2011-03-31,-66.416,57.27,b15t,0.0
2011-04-01,-66.418,57.27,b15t,0.0
2011-04-02,-66.42,57.27,b15t,0.0
2011-04-03,-66.42,57.27,b15t,0.0
2011-04-17,-65.85,57.14,b15t,0.0
2011-04-18,-65.85,57.14,b15t,0.0
2011-04-19,-65.85,57.14,b15t,0.0
2011-04-20,-65.85,57.14,b15t,0.0
2011-04-21,-65.85,57.14,b15t,0.0
2011-04-22,-65.85,57.14,b15t,0.0
2011-04-23,-65.85,57.14,b15t,0.0
2011-04-24,-65.85,57.14,b15t,0.0
2011-04-25,-65.85,57.14,b15t,0.0
2011-04-26,-65.85,57.14,b15t,0.0
2011-04-27,-65.85,57.14,b15t,0.0
2011-04-28,-65.85,57.14,b15t,0.0
2011-04-29,-65.85,57.14,b15t,0.0
2011-04-30,-65.85,57.14,b15t,0.0
2011-05-01,-65.85,57.14,b15t,0.0
2011-05-02,-65.85,57.14,b15t,0.0
2011-05-03,-65.85,57.14,b15t,0.0
2011-05-04,-65.85,57.14,b15t,0.0
2011-05-05,-65.85,57.14,b15t,0.0
2011-05-06,-65.85,57.14,b15t,0.0
2011-05-07,-65.85,57.14,b15t,0.0
2011-05-08,-65.85,57.14,b15t,0.0
2011-05-09,-65.85,57.14,b15t,0.0
2011-05-10,-65.85,57.14,b15t,0.0
2011-05-11,-65.85,57.14,b15t,0.0
2011-05-12,-65.85,57.14,b15t,0.0
2011-05-13,-65.85,57.14,b15t,0.0
2011-05-14,-65.85,57.14,b15t,0.0
2011-05-15,-65.85,57.14,b15t,0.0
2011-05-16,-65.85,57.14,b15t,0.0
2011-05-17,-65.85,57.14,b15t,0.0
2011-05-18,-65.85,57.14,b15t,0.0
2011-05-19,-65.85,57.14,b15t,0.0
2011-05-20,-65.85,57.14,b15t,0.0
2011-05-21,-65.85,57.14,b15t,0.0
2011-05-22,-65.85,57.14,b15t,0.0
2011-05-23,-65.85,57.14,b15t,0.0
2011-05-24,-65.85,57.14,b15t,0.0
2011-05-25,-65.85,57.14,b15t,0.0
2011-05-26,-65.85,57.14,b15t,0.0
2011-05-27,-65.85,57.14,b15t,0.0
2011-05-28,-65.85,57.14,b15t,0.0
2011-05-29,-65.85,57.14,b15t,0.0
2011-05-30,-65.85,57.14,b15t,0.0
2011-05-31,-65.85,57.14,b15t,0.0
2011-06-01,-65.85,57.14,b15t,0.0
2011-06-02,-65.85,57.14,b15t,0.0
2011-06-03,-65.85,57.14,b15t,0.0
2011-06-04,-65.85,57.14,b15t,0.0
2011-06-05,-65.85,57.14,b15t,0.0
2011-06-06,-65.85,57.14,b15t,0.0
2011-06-07,-65.85,57.14,b15t,0.0
2011-06-08,-65.85,57.14,b15t,0.0
2011-06-09,-65.85,57.14,b15t,0.0
2011-06-10,-65.85,57.14,b15t,0.0
2011-06-11,-65.85,57.14,b15t,0.0
2011-06-12,-65.85,57.14,b15t,0.0
2011-06-13,-65.85,57.14,b15t,0.0
2011-06-14,-65.85,57.14,b15t,0.0
2011-06-15,-65.85,57.14,b15t,0.0
2011-06-16,-65.85,57.14,b15t,0.0
2011-06-17,-65.85,57.14,b15t,0.0
2011-06-18,-65.85,57.14,b15t,0.0
2011-06-19,-65.85,57.14,b15t,0.0
2011-06-20,-65.85,57.14,b15t,0.0
2011-06-21,-65.85,57.14,b15t,0.0
2011-06-22,-65.85,57.14,b15t,0.0
2011-06-23,-65.85,57.14,b15t,0.0
2011-06-24,-65.85,57.14,b15t,0.0
2011-06-25,-65.85,57.14,b15t,0.0
2011-06-26,-65.85,57.14,b15t,0.0
2011-06-27,-65.85,57.14,b15t,0.0
2011-06-28,-65.85,57.14,b15t,0.0
2011-06-29,-65.85,57.14,b15t,0.0
2011-06-30,-65.85,57.14,b15t,0.0
2011-07-01,-65.85,57.14,b15t,0.0
2011-07-02,-65.85,57.14,b15t,0.0
2011-07-03,-65.85,57.14,b15t,0.0
2011-07-04,-65.85,57.14,b15t,0.0
2011-07-05,-65.85,57.14,b15t,0.0
2011-07-06,-65.85,57.14,b15t,0.0
2011-07-07,-65.85,57.14,b15t,0.0
2011-07-08,-65.85,57.14,b15t,0.0
2011-07-09,-65.85,57.14,b15t,0.0
2011-07-10,-65.85,57.14,b15t,0.0
2011-07-11,-65.85,57.14,b15t,0.0
2011-07-12,-65.85,57.14,b15t,0.0
2011-07-13,-65.85,57.14,b15t,0.0
2011-07-14,-65.85,57.14,b15t,0.0
2011-07-15,-65.85,57.14,b15t,0.0
2011-07-16,-65.85,57.14,b15t,0.0
2011-07-17,-65.85,57.14,b15t,0.0
2011-07-18,-65.85,57.14,b15t,0.0
2011-07-19,-65.85,57.14,b15t,0.0
2011-07-20,-65.85,57.14,b15t,0.0
2011-07-21,-65.85,57.14,b15t,0.0
2011-07-22,-65.85,57.14,b15t,0.0
2011-07-23,-65.85,57.14,b15t,0.0
2011-07-24,-65.85,57.14,b15t,0.0
2011-07-25,-65.85,57.14,b15t,0.0
2011-07-26,-65.85,57.14,b15t,0.0
2011-07-27,-65.85,57.14,b15t,0.0
2011-07-28,-65.85,57.14,b15t,0.0
2011-07-29,-65.85,57.14,b15t,0.0
2011-07-30,-65.85,57.14,b15t,0.0
2011-07-31,-65.85,57.14,b15t,0.0
2011-08-01,-65.85,57.14,b15t,0.0
2011-08-02,-65.85,57.14,b15t,0.0
2011-08-03,-65.85,57.14,b15t,0.0
2011-08-04,-65.85,57.14,b15t,0.0
2011-08-05,-65.85,57.14,b15t,0.0
2011-08-06,-65.85,57.14,b15t,0.0
2011-08-07,-65.85,57.14,b15t,0.0
2011-08-08,-65.85,57.14,b15t,0.0
2011-08-09,-65.85,57.14,b15t,0.0
2011-08-10,-65.85,57.14,b15t,0.0
2011-08-11,-65.85,57.14,b15t,0.0
2011-08-12,-65.85,57.14,b15t,0.0
2011-08-13,-65.85,57.14,b15t,0.0
2011-08-14,-65.85,57.14,b15t,0.0
2011-08-15,-65.85,57.141,b15t,0.0
2011-08-16,-65.85,57.142,b15t,0.0
2011-08-17,-65.85,57.144,b15t,0.0
2011-08-18,-65.85,57.146,b15t,0.0
2011-08-19,-65.85,57.148,b15t,0.0
2011-08-20,-65.85,57.149,b15t,0.0
2011-08-21,-65.85,57.15,b15t,0.0
2011-08-22,-65.85,57.15,b15t,0.0
2011-08-23,-65.85,57.15,b15t,0.0
2011-08-24,-65.85,57.15,b15t,0.0
2011-08-25,-65.85,57.15,b15t,0.0
2011-08-26,-65.85,57.15,b15t,0.0
2011-08-27,-65.85,57.15,b15t,0.0
2011-08-28,-65.85,57.15,b15t,0.0
2011-08-29,-65.85,57.15,b15t,0.0
2011-08-30,-65.904,57.301,b15t,0.0
2011-08-31,-65.895,57.208,b15t,0.0
2011-09-01,-65.891,57.208,b15t,0.0
2011-09-02,-65.888,57.208,b15t,0.0
2011-09-03,-65.885,57.208,b15t,0.0
2011-09-04,-65.883,57.208,b15t,0.0
2011-09-05,-65.881,57.207,b15t,0.0
2011-09-06,-65.88,57.207,b15t,0.0
2011-09-07,-65.879,57.207,b15t,0.0
2011-09-08,-65.891,57.28,b15t,0.0
2011-09-09,-65.883,57.163,b15t,0.0
2011-09-10,-65.868,57.255,b15t,0.0
2011-09-11,-65.868,57.103,b15t,0.0
2011-09-12,-65.877,57.229,b15t,0.0
2011-09-13,-65.888,57.122,b15t,0.0
2011-09-14,-65.887,57.238,b15t,0.0
2011-09-15,-65.891,57.19,b15t,0.0
2011-09-16,-65.887,57.268,b15t,0.0
2011-09-17,-65.879,57.175,b15t,0.0
2011-09-18,-65.88,57.267,b15t,0.0
2011-09-19,-65.86,57.251,b15t,0.0
2011-09-20,-65.887,57.235,b15t,0.0
2011-09-21,-65.882,57.157,b15t,0.0
2011-09-22,-65.876,57.164,b15t,0.0
2011-09-23,-65.873,57.183,b15t,0.0
2011-09-24,-65.879,57.264,b15t,0.0
2011-09-25,-65.869,57.198,b15t,0.0
2011-09-26,-65.874,57.216,b15t,0.0
2011-09-27,-65.853,57.168,b15t,0.0
2011-09-28,-65.858,57.186,b15t,0.0
2011-09-29,-65.849,57.12,b15t,0.0
2011-09-30,-65.856,57.177,b15t,0.0
2011-10-01,-65.857,57.18,b15t,0.0
2011-10-02,-65.852,57.221,b15t,0.0
2011-10-03,-65.844,57.221,b15t,0.0
2011-10-04,-65.854,57.23,b15t,0.0
2011-10-05,-65.857,57.18,b15t,0.0
2011-10-06,-65.881,57.154,b15t,0.0
2011-10-07,-65.877,57.139,b15t,0.0
2011-10-08,-65.868,57.252,b15t,0.0
2011-10-09,-65.876,57.192,b15t,0.0
2011-10-10,-65.878,57.261,b15t,0.0
2011-10-11,-65.852,57.162,b15t,0.0
2011-10-12,-65.872,57.237,b15t,0.0
2011-10-13,-65.887,57.264,b15t,0.0
2011-10-14,-65.863,57.323,b15t,0.0
2011-10-15,-65.872,57.18,b15t,0.0
2011-10-16,-65.867,57.279,b15t,0.0
2011-10-17,-65.887,57.119,b15t,0.0
2011-10-18,-65.854,57.23,b15t,0.0
2011-10-19,-65.836,57.191,b15t,0.0
2011-10-20,-65.874,57.306,b15t,0.0
2011-10-21,-65.861,57.198,b15t,0.0
2011-10-22,-65.862,57.26,b15t,0.0
2011-10-23,-65.864,57.21,b15t,0.0
2011-10-24,-65.872,57.24,b15t,0.0
2011-10-25,-65.869,57.168,b15t,0.0
2011-10-26,-65.872,57.27,b15t,0.0
2011-10-27,-65.87,57.142,b15t,0.0
2011-10-28,-65.874,57.187,b15t,0.0
2011-10-29,-65.867,57.189,b15t,0.0
2011-10-30,-65.877,57.258,b15t,0.0
2011-10-31,-65.876,57.255,b15t,0.0
2011-11-01,-65.857,57.246,b15t,0.0
2011-11-02,-65.871,57.185,b15t,0.0
2011-11-03,-65.848,57.312,b15t,0.0
2011-11-04,-65.862,57.222,b15t,0.0
2011-11-05,-65.87,57.228,b15t,0.0
2011-11-06,-65.859,57.249,b15t,0.0
2011-11-07,-65.874,57.273,b15t,0.0
2011-11-08,-65.868,57.246,b15t,0.0
2011-11-09,-65.863,57.221,b15t,0.0
2011-11-10,-65.864,57.22,b15t,0.0
2011-11-11,-65.862,57.237,b15t,0.0
2011-11-12,-65.858,57.216,b15t,0.0
2011-11-13,-65.876,57.225,b15t,0.0
2011-11-14,-65.878,57.231,b15t,0.0
2011-11-15,-65.861,57.195,b15t,0.0
2011-11-16,-65.854,57.26,b15t,0.0
2011-11-17,-65.867,57.248,b15t,0.0
2011-11-18,-65.883,57.312,b15t,0.0
2011-11-19,-65.861,57.228,b15t,0.0
2011-11-20,-65.861,57.225,b15t,0.0
2011-11-21,-65.862,57.201,b15t,0.0
2011-11-22,-65.842,57.182,b15t,0.0
2011-11-23,-65.837,57.194,b15t,0.0
2011-11-24,-65.86,57.192,b15t,0.0
2011-11-25,-65.855,57.204,b15t,0.0
2011-11-26,-65.869,57.228,b15t,0.0
2011-11-27,-65.868,57.195,b15t,0.0
2011-11-28,-65.879,57.175,b15t,0.0
2011-11-29,-65.857,57.18,b15t,0.0
2011-11-30,-65.863,57.174,b15t,0.0
2011-12-01,-65.872,57.21,b15t,0.0
2011-12-02,-65.87,57.201,b15t,0.0
2011-12-03,-65.873,57.243,b15t,0.0
2011-12-04,-65.867,57.219,b15t,0.0
2011-12-05,-65.872,57.21,b15t,0.0
2011-12-06,-65.875,57.218,b15t,0.0
2011-12-07,-65.868,57.193,b15t,0.0
2011-12-08,-65.854,57.197,b15t,0.0
2011-12-09,-65.869,57.193,b15t,0.0
2011-12-10,-65.868,57.216,b15t,0.0
2011-12-11,-65.899,57.216,b15t,0.0
2011-12-12,-65.875,57.245,b15t,0.0
2011-12-13,-65.904,57.264,b15t,0.0
2011-12-14,-65.88,57.263,b15t,0.0
2011-12-15,-65.872,57.26,b15t,0.0
2011-12-16,-65.867,57.242,b15t,0.0
2011-12-17,-65.89,57.299,b15t,0.0
2011-12-18,-65.869,57.251,b15t,0.0
2011-12-19,-65.879,57.258,b15t,0.0
2011-12-20,-65.868,57.19,b15t,0.0
2011-12-21,-65.87,57.22,b15t,0.0
2011-12-22,-65.873,57.279,b15t,0.0
2011-12-23,-65.878,57.319,b15t,0.0
2011-12-24,-65.888,57.329,b15t,0.0
2011-12-25,-65.873,57.302,b15t,0.0
2011-12-26,-65.878,57.291,b15t,0.0
2011-12-27,-65.871,57.264,b15t,0.0
2011-12-28,-65.868,57.225,b15t,0.0
2011-12-29,-65.882,57.276,b15t,0.0
2011-12-30,-65.883,57.312,b15t,0.0
2011-12-31,-65.861,57.228,b15t,0.0
2012-01-01,-65.856,57.239,b15t,0.0
2012-01-02,-65.855,57.251,b15t,0.0
2012-01-03,-65.853,57.257,b15t,0.0
2012-01-04,-65.853,57.254,b15t,0.0
2012-01-05,-65.833,57.238,b15t,0.0
2012-01-06,-65.838,57.259,b15t,0.0
2012-01-07,-65.882,57.457,b15t,0.0
2012-01-08,-65.896,57.541,b15t,0.0
2012-01-09,-65.879,57.326,b15t,0.0
2012-01-10,-65.88,57.27,b15t,0.0
2012-01-11,-65.878,57.261,b15t,0.0
2012-01-12,-65.892,57.256,b15t,0.0
2012-01-13,-65.897,57.244,b15t,0.0
2012-01-14,-65.887,57.238,b15t,0.0
2012-01-15,-65.868,57.222,b15t,0.0
2012-01-16,-65.879,57.235,b15t,0.0
2012-01-17,-65.883,57.194,b15t,0.0
2012-01-18,-65.883,57.191,b15t,0.0
2012-01-19,-65.877,57.171,b15t,0.0
2012-01-20,-65.878,57.204,b15t,0.0
2012-01-21,-65.872,57.213,b15t,0.0
2012-01-22,-65.87,57.234,b15t,0.0
2012-01-23,-65.882,57.22,b15t,0.0
2012-01-24,-65.888,57.244,b15t,0.0
2012-01-25,-65.879,57.238,b15t,0.0
2012-01-26,-65.864,57.24,b15t,0.0
2012-01-27,-65.846,57.231,b15t,0.0
2012-01-28,-65.861,57.172,b15t,0.0
2012-01-29,-65.873,57.157,b15t,0.0
2012-01-30,-65.857,57.216,b15t,0.0
2012-01-31,-65.857,57.215,b15t,0.0
2012-02-01,-65.876,57.165,b15t,0.0
2012-02-02,-65.873,57.155,b15t,0.0
2012-02-03,-65.866,57.187,b15t,0.0
2012-02-04,-65.867,57.219,b15t,0.0
2012-02-05,-65.863,57.229,b15t,0.0
2012-02-06,-65.857,57.239,b15t,0.0
2012-02-07,-65.851,57.278,b15t,0.0
2012-02-08,-65.864,57.237,b15t,0.0
2012-02-09,-65.877,57.169,b15t,0.0
2012-02-10,-65.842,57.156,b15t,0.0
2012-02-11,-65.876,57.193,b15t,0.0
2012-02-12,-65.868,57.166,b15t,0.0
2012-02-13,-65.863,57.204,b15t,0.0
2012-02-14,-65.87,57.261,b15t,0.0
2012-02-15,-65.849,57.269,b15t,0.0
2012-02-16,-65.847,57.233,b15t,0.0
2012-02-17,-65.888,57.181,b15t,0.0
2012-02-18,-65.898,57.22,b15t,0.0
2012-02-19,-65.896,57.22,b15t,0.0
2012-02-20,-65.891,57.22,b15t,0.0
2012-02-21,-65.884,57.196,b15t,0.0
2012-02-22,-65.866,57.186,b15t,0.0
2012-02-23,-65.863,57.204,b15t,0.0
2012-02-24,-65.875,57.219,b15t,0.0
2012-02-25,-65.872,57.178,b15t,0.0
2012-02-26,-65.855,57.115,b15t,0.0
2012-02-27,-65.845,57.106,b15t,0.0
2012-02-28,-65.854,57.111,b15t,0.0
2012-02-29,-65.871,57.125,b15t,0.0
2012-03-01,-65.88,57.148,b15t,0.0
2012-03-02,-65.875,57.219,b15t,0.0
2012-03-03,-65.878,57.202,b15t,0.0
2012-03-04,-65.867,57.219,b15t,0.0
2012-03-05,-65.872,57.178,b15t,0.0
2012-03-06,-65.865,57.183,b15t,0.0
2012-03-07,-65.859,57.159,b15t,0.0
2012-03-08,-65.862,57.201,b15t,0.0
2012-03-09,-65.87,57.261,b15t,0.0
2012-03-10,-65.872,57.18,b15t,0.0
2012-03-11,-65.868,57.195,b15t,0.0
2012-03-12,-65.865,57.183,b15t,0.0
2012-03-13,-65.865,57.183,b15t,0.0
2012-03-14,-65.865,57.183,b15t,0.0
2012-03-15,-65.88,57.211,b15t,0.0
2012-03-16,-65.881,57.214,b15t,0.0
2012-03-17,-65.879,57.234,b15t,0.0
2012-03-18,-65.876,57.193,b15t,0.0
2012-03-19,-65.861,57.228,b15t,0.0
2012-03-20,-65.87,57.112,b15t,0.0
2012-03-21,-65.884,57.196,b15t,0.0
2012-03-22,-65.888,57.151,b15t,0.0
2012-03-23,-65.884,57.256,b15t,0.0
2012-03-24,-65.883,57.219,b15t,0.0
2012-03-25,-65.874,57.127,b15t,0.0
2012-03-26,-65.883,57.101,b15t,0.0
2012-03-27,-65.869,57.17,b15t,0.0
2012-03-28,-65.881,57.245,b15t,0.0
2012-03-29,-65.875,57.162,b15t,0.0
2012-03-30,-65.889,57.217,b15t,0.0
2012-03-31,-65.88,57.154,b15t,0.0
2012-04-01,-65.863,57.207,b15t,0.0
2012-04-02,-65.88,57.181,b15t,0.0
2012-04-03,-65.861,57.142,b15t,0.0
2012-04-04,-65.881,57.158,b15t,0.0
2012-04-05,-65.868,57.166,b15t,0.0
2012-04-06,-65.868,57.11,b15t,0.0
2012-04-07,-65.872,57.151,b15t,0.0
2012-04-08,-65.875,57.134,b15t,0.0
2012-04-09,-65.894,57.119,b15t,0.0
2012-04-10,-65.897,57.099,b15t,0.0
2012-04-11,-65.891,57.194,b15t,0.0
2012-04-12,-65.883,57.196,b15t,0.0
2012-04-13,-65.877,57.172,b15t,0.0
2012-04-14,-65.88,57.183,b15t,0.0
2012-04-15,-65.883,57.193,b15t,0.0
2012-04-16,-65.877,57.172,b15t,0.0
2012-04-17,-65.856,57.151,b15t,0.0
2012-04-18,-65.873,57.187,b15t,0.0
2012-04-19,-65.88,57.214,b15t,0.0
2012-04-20,-65.872,57.181,b15t,0.0
2012-04-21,-65.873,57.157,b15t,0.0
2012-04-22,-65.884,57.17,b15t,0.0
2012-04-23,-65.896,57.155,b15t,0.0
2012-04-24,-65.882,57.161,b15t,0.0
2012-04-25,-65.87,57.145,b15t,0.0
2012-04-26,-65.881,57.158,b15t,0.0
2012-04-27,-65.885,57.173,b15t,0.0
2012-04-28,-65.879,57.149,b15t,0.0
2012-04-29,-65.875,57.134,b15t,0.0
2012-04-30,-65.878,57.146,b15t,0.0
2012-05-01,-65.873,57.187,b15t,0.0
2012-05-02,-65.88,57.181,b15t,0.0
2012-05-03,-65.876,57.169,b15t,0.0
2012-05-04,-65.879,57.181,b15t,0.0
2012-05-05,-65.867,57.252,b15t,0.0
2012-05-06,-65.876,57.229,b15t,0.0
2012-05-07,-65.876,57.226,b15t,0.0
2012-05-08,-65.869,57.083,b15t,0.0
2012-05-09,-65.868,57.137,b15t,0.0
2012-05-10,-65.866,57.13,b15t,0.0
2012-05-11,-65.875,57.163,b15t,0.0
2012-05-12,-65.87,57.145,b15t,0.0
2012-05-13,-65.881,57.158,b15t,0.0
2012-05-14,-65.866,57.101,b15t,0.0
2012-05-15,-65.869,57.172,b15t,0.0
2012-05-16,-65.883,57.193,b15t,0.0
2012-05-17,-65.866,57.19,b15t,0.0
2012-05-18,-65.882,57.161,b15t,0.0
2012-05-19,-65.873,57.157,b15t,0.0
2012-05-20,-65.883,57.137,b15t,0.0
2012-05-21,-65.872,57.154,b15t,0.0
2012-05-22,-65.872,57.122,b15t,0.0
2012-05-23,-65.854,57.145,b15t,0.0
2012-05-24,-65.863,57.148,b15t,0.0
2012-05-25,-65.861,57.139,b15t,0.0
2012-05-26,-65.872,57.151,b15t,0.0
2012-05-27,-65.882,57.19,b15t,0.0
2012-05-28,-65.874,57.16,b15t,0.0
2012-05-29,-65.883,57.226,b15t,0.0
2012-05-30,-65.876,57.196,b15t,0.0
2012-05-31,-65.882,57.25,b15t,0.0
2012-06-01,-65.883,57.166,b15t,0.0
2012-06-02,-65.866,57.219,b15t,0.0
2012-06-03,-65.864,57.21,b15t,0.0
2012-06-04,-65.884,57.258,b15t,0.0
2012-06-05,-65.862,57.201,b15t,0.0
2012-06-06,-65.882,57.187,b15t,0.0
2012-06-07,-65.868,57.192,b15t,0.0
2012-06-08,-65.881,57.213,b15t,0.0
2012-06-09,-65.874,57.246,b15t,0.0
2012-06-10,-65.879,57.203,b15t,0.0
2012-06-11,-65.876,57.168,b15t,0.0
2012-06-12,-65.875,57.17,b15t,0.0
2012-06-13,-65.86,57.207,b15t,0.0
2012-06-14,-65.861,57.191,b15t,0.0
2012-06-15,-65.886,57.2,b15t,0.0
2012-06-16,-65.876,57.258,b15t,0.0
2012-06-17,-65.875,57.195,b15t,0.0
2012-06-18,-65.879,57.181,b15t,0.0
2012-06-19,-65.879,57.148,b15t,0.0
2012-06-20,-65.878,57.199,b15t,0.0
2012-06-21,-65.886,57.193,b15t,0.0
2012-06-22,-65.865,57.195,b15t,0.0
2012-06-23,-65.901,57.205,b15t,0.0
2012-06-24,-65.905,57.211,b15t,0.0
2012-06-25,-65.9,57.228,b15t,0.0
2012-06-26,-65.898,57.242,b15t,0.0
2012-06-27,-65.915,57.196,b15t,0.0
2012-06-28,-65.907,57.171,b15t,0.0
2012-06-29,-65.907,57.181,b15t,0.0
2012-06-30,-65.934,57.183,b15t,0.0
2012-07-01,-65.915,57.222,b15t,0.0
2012-07-02,-65.918,57.234,b15t,0.0
2012-07-03,-65.917,57.201,b15t,0.0
2012-07-04,-65.934,57.237,b15t,0.0
2012-07-05,-65.924,57.228,b15t,0.0
2012-07-06,-65.918,57.234,b15t,0.0
2012-07-07,-65.919,57.18,b15t,0.0
2012-07-08,-65.917,57.231,b15t,0.0
2012-07-09,-65.927,57.218,b15t,0.0
2012-07-10,-65.897,57.245,b15t,0.0
2012-07-11,-65.905,57.245,b15t,0.0
2012-07-12,-65.892,57.261,b15t,0.0
2012-07-13,-65.902,57.24,b15t,0.0
2012-07-14,-65.882,57.217,b15t,0.0
2012-07-15,-65.879,57.183,b15t,0.0
2012-07-16,-65.896,57.22,b15t,0.0
2012-07-17,-65.885,57.177,b15t,0.0
2012-07-18,-65.891,57.228,b15t,0.0
2012-07-19,-65.881,57.252,b15t,0.0
2012-07-20,-65.88,57.219,b15t,0.0
2012-07-21,-65.888,57.219,b15t,0.0
2012-07-22,-65.872,57.159,b15t,0.0
2012-07-23,-65.858,57.222,b15t,0.0
2012-07-24,-65.879,57.205,b15t,0.0
2012-07-25,-65.888,57.203,b15t,0.0
2012-07-26,-65.879,57.159,b15t,0.0
2012-07-27,-65.884,57.171,b15t,0.0
2012-07-28,-65.874,57.185,b15t,0.0
2012-07-29,-65.876,57.128,b15t,0.0
2012-07-30,-65.877,57.13,b15t,0.0
2012-07-31,-65.878,57.139,b15t,0.0
2012-08-01,-65.879,57.151,b15t,0.0
2012-08-02,-65.879,57.163,b15t,0.0
2012-08-03,-65.879,57.172,b15t,0.0
2012-08-04,-65.879,57.175,b15t,0.0
2012-08-05,-65.879,57.175,b15t,0.0
2012-08-06,-65.876,57.166,b15t,0.0
2012-08-07,-65.882,57.157,b15t,0.0
2012-08-08,-65.868,57.195,b15t,0.0
2012-08-09,-65.882,57.157,b15t,0.0
2012-08-10,-65.852,57.103,b15t,0.0
2012-08-11,-65.853,57.106,b15t,0.0
2012-08-12,-65.868,57.166,b15t,0.0
2012-08-13,-65.849,57.123,b15t,0.0
2012-08-14,-65.853,57.076,b15t,0.0
2012-08-15,-65.853,57.139,b15t,0.0
2012-08-16,-65.876,57.193,b15t,0.0
2012-08-17,-65.876,57.222,b15t,0.0
2012-08-18,-65.863,57.174,b15t,0.0
2012-08-19,-65.859,57.188,b15t,0.0
2012-08-20,-65.857,57.213,b15t,0.0
2012-08-21,-65.864,57.237,b15t,0.0
2012-08-22,-65.878,57.202,b15t,0.0
2012-08-23,-65.878,57.202,b15t,0.0
2012-08-24,-65.869,57.198,b15t,0.0
2012-08-25,-65.853,57.254,b15t,0.0
2012-08-26,-65.872,57.21,b15t,0.0
2012-08-27,-65.887,57.238,b15t,0.0
2012-08-28,-65.873,57.213,b15t,0.0
2012-08-29,-65.869,57.198,b15t,0.0
2012-08-30,-65.878,57.231,b15t,0.0
2012-08-31,-65.87,57.201,b15t,0.0
2012-09-01,-65.874,57.276,b15t,0.0
2012-09-02,-65.877,57.228,b15t,0.0
2012-09-03,-65.872,57.181,b15t,0.0
2012-09-04,-65.866,57.216,b15t,0.0
2012-09-05,-65.875,57.19,b15t,0.0
2012-09-06,-65.891,57.16,b15t,0.0
2012-09-07,-65.868,57.163,b15t,0.0
2012-09-08,-65.856,57.177,b15t,0.0
2012-09-09,-65.861,57.168,b15t,0.0
2012-09-10,-65.86,57.103,b15t,0.0
2012-09-11,-65.854,57.142,b15t,0.0
2012-09-12,-65.857,57.153,b15t,0.0
2012-09-13,-65.855,57.144,b15t,0.0
2012-09-14,-65.843,57.159,b15t,0.0
2012-09-15,-65.835,57.156,b15t,0.0
2012-09-16,-65.863,57.145,b15t,0.0
2012-09-17,-65.865,57.213,b15t,0.0
2012-09-18,-65.874,57.157,b15t,0.0
2012-09-19,-65.872,57.207,b15t,0.0
2012-09-20,-65.876,57.222,b15t,0.0
2012-09-21,-65.876,57.222,b15t,0.0
2012-09-22,-65.876,57.222,b15t,0.0
2012-09-23,-65.876,57.222,b15t,0.0
2012-09-24,-65.875,57.19,b15t,0.0
2012-09-25,-65.874,57.187,b15t,0.0
2012-09-26,-65.867,57.249,b15t,0.0
2012-09-27,-65.86,57.251,b15t,0.0
2012-09-28,-65.878,57.202,b15t,0.0
2012-09-29,-65.868,57.166,b15t,0.0
2012-09-30,-65.853,57.168,b15t,0.0
2012-10-01,-65.862,57.201,b15t,0.0
2012-10-02,-65.861,57.222,b15t,0.0
2012-10-03,-65.859,57.239,b15t,0.0
2012-10-04,-65.858,57.245,b15t,0.0
2012-10-05,-65.861,57.195,b15t,0.0
2012-10-06,-65.88,57.211,b15t,0.0
2012-10-07,-65.883,57.16,b15t,0.0
2012-10-08,-65.86,57.192,b15t,0.0
2012-10-09,-65.849,57.209,b15t,0.0
2012-10-10,-65.857,57.18,b15t,0.0
2012-10-11,-65.861,57.168,b15t,0.0
2012-10-12,-65.87,57.172,b15t,0.0
2012-10-13,-65.861,57.139,b15t,0.0
2012-10-14,-65.854,57.23,b15t,0.0
2012-10-15,-65.858,57.216,b15t,0.0
2012-10-16,-65.863,57.204,b15t,0.0
2012-10-17,-65.88,57.178,b15t,0.0
2012-10-18,-65.871,57.175,b15t,0.0
2012-10-19,-65.853,57.168,b15t,0.0
2012-10-20,-65.861,57.168,b15t,0.0
2012-10-21,-65.87,57.172,b15t,0.0
2012-10-22,-65.863,57.204,b15t,0.0
2012-10-23,-65.849,57.209,b15t,0.0
2012-10-24,-65.861,57.225,b15t,0.0
2012-10-25,-65.861,57.228,b15t,0.0
2012-10-26,-65.87,57.231,b15t,0.0
2012-10-27,-65.861,57.228,b15t,0.0
2012-10-28,-65.88,57.267,b15t,0.0
2012-10-29,-65.87,57.29,b15t,0.0
2012-10-30,-65.862,57.201,b15t,0.0
2012-10-31,-65.857,57.18,b15t,0.0
2012-11-01,-65.877,57.228,b15t,0.0
2012-11-02,-65.871,57.234,b15t,0.0
2012-11-03,-65.863,57.174,b15t,0.0
2012-11-04,-65.866,57.216,b15t,0.0
2012-11-05,-65.869,57.198,b15t,0.0
2012-11-06,-65.868,57.195,b15t,0.0
2012-11-07,-65.865,57.183,b15t,0.0
2012-11-08,-65.864,57.151,b15t,0.0
2012-11-09,-65.879,57.175,b15t,0.0
2012-11-10,-65.862,57.171,b15t,0.0
2012-11-11,-65.861,57.168,b15t,0.0
2012-11-12,-65.866,57.127,b15t,0.0
2012-11-13,-65.858,57.186,b15t,0.0
2012-11-14,-65.859,57.159,b15t,0.0
2012-11-15,-65.862,57.201,b15t,0.0
2012-11-16,-65.864,57.118,b15t,0.0
2012-11-17,-65.868,57.136,b15t,0.0
2012-11-18,-65.859,57.189,b15t,0.0
2012-11-19,-65.861,57.225,b15t,0.0
2012-11-20,-65.852,57.192,b15t,0.0
2012-11-21,-65.847,57.263,b15t,0.0
2012-11-22,-65.859,57.129,b15t,0.0
2012-11-23,-65.859,57.219,b15t,0.0
2012-11-24,-65.87,57.231,b15t,0.0
2012-11-25,-65.876,57.222,b15t,0.0
2012-11-26,-65.878,57.202,b15t,0.0
2012-11-27,-65.869,57.198,b15t,0.0
2012-11-28,-65.866,57.216,b15t,0.0
2012-11-29,-65.869,57.198,b15t,0.0
2012-11-30,-65.884,57.136,b15t,0.0
2012-12-01,-65.876,57.163,b15t,0.0
2012-12-02,-65.887,57.149,b15t,0.0
2012-12-03,-65.884,57.137,b15t,0.0
2012-12-04,-65.869,57.139,b15t,0.0
2012-12-05,-65.87,57.172,b15t,0.0
2012-12-06,-65.888,57.181,b15t,0.0
2012-12-07,-65.886,57.172,b15t,0.0
2012-12-08,-65.879,57.178,b15t,0.0
2012-12-09,-65.882,57.157,b15t,0.0
2012-12-10,-65.856,57.147,b15t,0.0
2012-12-11,-65.86,57.103,b15t,0.0
2012-12-12,-65.872,57.148,b15t,0.0
2012-12-13,-65.857,57.124,b15t,0.0
2012-12-14,-65.864,57.091,b15t,0.0
2012-12-15,-65.845,57.135,b15t,0.0
2012-12-16,-65.85,57.097,b15t,0.0
2012-12-17,-65.857,57.151,b15t,0.0
2012-12-18,-65.857,57.152,b15t,0.0
2012-12-19,-65.857,57.152,b15t,0.0
2012-12-20,-65.857,57.152,b15t,0.0
2012-12-21,-65.876,57.083,b15t,0.0
2012-12-22,-65.876,57.083,b15t,0.0
2012-12-23,-65.876,57.083,b15t,0.0
2012-12-24,-65.851,57.123,b15t,0.0
2012-12-25,-65.851,57.123,b15t,0.0
2012-12-26,-65.843,57.04,b15t,0.0
2012-12-27,-65.843,57.011,b15t,0.0
2012-12-28,-65.818,56.978,b15t,0.0
2012-12-29,-65.843,56.952,b15t,0.0
2012-12-30,-65.841,57.005,b15t,0.0
2012-12-31,-65.824,57.087,b15t,0.0
2013-01-01,-65.82,57.102,b15t,0.0
2013-01-02,-65.818,57.004,b15t,0.0
2013-01-03,-65.861,57.077,b15t,0.0
2013-01-04,-65.879,57.116,b15t,0.0
2013-01-05,-65.877,57.11,b15t,0.0
2013-01-06,-65.879,57.086,b15t,0.0
2013-01-07,-65.865,57.124,b15t,0.0
2013-01-08,-65.877,57.258,b15t,0.0
2013-01-09,-65.886,57.339,b15t,0.0
2013-01-10,-65.849,57.154,b15t,0.0
2013-01-11,-65.834,57.096,b15t,0.0
2013-01-12,-65.874,57.205,b15t,0.0
2013-01-13,-65.839,57.203,b15t,0.0
2013-01-14,-65.888,57.348,b15t,0.0
2013-01-15,-65.88,57.36,b15t,0.0
2013-01-16,-65.881,57.231,b15t,0.0
2013-01-17,-65.858,57.231,b15t,0.0
2013-01-18,-65.864,57.342,b15t,0.0
2013-01-19,-65.879,57.356,b15t,0.0
2013-01-20,-65.859,57.189,b15t,0.0
2013-01-21,-65.845,57.165,b15t,0.0
2013-01-22,-65.873,57.184,b15t,0.0
2013-01-23,-65.852,57.221,b15t,0.0
2013-01-24,-65.846,57.197,b15t,0.0
2013-01-25,-65.88,57.327,b15t,0.0
2013-01-26,-65.868,57.314,b15t,0.0
2013-01-27,-65.877,57.347,b15t,0.0
2013-01-28,-65.876,57.222,b15t,0.0
2013-01-29,-65.879,57.234,b15t,0.0
2013-01-30,-65.88,57.27,b15t,0.0
2013-01-31,-65.863,57.234,b15t,0.0
2013-02-01,-65.887,57.238,b15t,0.0
2013-02-02,-65.881,57.227,b15t,0.0
2013-02-03,-65.868,57.208,b15t,0.0
2013-02-04,-65.861,57.198,b15t,0.0
2013-02-05,-65.872,57.24,b15t,0.0
2013-02-06,-65.884,57.196,b15t,0.0
2013-02-07,-65.877,57.169,b15t,0.0
2013-02-08,-65.865,57.183,b15t,0.0
2013-02-09,-65.869,57.228,b15t,0.0
2013-02-10,-65.861,57.228,b15t,0.0
2013-02-11,-65.861,57.211,b15t,0.0
2013-02-12,-65.861,57.195,b15t,0.0
2013-02-13,-65.868,57.195,b15t,0.0
2013-02-14,-65.877,57.199,b15t,0.0
2013-02-15,-65.875,57.204,b15t,0.0
2013-02-16,-65.872,57.21,b15t,0.0
2013-02-17,-65.881,57.214,b15t,0.0
2013-02-18,-65.893,57.277,b15t,0.0
2013-02-19,-65.884,57.297,b15t,0.0
2013-02-20,-65.878,57.307,b15t,0.0
2013-02-21,-65.912,57.304,b15t,0.0
2013-02-22,-65.908,57.29,b15t,0.0
2013-02-23,-65.881,57.276,b15t,0.0
2013-02-24,-65.891,57.357,b15t,0.0
2013-02-25,-65.892,57.316,b15t,0.0
2013-02-26,-65.899,57.299,b15t,0.0
2013-02-27,-65.908,57.335,b15t,0.0
2013-02-28,-65.887,57.298,b15t,0.0
2013-03-01,-65.894,57.281,b15t,0.0
2013-03-02,-65.894,57.282,b15t,0.0
2013-03-03,-65.891,57.285,b15t,0.0
2013-03-04,-65.888,57.29,b15t,0.0
2013-03-05,-65.883,57.297,b15t,0.0
2013-03-06,-65.878,57.307,b15t,0.0
2013-03-07,-65.866,57.351,b15t,0.0
2013-03-08,-65.886,57.294,b15t,0.0
2013-03-09,-65.904,57.317,b15t,0.0
2013-03-10,-65.906,57.192,b15t,0.0
2013-03-11,-65.908,57.201,b15t,0.0
2013-03-12,-65.916,57.318,b15t,0.0
2013-03-13,-65.904,57.272,b15t,0.0
2013-03-14,-65.89,57.263,b15t,0.0
2013-03-15,-65.888,57.259,b15t,0.0
2013-03-16,-65.901,57.264,b15t,0.0
2013-03-17,-65.908,57.335,b15t,0.0
2013-03-18,-65.898,57.384,b15t,0.0
2013-03-19,-65.916,57.362,b15t,0.0
2013-03-20,-65.945,57.341,b15t,0.0
2013-03-21,-65.944,57.234,b15t,0.0
2013-03-22,-65.94,57.144,b15t,0.0
2013-03-23,-65.879,57.223,b15t,0.0
2013-03-24,-65.86,57.195,b15t,0.0
2013-03-25,-65.878,57.263,b15t,0.0
2013-03-26,-65.916,57.318,b15t,0.0
2013-03-27,-65.917,57.324,b15t,0.0
2013-03-28,-65.918,57.327,b15t,0.0
2013-03-29,-65.935,57.3,b15t,0.0
2013-03-30,-65.924,57.215,b15t,0.0
2013-03-31,-65.911,57.255,b15t,0.0
2013-04-01,-65.927,57.229,b15t,0.0
2013-04-02,-65.912,57.304,b15t,0.0
2013-04-03,-65.901,57.352,b15t,0.0
2013-04-04,-65.925,57.264,b15t,0.0
2013-04-05,-65.911,57.255,b15t,0.0
2013-04-06,-65.899,57.299,b15t,0.0
2013-04-07,-65.881,57.276,b15t,0.0
2013-04-08,-65.906,57.281,b15t,0.0
2013-04-09,-65.912,57.304,b15t,0.0
2013-04-10,-65.922,57.295,b15t,0.0
2013-04-11,-65.894,57.236,b15t,0.0
2013-04-12,-65.887,57.209,b15t,0.0
2013-04-13,-65.887,57.254,b15t,0.0
2013-04-14,-65.871,57.236,b15t,0.0
2013-04-15,-65.9,57.259,b15t,0.0
2013-04-16,-65.904,57.317,b15t,0.0
2013-04-17,-65.893,57.187,b15t,0.0
2013-04-18,-65.933,57.207,b15t,0.0
2013-04-19,-65.901,57.219,b15t,0.0
2013-04-20,-65.912,57.349,b15t,0.0
2013-04-21,-65.933,57.206,b15t,0.0
2013-04-22,-65.916,57.273,b15t,0.0
2013-04-23,-65.914,57.224,b15t,0.0
2013-04-24,-65.908,57.38,b15t,0.0
2013-04-25,-65.919,57.331,b15t,0.0
2013-04-26,-65.905,57.321,b15t,0.0
2013-04-27,-65.927,57.363,b15t,0.0
2013-04-28,-65.93,57.416,b15t,0.0
2013-04-29,-65.931,57.421,b15t,0.0
2013-04-30,-65.926,57.403,b15t,0.0
2013-05-01,-65.907,57.33,b15t,0.0
2013-05-02,-65.897,57.334,b15t,0.0
2013-05-03,-65.916,57.228,b15t,0.0
2013-05-04,-65.892,57.183,b15t,0.0
2013-05-05,-65.912,57.215,b15t,0.0
2013-05-06,-65.94,57.279,b15t,0.0
2013-05-07,-65.934,57.3,b15t,0.0
2013-05-08,-65.946,57.256,b15t,0.0
2013-05-09,-65.927,57.363,b15t,0.0
2013-05-10,-65.923,57.3,b15t,0.0
2013-05-11,-65.923,57.3,b15t,0.0
2013-05-12,-65.923,57.3,b15t,0.0
2013-05-13,-65.923,57.3,b15t,0.0
2013-05-14,-65.923,57.3,b15t,0.0
2013-05-15,-65.916,57.228,b15t,0.0
2013-05-16,-65.908,57.335,b15t,0.0
2013-05-17,-65.898,57.384,b15t,0.0
2013-05-18,-65.927,57.318,b15t,0.0
2013-05-19,-65.899,57.254,b15t,0.0
2013-05-20,-65.897,57.201,b15t,0.0
2013-05-21,-65.897,57.201,b15t,0.0
2013-05-22,-65.897,57.201,b15t,0.0
2013-05-23,-65.897,57.201,b15t,0.0
2013-05-24,-65.897,57.201,b15t,0.0
2013-05-25,-65.897,57.201,b15t,0.0
2013-05-26,-65.897,57.201,b15t,0.0
2013-05-27,-65.897,57.201,b15t,0.0
2013-05-28,-65.897,57.201,b15t,0.0
2013-05-29,-65.879,57.223,b15t,0.0
2013-05-30,-65.91,57.295,b15t,0.0
2013-05-31,-65.926,57.313,b15t,0.0
2013-06-01,-65.935,57.3,b15t,0.0
2013-06-02,-65.935,57.3,b15t,0.0
2013-06-03,-65.935,57.3,b15t,0.0
2013-06-04,-65.949,57.176,b15t,0.0
2013-06-05,-65.911,57.255,b15t,0.0
2013-06-06,-65.914,57.224,b15t,0.0
2013-06-07,-65.899,57.344,b15t,0.0
2013-06-08,-65.922,57.295,b15t,0.0
2013-06-09,-65.924,57.394,b15t,0.0
2013-06-10,-65.936,57.26,b15t,0.0
2013-06-11,-65.926,57.314,b15t,0.0
2013-06-12,-65.919,57.197,b15t,0.0
2013-06-13,-65.889,57.308,b15t,0.0
2013-06-14,-65.919,57.242,b15t,0.0
2013-06-15,-65.894,57.281,b15t,0.0
2013-06-16,-65.911,57.255,b15t,0.0
2013-06-17,-65.889,57.263,b15t,0.0
2013-06-18,-65.924,57.305,b15t,0.0
2013-06-19,-65.931,57.332,b15t,0.0
2013-06-20,-65.929,57.367,b15t,0.0
2013-06-21,-65.908,57.424,b15t,0.0
2013-06-22,-65.924,57.304,b15t,0.0
2013-06-23,-65.935,57.3,b15t,0.0
2013-06-24,-65.892,57.256,b15t,0.0
2013-06-25,-65.892,57.256,b15t,0.0
2013-06-26,-65.892,57.256,b15t,0.0
2013-06-27,-65.892,57.256,b15t,0.0
2013-06-28,-65.892,57.256,b15t,0.0
2013-06-29,-65.892,57.256,b15t,0.0
2013-06-30,-65.892,57.256,b15t,0.0
2013-07-01,-65.906,57.25,b15t,0.0
2013-07-02,-65.894,57.202,b15t,0.0
2013-07-03,-65.908,57.227,b15t,0.0
2013-07-04,-65.889,57.244,b15t,0.0
2013-07-05,-65.887,57.208,b15t,0.0
2013-07-06,-65.878,57.202,b15t,0.0
2013-07-07,-65.91,57.203,b15t,0.0
2013-07-08,-65.924,57.26,b15t,0.0
2013-07-09,-65.933,57.296,b15t,0.0
2013-07-10,-65.92,57.246,b15t,0.0
2013-07-11,-65.911,57.255,b15t,0.0
2013-07-12,-65.914,57.224,b15t,0.0
2013-07-13,-65.906,57.282,b15t,0.0
2013-07-14,-65.899,57.121,b15t,0.0
2013-07-15,-65.884,57.152,b15t,0.0
2013-07-16,-65.875,57.165,b15t,0.0
2013-07-17,-65.885,57.201,b15t,0.0
2013-07-18,-65.893,57.143,b15t,0.0
2013-07-19,-65.885,57.201,b15t,0.0
2013-07-20,-65.904,57.228,b15t,0.0
2013-07-21,-65.893,57.229,b15t,0.0
2013-07-22,-65.911,57.255,b15t,0.0
2013-07-23,-65.908,57.335,b15t,0.0
2013-07-24,-65.891,57.089,b15t,0.0
2013-07-25,-65.92,57.292,b15t,0.0
2013-07-26,-65.908,57.29,b15t,0.0
2013-07-27,-65.891,57.312,b15t,0.0
2013-07-28,-65.906,57.237,b15t,0.0
2013-07-29,-65.884,57.24,b15t,0.0
2013-07-30,-65.885,57.29,b15t,0.0
2013-07-31,-65.931,57.197,b15t,0.0
2013-08-01,-65.904,57.183,b15t,0.0
2013-08-02,-65.858,57.275,b15t,0.0
2013-08-03,-65.88,57.271,b15t,0.0
2013-08-04,-65.884,57.226,b15t,0.0
2013-08-05,-65.908,57.335,b15t,0.0
2013-08-06,-65.9,57.303,b15t,0.0
2013-08-07,-65.913,57.353,b15t,0.0
2013-08-08,-65.931,57.287,b15t,0.0
2013-08-09,-65.926,57.314,b15t,0.0
2013-08-10,-65.923,57.345,b15t,0.0
2013-08-11,-65.893,57.321,b15t,0.0
2013-08-12,-65.895,57.285,b15t,0.0
2013-08-13,-65.899,57.299,b15t,0.0
2013-08-14,-65.88,57.227,b15t,0.0
2013-08-15,-65.895,57.196,b15t,0.0
2013-08-16,-65.876,57.169,b15t,0.0
2013-08-17,-65.903,57.224,b15t,0.0
2013-08-18,-65.874,57.157,b15t,0.0
2013-08-19,-65.904,57.228,b15t,0.0
2013-08-20,-65.867,57.267,b15t,0.0
2013-08-21,-65.885,57.111,b15t,0.0
2013-08-22,-65.892,57.138,b15t,0.0
2013-08-23,-65.895,57.107,b15t,0.0
2013-08-24,-65.887,57.121,b15t,0.0
2013-08-25,-65.887,57.12,b15t,0.0
2013-08-26,-65.86,57.062,b15t,0.0
2013-08-27,-65.887,57.21,b15t,0.0
2013-08-28,-65.884,57.285,b15t,0.0
2013-08-29,-65.897,57.276,b15t,0.0
2013-08-30,-65.911,57.255,b15t,0.0
2013-08-31,-65.91,57.206,b15t,0.0
2013-09-01,-65.885,57.284,b15t,0.0
2013-09-02,-65.874,57.293,b15t,0.0
2013-09-03,-65.892,57.361,b15t,0.0
2013-09-04,-65.899,57.254,b15t,0.0
2013-09-05,-65.907,57.286,b15t,0.0
2013-09-06,-65.891,57.312,b15t,0.0
2013-09-07,-65.906,57.237,b15t,0.0
2013-09-08,-65.884,57.24,b15t,0.0
2013-09-09,-65.873,57.155,b15t,0.0
2013-09-10,-65.872,57.196,b15t,0.0
2013-09-11,-65.887,57.254,b15t,0.0
2013-09-12,-65.88,57.272,b15t,0.0
2013-09-13,-65.893,57.276,b15t,0.0
2013-09-14,-65.885,57.245,b15t,0.0
2013-09-15,-65.891,57.275,b15t,0.0
2013-09-16,-65.869,57.275,b15t,0.0
2013-09-17,-65.913,57.219,b15t,0.0
2013-09-18,-65.9,57.214,b15t,0.0
2013-09-19,-65.888,57.259,b15t,0.0
2013-09-20,-65.879,57.222,b15t,0.0
2013-09-21,-65.909,57.246,b15t,0.0
2013-09-22,-65.869,57.32,b15t,0.0
2013-09-23,-65.878,57.307,b15t,0.0
2013-09-24,-65.912,57.304,b15t,0.0
2013-09-25,-65.884,57.329,b15t,0.0
2013-09-26,-65.895,57.33,b15t,0.0
2013-09-27,-65.878,57.262,b15t,0.0
2013-09-28,-65.878,57.262,b15t,0.0
2013-09-29,-65.878,57.262,b15t,0.0
2013-09-30,-65.878,57.262,b15t,0.0
2013-10-01,-65.876,57.124,b15t,0.0
2013-10-02,-65.891,57.223,b15t,0.0
2013-10-03,-65.905,57.322,b15t,0.0
2013-10-04,-65.891,57.267,b15t,0.0
2013-10-05,-65.891,57.267,b15t,0.0
2013-10-06,-65.891,57.267,b15t,0.0
2013-10-07,-65.891,57.267,b15t,0.0
2013-10-08,-65.891,57.312,b15t,0.0
2013-10-09,-65.901,57.219,b15t,0.0
2013-10-10,-65.873,57.334,b15t,0.0
2013-10-11,-65.886,57.294,b15t,0.0
2013-10-12,-65.853,57.346,b15t,0.0
2013-10-13,-65.881,57.276,b15t,0.0
2013-10-14,-65.893,57.276,b15t,0.0
2013-10-15,-65.912,57.304,b15t,0.0
2013-10-16,-65.879,57.311,b15t,0.0
2013-10-17,-65.914,57.402,b15t,0.0
2013-10-18,-65.889,57.209,b15t,0.0
2013-10-19,-65.902,57.291,b15t,0.0
2013-10-20,-65.886,57.26,b15t,0.0
2013-10-21,-65.894,57.29,b15t,0.0
2013-10-22,-65.89,57.248,b15t,0.0
2013-10-23,-65.894,57.323,b15t,0.0
2013-10-24,-65.877,57.322,b15t,0.0
2013-10-25,-65.877,57.322,b15t,0.0
2013-10-26,-65.877,57.322,b15t,0.0
2013-10-27,-65.878,57.322,b15t,0.0
2013-10-28,-65.878,57.322,b15t,0.0
2013-10-29,-65.879,57.322,b15t,0.0
2013-10-30,-65.879,57.322,b15t,0.0
2013-10-31,-65.879,57.322,b15t,0.0
2013-11-01,-65.88,57.322,b15t,0.0
2013-11-02,-65.879,57.322,b15t,0.0
2013-11-03,-65.879,57.322,b15t,0.0
2013-11-04,-65.873,57.241,b15t,0.0
2013-11-05,-65.858,57.188,b15t,0.0
2013-11-06,-65.875,57.221,b15t,0.0
2013-11-07,-65.884,57.198,b15t,0.0
2013-11-08,-65.868,57.286,b15t,0.0
2013-11-09,-65.88,57.242,b15t,0.0
2013-11-10,-65.88,57.272,b15t,0.0
2013-11-11,-65.885,57.2,b15t,0.0
2013-11-12,-65.875,57.162,b15t,0.0
2013-11-13,-65.868,57.251,b15t,0.0
2013-11-14,-65.892,57.341,b15t,0.0
2013-11-15,-65.873,57.298,b15t,0.0
2013-11-16,-65.925,57.443,b15t,0.0
2013-11-17,-65.895,57.33,b15t,0.0
2013-11-18,-65.897,57.334,b15t,0.0
2013-11-19,-65.905,57.321,b15t,0.0
2013-11-20,-65.914,57.358,b15t,0.0
2013-11-21,-65.914,57.358,b15t,0.0
2013-11-22,-65.914,57.358,b15t,0.0
2013-11-23,-65.914,57.358,b15t,0.0
2013-11-24,-65.914,57.358,b15t,0.0
2013-11-25,-65.914,57.358,b15t,0.0
2013-11-26,-65.914,57.358,b15t,0.0
2013-11-27,-65.914,57.358,b15t,0.0
2013-11-28,-65.914,57.358,b15t,0.0
2013-11-29,-65.897,57.286,b15t,0.0
2013-11-30,-65.894,57.244,b15t,0.0
2013-12-01,-65.889,57.201,b15t,0.0
2013-12-02,-65.882,57.182,b15t,0.0
2013-12-03,-65.859,57.185,b15t,0.0
2013-12-04,-65.863,57.14,b15t,0.0
2013-12-05,-65.865,57.117,b15t,0.0
2013-12-06,-65.882,57.153,b15t,0.0
2013-12-07,-65.88,57.147,b15t,0.0
2013-12-08,-65.881,57.18,b15t,0.0
2013-12-09,-65.87,57.167,b15t,0.0
2013-12-10,-65.894,57.228,b15t,0.0
2013-12-11,-65.892,57.192,b15t,0.0
2013-12-12,-65.875,57.233,b15t,0.0
2013-12-13,-65.859,57.274,b15t,0.0
2013-12-14,-65.874,57.182,b15t,0.0
2013-12-15,-65.859,57.217,b15t,0.0
2013-12-16,-65.864,57.176,b15t,0.0
2013-12-17,-65.857,57.182,b15t,0.0
2013-12-18,-65.856,57.182,b15t,0.0
2013-12-19,-65.856,57.182,b15t,0.0
2013-12-20,-65.856,57.182,b15t,0.0
2013-12-21,-65.854,57.173,b15t,0.0
2013-12-22,-65.854,57.173,b15t,0.0
2013-12-23,-65.854,57.173,b15t,0.0
2013-12-24,-65.856,57.17,b15t,0.0
2013-12-25,-65.86,57.163,b15t,0.0
2013-12-26,-65.865,57.156,b15t,0.0
2013-12-27,-65.869,57.149,b15t,0.0
2013-12-28,-65.871,57.147,b15t,0.0
2013-12-29,-65.871,57.147,b15t,0.0
2013-12-30,-65.871,57.147,b15t,0.0
2013-12-31,-65.87,57.146,b15t,0.0
2014-01-01,-65.869,57.142,b15t,0.0
2014-01-02,-65.868,57.136,b15t,0.0
2014-01-03,-65.866,57.152,b15t,0.0
2014-01-04,-65.859,57.125,b15t,0.0
2014-01-05,-65.859,57.125,b15t,0.0
2014-01-06,-65.859,57.125,b15t,0.0
2014-01-07,-65.859,57.125,b15t,0.0
2014-01-08,-65.881,57.04,b15t,0.0
2014-01-09,-65.843,57.116,b15t,0.0
2014-01-10,-65.826,57.073,b15t,0.0
2014-01-11,-65.839,57.065,b15t,0.0
2014-01-12,-65.832,57.131,b15t,0.0
2014-01-13,-65.828,57.084,b15t,0.0
2014-01-14,-65.817,57.225,b15t,0.0
2014-01-15,-65.841,57.193,b15t,0.0
2014-01-16,-65.846,57.186,b15t,0.0
2014-01-17,-65.847,57.131,b15t,0.0
2014-01-18,-65.842,57.116,b15t,0.0
2014-01-19,-65.812,57.181,b15t,0.0
2014-01-20,-65.796,57.116,b15t,0.0
2014-01-21,-65.792,57.101,b15t,0.0
2014-01-22,-65.784,57.119,b15t,0.0
2014-01-23,-65.784,57.119,b15t,0.0
2014-01-24,-65.784,57.119,b15t,0.0
2014-01-25,-65.785,57.119,b15t,0.0
2014-01-26,-65.785,57.119,b15t,0.0
2014-01-27,-65.785,57.119,b15t,0.0
2014-01-28,-65.858,56.987,b15t,0.0
2014-01-29,-65.885,57.018,b15t,0.0
2014-01-30,-65.886,57.018,b15t,0.0
2014-01-31,-65.886,57.02,b15t,0.0
2014-02-01,-65.886,57.027,b15t,0.0
2014-02-02,-65.886,57.038,b15t,0.0
2014-02-03,-65.886,57.053,b15t,0.0
2014-02-04,-65.886,57.072,b15t,0.0
2014-02-05,-65.876,57.126,b15t,0.0
2014-02-06,-65.872,57.17,b15t,0.0
2014-02-07,-65.893,57.157,b15t,0.0
2014-02-08,-65.903,57.179,b15t,0.0
2014-02-09,-65.912,57.201,b15t,0.0
2014-02-10,-65.926,57.132,b15t,0.0
2014-02-11,-65.923,57.157,b15t,0.0
2014-02-12,-65.923,57.249,b15t,0.0
2014-02-13,-65.923,57.249,b15t,0.0
2014-02-14,-65.923,57.249,b15t,0.0
2014-02-15,-65.923,57.249,b15t,0.0
2014-02-16,-65.907,57.334,b15t,0.0
2014-02-17,-65.907,57.334,b15t,0.0
2014-02-18,-65.908,57.334,b15t,0.0
2014-02-19,-65.908,57.334,b15t,0.0
2014-02-20,-65.908,57.334,b15t,0.0
2014-02-21,-65.909,57.334,b15t,0.0
2014-02-22,-65.908,57.334,b15t,0.0
2014-02-23,-65.908,57.334,b15t,0.0
2014-02-24,-65.908,57.334,b15t,0.0
2014-02-25,-65.893,57.271,b15t,0.0
2014-02-26,-65.885,57.222,b15t,0.0
2014-02-27,-65.863,57.187,b15t,0.0
2014-02-28,-65.864,57.191,b15t,0.0
2014-03-01,-65.854,57.178,b15t,0.0
2014-03-02,-65.854,57.178,b15t,0.0
2014-03-03,-65.849,57.158,b15t,0.0
2014-03-04,-65.849,57.158,b15t,0.0
2014-03-05,-65.849,57.158,b15t,0.0
2014-03-06,-65.849,57.158,b15t,0.0
2014-03-07,-65.849,57.158,b15t,0.0
2014-03-08,-65.849,57.158,b15t,0.0
2014-03-09,-65.849,57.158,b15t,0.0
2014-03-10,-65.849,57.158,b15t,0.0
2014-03-11,-65.849,57.158,b15t,0.0
2014-03-12,-65.849,57.158,b15t,0.0
2014-03-13,-65.849,57.158,b15t,0.0
2014-03-14,-65.849,57.158,b15t,0.0
2014-03-15,-65.849,57.158,b15t,0.0
2014-03-16,-65.85,57.158,b15t,0.0
2014-03-17,-65.85,57.158,b15t,0.0
2014-03-18,-65.851,57.158,b15t,0.0
2014-03-19,-65.852,57.158,b15t,0.0
2014-03-20,-65.852,57.158,b15t,0.0
2014-03-21,-65.852,57.158,b15t,0.0
2014-03-22,-65.86,57.21,b15t,0.0
2014-03-23,-65.852,57.177,b15t,0.0
2014-03-24,-65.848,57.138,b15t,0.0
2014-03-25,-65.857,57.131,b15t,0.0
2014-03-26,-65.851,57.153,b15t,0.0
2014-03-27,-65.861,57.169,b15t,0.0
2014-03-28,-65.866,57.187,b15t,0.0
2014-03-29,-65.866,57.187,b15t,0.0
2014-03-30,-65.873,57.193,b15t,0.0
2014-03-31,-65.874,57.199,b15t,0.0
2014-04-01,-65.874,57.202,b15t,0.0
2014-04-02,-65.889,57.166,b15t,0.0
2014-04-03,-65.89,57.176,b15t,0.0
2014-04-04,-65.89,57.176,b15t,0.0
2014-04-05,-65.89,57.176,b15t,0.0
2014-04-06,-65.86,57.185,b15t,0.0
2014-04-07,-65.86,57.185,b15t,0.0
2014-04-08,-65.866,57.208,b15t,0.0
2014-04-09,-65.866,57.208,b15t,0.0
2014-04-10,-65.866,57.208,b15t,0.0
2014-04-11,-65.866,57.208,b15t,0.0
2014-04-12,-65.866,57.208,b15t,0.0
2014-04-13,-65.88,57.217,b15t,0.0
2014-04-14,-65.88,57.217,b15t,0.0
2014-04-15,-65.88,57.217,b15t,0.0
2014-04-16,-65.88,57.217,b15t,0.0
2014-04-17,-65.88,57.217,b15t,0.0
2014-04-18,-65.871,57.186,b15t,0.0
2014-04-19,-65.873,57.186,b15t,0.0
2014-04-20,-65.873,57.222,b15t,0.0
2014-04-21,-65.877,57.223,b15t,0.0
2014-04-22,-65.881,57.224,b15t,0.0
2014-04-23,-65.885,57.225,b15t,0.0
2014-04-24,-65.888,57.226,b15t,0.0
2014-04-25,-65.877,57.27,b15t,0.0
2014-04-26,-65.866,57.197,b15t,0.0
2014-04-27,-65.866,57.197,b15t,0.0
2014-04-28,-65.866,57.197,b15t,0.0
2014-04-29,-65.866,57.197,b15t,0.0
2014-04-30,-65.866,57.197,b15t,0.0
2014-05-01,-65.866,57.197,b15t,0.0
2014-05-02,-65.866,57.197,b15t,0.0
2014-05-03,-65.866,57.197,b15t,0.0
2014-05-04,-65.863,57.164,b15t,0.0
2014-05-05,-65.925,57.131,b15t,0.0
2014-05-06,-65.86,57.195,b15t,0.0
2014-05-07,-65.863,57.164,b15t,0.0
2014-05-08,-65.893,57.232,b15t,0.0
2014-05-09,-65.885,57.2,b15t,0.0
2014-05-10,-65.894,57.232,b15t,0.0
2014-05-11,-65.888,57.209,b15t,0.0
2014-05-12,-65.888,57.209,b15t,0.0
2014-05-13,-65.888,57.209,b15t,0.0
2014-05-14,-65.887,57.209,b15t,0.0
2014-05-15,-65.886,57.208,b15t,0.0
2014-05-16,-65.884,57.206,b15t,0.0
2014-05-17,-65.882,57.204,b15t,0.0
2014-05-18,-65.881,57.203,b15t,0.0
2014-05-19,-65.88,57.203,b15t,0.0
2014-05-20,-65.88,57.203,b15t,0.0
2014-05-21,-65.873,57.176,b15t,0.0
2014-05-22,-65.864,57.12,b15t,0.0
2014-05-23,-65.846,57.053,b15t,0.0
2014-05-24,-65.813,56.949,b15t,0.0
2014-05-25,-65.784,56.767,b15t,0.0
2014-05-26,-65.716,56.415,b15t,0.0
2014-05-27,-65.652,56.069,b15t,0.0
2014-05-28,-65.587,55.817,b15t,0.0
2014-05-29,-65.529,55.513,b15t,0.0
2014-05-30,-65.497,55.267,b15t,0.0
2014-05-31,-65.459,55.0,b15t,0.0
2014-06-01,-65.376,54.527,b15t,0.0
2014-06-02,-65.33,54.221,b15t,0.0
2014-06-03,-65.311,53.844,b15t,0.0
2014-06-04,-65.302,53.595,b15t,0.0
2014-06-05,-65.352,53.152,b15t,0.0
2014-06-06,-65.374,52.947,b15t,0.0
2014-06-07,-65.449,52.559,b15t,0.0
2014-06-08,-65.462,52.462,b15t,0.0
2014-06-09,-65.493,52.334,b15t,0.0
2014-06-10,-65.531,52.133,b15t,0.0
2014-06-11,-65.552,52.062,b15t,0.0
2014-06-12,-65.582,51.93,b15t,0.0
2014-06-13,-65.594,51.809,b15t,0.0
2014-06-14,-65.715,51.483,b15t,0.0
2014-06-15,-65.715,51.483,b15t,0.0
2014-06-16,-65.715,51.483,b15t,0.0
2014-06-17,-65.715,51.483,b15t,0.0
2014-06-18,-65.715,51.483,b15t,0.0
2014-06-19,-65.715,51.483,b15t,0.0
2014-06-20,-65.715,51.483,b15t,0.0
2014-06-21,-65.715,51.483,b15t,0.0
2014-06-22,-65.715,51.483,b15t,0.0
2014-06-23,-65.715,51.483,b15t,0.0
2014-06-24,-65.715,51.483,b15t,0.0
2014-06-25,-65.715,51.483,b15t,0.0
2014-06-26,-65.742,51.296,b15t,0.0
2014-06-27,-65.727,51.333,b15t,0.0
2014-06-28,-65.727,51.315,b15t,0.0
2014-06-29,-65.727,51.295,b15t,0.0
2014-06-30,-65.727,51.277,b15t,0.0
2014-07-01,-65.727,51.26,b15t,0.0
2014-07-02,-65.727,51.246,b15t,0.0
2014-07-03,-65.727,51.237,b15t,0.0
2014-07-04,-65.727,51.233,b15t,0.0
2014-07-05,-65.727,51.233,b15t,0.0
2014-07-06,-65.717,51.204,b15t,0.0
2014-07-07,-65.74,51.235,b15t,0.0
2014-07-08,-65.74,51.235,b15t,0.0
2014-07-09,-65.729,51.201,b15t,0.0
2014-07-10,-65.729,51.201,b15t,0.0
2014-07-11,-65.722,51.236,b15t,0.0
2014-07-12,-65.763,51.363,b15t,0.0
2014-07-13,-65.818,51.338,b15t,0.0
2014-07-14,-65.787,51.358,b15t,0.0
2014-07-15,-65.787,51.358,b15t,0.0
2014-07-16,-65.787,51.358,b15t,0.0
2014-07-17,-65.787,51.358,b15t,0.0
2014-07-18,-65.816,51.37,b15t,0.0
2014-07-19,-65.783,51.421,b15t,0.0
2014-07-20,-65.802,51.328,b15t,0.0
2014-07-21,-65.812,51.433,b15t,0.0
2014-07-22,-65.812,51.433,b15t,0.0
2014-07-23,-65.812,51.433,b15t,0.0
2014-07-24,-65.816,51.329,b15t,0.0
2014-07-25,-65.748,51.32,b15t,0.0
2014-07-26,-65.75,51.364,b15t,0.0
2014-07-27,-65.75,51.364,b15t,0.0
2014-07-28,-65.754,51.321,b15t,0.0
2014-07-29,-65.754,51.321,b15t,0.0
2014-07-30,-65.754,51.321,b15t,0.0
2014-07-31,-65.754,51.321,b15t,0.0
2014-08-01,-65.754,51.321,b15t,0.0
2014-08-02,-65.754,51.321,b15t,0.0
2014-08-03,-65.754,51.321,b15t,0.0
2014-08-04,-65.754,51.321,b15t,0.0
2014-08-05,-65.754,51.321,b15t,0.0
2014-08-06,-65.754,51.321,b15t,0.0
2014-08-07,-65.754,51.321,b15t,0.0
2014-08-08,-65.754,51.321,b15t,0.0
2014-08-09,-65.754,51.319,b15t,0.0
2014-08-10,-65.754,51.315,b15t,0.0
2014-08-11,-65.754,51.309,b15t,0.0
2014-08-12,-65.744,51.349,b15t,0.0
2014-08-13,-65.744,51.343,b15t,0.0
2014-08-14,-65.736,51.314,b15t,0.0
2014-08-15,-65.736,51.312,b15t,0.0
2014-08-16,-65.736,51.312,b15t,0.0
2014-08-17,-65.736,51.312,b15t,0.0
2014-08-18,-65.736,51.312,b15t,0.0
2014-08-19,-65.739,51.341,b15t,0.0
2014-08-20,-65.739,51.341,b15t,0.0
2014-08-21,-65.739,51.341,b15t,0.0
2014-08-22,-65.743,51.313,b15t,0.0
2014-08-23,-65.727,51.303,b15t,0.0
2014-08-24,-65.735,51.308,b15t,0.0
2014-08-25,-65.735,51.308,b15t,0.0
2014-08-26,-65.738,51.316,b15t,0.0
2014-08-27,-65.738,51.316,b15t,0.0
2014-08-28,-65.725,51.335,b15t,0.0
2014-08-29,-65.725,51.335,b15t,0.0
2014-08-30,-65.725,51.335,b15t,0.0
2014-08-31,-65.727,51.283,b15t,0.0
2014-09-01,-65.731,51.316,b15t,0.0
2014-09-02,-65.734,51.268,b15t,0.0
2014-09-03,-65.727,51.323,b15t,0.0
2014-09-04,-65.727,51.323,b15t,0.0
2014-09-05,-65.635,51.048,b15t,0.0
2014-09-06,-65.664,50.969,b15t,0.0
2014-09-07,-65.677,50.901,b15t,0.0
2014-09-08,-65.793,50.695,b15t,0.0
2014-09-09,-65.796,50.286,b15t,0.0
2014-09-10,-65.813,50.114,b15t,0.0
2014-09-11,-65.843,49.855,b15t,0.0
2014-09-12,-65.861,49.748,b15t,0.0
2014-09-13,-65.852,49.664,b15t,0.0
2014-09-14,-65.928,49.395,b15t,0.0
2014-09-15,-65.914,49.296,b15t,0.0
2014-09-16,-65.879,49.212,b15t,0.0
2014-09-17,-65.896,49.054,b15t,0.0
2014-09-18,-65.886,48.994,b15t,0.0
2014-09-19,-65.895,48.937,b15t,0.0
2014-09-20,-65.933,48.949,b15t,0.0
2014-09-21,-65.985,48.954,b15t,0.0
2014-09-22,-66.055,48.96,b15t,0.0
2014-09-23,-66.164,48.98,b15t,0.0
2014-09-24,-66.236,48.987,b15t,0.0
2014-09-25,-66.306,48.922,b15t,0.0
2014-09-26,-66.32,48.908,b15t,0.0
2014-09-27,-66.321,48.892,b15t,0.0
2014-09-28,-66.308,48.747,b15t,0.0
2014-09-29,-66.291,48.589,b15t,0.0
2014-09-30,-66.291,48.509,b15t,0.0
2014-10-01,-66.259,48.379,b15t,0.0
2014-10-02,-66.26,48.292,b15t,0.0
2014-10-03,-66.293,48.173,b15t,0.0
2014-10-04,-66.316,47.971,b15t,0.0
2014-10-05,-66.334,47.773,b15t,0.0
2014-10-06,-66.39,47.579,b15t,0.0
2014-10-07,-66.443,47.362,b15t,0.0
2014-10-08,-66.472,47.142,b15t,0.0
2014-10-09,-66.523,47.026,b15t,0.0
2014-10-10,-66.514,46.939,b15t,0.0
2014-10-11,-66.538,46.859,b15t,0.0
2014-10-12,-66.54,46.832,b15t,0.0
2014-10-13,-66.542,46.809,b15t,0.0
2014-10-14,-66.521,46.723,b15t,0.0
2014-10-15,-66.523,46.708,b15t,0.0
2014-10-16,-66.523,46.699,b15t,0.0
2014-10-17,-66.523,46.696,b15t,0.0
2014-10-18,-66.523,46.696,b15t,0.0
2014-10-19,-66.57,46.652,b15t,0.0
2014-10-20,-66.57,46.652,b15t,0.0
2014-10-21,-66.602,46.593,b15t,0.0
2014-10-22,-66.629,46.612,b15t,0.0
2014-10-23,-66.636,46.512,b15t,0.0
2014-10-24,-66.67,46.428,b15t,0.0
2014-10-25,-66.677,46.324,b15t,0.0
2014-10-26,-66.726,46.282,b15t,0.0
2014-10-27,-66.752,46.21,b15t,0.0
2014-10-28,-66.778,46.088,b15t,0.0
2014-10-29,-66.809,46.006,b15t,0.0
2014-10-30,-66.836,45.934,b15t,0.0
2014-10-31,-66.856,45.883,b15t,0.0
2014-11-01,-66.88,45.878,b15t,0.0
2014-11-02,-66.911,45.789,b15t,0.0
2014-11-03,-66.941,45.738,b15t,0.0
2014-11-04,-66.974,45.625,b15t,0.0
2014-11-05,-67.009,45.506,b15t,0.0
2014-11-06,-67.018,45.482,b15t,0.0
2014-11-07,-67.027,45.454,b15t,0.0
2014-11-08,-67.034,45.424,b15t,0.0
2014-11-09,-67.041,45.393,b15t,0.0
2014-11-10,-67.057,45.302,b15t,0.0
2014-11-11,-67.063,45.268,b15t,0.0
2014-11-12,-67.085,45.103,b15t,0.0
2014-11-13,-67.091,45.067,b15t,0.0
2014-11-14,-67.098,45.029,b15t,0.0
2014-11-15,-67.105,44.986,b15t,0.0
2014-11-16,-67.113,44.938,b15t,0.0
2014-11-17,-67.093,44.958,b15t,0.0
2014-11-18,-67.1,44.907,b15t,0.0
2014-11-19,-67.173,44.6,b15t,0.0
2014-11-20,-67.17,44.489,b15t,0.0
2014-11-21,-67.218,44.338,b15t,0.0
2014-11-22,-67.242,44.229,b15t,0.0
2014-11-23,-67.277,44.137,b15t,0.0
2014-11-24,-67.302,43.887,b15t,0.0
2014-11-25,-67.339,43.784,b15t,0.0
2014-11-26,-67.339,43.784,b15t,0.0
2014-11-27,-67.339,43.784,b15t,0.0
2014-11-28,-67.339,43.784,b15t,0.0
2014-11-29,-67.339,43.784,b15t,0.0
2014-11-30,-67.339,43.784,b15t,0.0
2014-12-01,-67.304,43.732,b15t,0.0
2014-12-02,-67.304,43.732,b15t,0.0
2014-12-03,-67.312,43.635,b15t,0.0
2014-12-04,-67.3,43.521,b15t,0.0
2014-12-05,-67.32,43.521,b15t,0.0
2014-12-06,-67.338,43.444,b15t,0.0
2014-12-07,-67.398,43.303,b15t,0.0
2014-12-08,-67.401,43.11,b15t,0.0
2014-12-09,-67.401,43.004,b15t,0.0
2014-12-10,-67.465,42.902,b15t,0.0
2014-12-11,-67.614,42.684,b15t,0.0
2014-12-12,-67.64,42.507,b15t,0.0
2014-12-13,-67.66,42.258,b15t,0.0
2014-12-14,-67.665,41.872,b15t,0.0
2014-12-15,-67.72,41.666,b15t,0.0
2014-12-16,-67.798,41.345,b15t,0.0
2014-12-17,-67.818,41.087,b15t,0.0
2014-12-18,-67.889,40.655,b15t,0.0
2014-12-19,-67.917,40.31,b15t,0.0
2014-12-20,-67.972,39.808,b15t,0.0
2014-12-21,-68.013,39.413,b15t,0.0
2014-12-22,-68.098,38.686,b15t,0.0
2014-12-23,-68.158,38.106,b15t,0.0
2014-12-24,-68.202,37.639,b15t,0.0
2014-12-25,-68.278,37.139,b15t,0.0
2014-12-26,-68.297,37.027,b15t,0.0
2014-12-27,-68.326,36.962,b15t,0.0
2014-12-28,-68.332,36.951,b15t,0.0
2014-12-29,-68.357,37.107,b15t,0.0
2014-12-30,-68.364,37.24,b15t,0.0
2014-12-31,-68.373,37.33,b15t,0.0
2015-01-01,-68.354,37.581,b15t,0.0
2015-01-02,-68.363,37.505,b15t,0.0
2015-01-03,-68.335,37.473,b15t,0.0
2015-01-04,-68.333,37.33,b15t,0.0
2015-01-05,-68.318,37.213,b15t,0.0
2015-01-06,-68.298,37.162,b15t,0.0
2015-01-07,-68.282,37.072,b15t,0.0
2015-01-08,-68.264,36.964,b15t,0.0
2015-01-09,-68.225,36.855,b15t,0.0
2015-01-10,-68.205,36.793,b15t,0.0
2015-01-11,-68.179,36.896,b15t,0.0
2015-01-12,-68.145,36.456,b15t,0.0
2015-01-13,-68.092,36.435,b15t,0.0
2015-01-14,-68.079,36.39,b15t,0.0
2015-01-15,-68.061,36.303,b15t,0.0
2015-01-16,-68.062,36.178,b15t,0.0
2015-01-17,-68.071,36.016,b15t,0.0
2015-01-18,-68.079,35.833,b15t,0.0
2015-01-19,-68.075,35.633,b15t,0.0
2015-01-20,-68.095,35.478,b15t,0.0
2015-01-21,-68.105,35.38,b15t,0.0
2015-01-22,-68.104,35.114,b15t,0.0
2015-01-23,-68.106,34.987,b15t,0.0
2015-01-24,-68.077,34.752,b15t,0.0
2015-01-25,-68.058,34.579,b15t,0.0
2015-01-26,-68.009,34.29,b15t,0.0
2015-01-27,-68.008,34.202,b15t,0.0
2015-01-28,-67.929,33.901,b15t,0.0
2015-01-29,-67.956,33.782,b15t,0.0
2015-01-30,-67.998,33.68,b15t,0.0
2015-01-31,-68.019,33.594,b15t,0.0
2015-02-01,-68.055,33.492,b15t,0.0
2015-02-02,-68.066,33.328,b15t,0.0
2015-02-03,-68.129,33.137,b15t,0.0
2015-02-04,-68.173,33.077,b15t,0.0
2015-02-05,-68.221,33.016,b15t,0.0
2015-02-06,-68.213,32.92,b15t,0.0
2015-02-07,-68.233,32.935,b15t,0.0
2015-02-08,-68.231,32.918,b15t,0.0
2015-02-09,-68.236,32.918,b15t,0.0
2015-02-10,-68.239,32.834,b15t,0.0
2015-02-11,-68.233,32.831,b15t,0.0
2015-02-12,-68.244,32.784,b15t,0.0
2015-02-13,-68.277,32.772,b15t,0.0
2015-02-14,-68.285,32.773,b15t,0.0
2015-02-15,-68.321,32.746,b15t,0.0
2015-02-16,-68.358,32.702,b15t,0.0
2015-02-17,-68.368,32.429,b15t,0.0
2015-02-18,-68.397,32.365,b15t,0.0
2015-02-19,-68.417,32.309,b15t,0.0
2015-02-20,-68.43,32.272,b15t,0.0
2015-02-21,-68.439,32.235,b15t,0.0
2015-02-22,-68.447,32.199,b15t,0.0
2015-02-23,-68.481,32.114,b15t,0.0
2015-02-24,-68.495,31.942,b15t,0.0
2015-02-25,-68.519,31.793,b15t,0.0
2015-02-26,-68.581,31.628,b15t,0.0
2015-02-27,-68.612,31.421,b15t,0.0
2015-02-28,-68.66,31.25,b15t,0.0
2015-03-01,-68.747,30.967,b15t,0.0
2015-03-02,-68.863,30.515,b15t,0.0
2015-03-03,-68.996,29.923,b15t,0.0
2015-03-04,-69.127,29.295,b15t,0.0
2015-03-05,-69.233,28.737,b15t,0.0
2015-03-06,-69.307,28.298,b15t,0.0
2015-03-07,-69.407,27.935,b15t,0.0
2015-03-08,-69.586,27.074,b15t,0.0
2015-03-09,-69.632,26.871,b15t,0.0
2015-03-10,-69.759,26.282,b15t,0.0
2015-03-11,-69.833,25.884,b15t,0.0
2015-03-12,-69.871,25.639,b15t,0.0
2015-03-13,-69.881,25.403,b15t,0.0
2015-03-14,-69.905,25.074,b15t,0.0
2015-03-15,-69.89,24.747,b15t,0.0
2015-03-16,-69.903,24.393,b15t,0.0
2015-03-17,-69.883,24.025,b15t,0.0
2015-03-18,-69.854,23.701,b15t,0.0
2015-03-19,-69.672,21.322,b15t,0.0
2015-03-20,-69.65,20.524,b15t,0.0
2015-03-21,-69.63,19.965,b15t,0.0
2015-03-22,-69.657,19.606,b15t,0.0
2015-03-23,-69.675,19.261,b15t,0.0
2015-03-24,-69.685,19.01,b15t,0.0
2015-03-25,-69.666,18.852,b15t,0.0
2015-03-26,-69.707,18.851,b15t,0.0
2015-03-27,-69.709,18.815,b15t,0.0
2015-03-28,-69.709,18.77,b15t,0.0
2015-03-29,-69.707,18.789,b15t,0.0
2015-03-30,-69.703,18.815,b15t,0.0
2015-03-31,-69.703,18.932,b15t,0.0
2015-04-01,-69.681,18.963,b15t,0.0
2015-04-02,-69.679,19.035,b15t,0.0
2015-04-03,-69.654,19.021,b15t,0.0
2015-04-04,-69.56,18.834,b15t,0.0
2015-04-05,-69.512,18.474,b15t,0.0
2015-04-06,-69.5,17.74,b15t,0.0
2015-04-07,-69.447,17.361,b15t,0.0
2015-04-08,-69.44,17.055,b15t,0.0
2015-04-09,-69.396,16.738,b15t,0.0
2015-04-10,-69.352,16.444,b15t,0.0
2015-04-11,-69.327,16.016,b15t,0.0
2015-04-12,-69.297,15.712,b15t,0.0
2015-04-13,-69.245,15.199,b15t,0.0
2015-04-14,-69.235,14.632,b15t,0.0
2015-04-15,-69.24,14.103,b15t,0.0
2015-04-16,-69.264,13.442,b15t,0.0
2015-04-17,-69.284,12.998,b15t,0.0
2015-04-18,-69.311,12.841,b15t,0.0
2015-04-19,-69.357,12.614,b15t,0.0
2015-04-20,-69.364,12.607,b15t,0.0
2015-04-21,-69.365,12.411,b15t,0.0
2015-04-22,-69.402,12.42,b15t,0.0
2015-04-23,-69.435,12.167,b15t,0.0
2015-04-24,-69.436,12.016,b15t,0.0
2015-04-25,-69.498,11.662,b15t,0.0
2015-04-26,-69.536,11.369,b15t,0.0
2015-04-27,-69.597,10.938,b15t,0.0
2015-04-28,-69.609,10.497,b15t,0.0
2015-04-29,-69.695,9.84,b15t,0.0
2015-04-30,-69.746,9.338,b15t,0.0
2015-05-01,-69.768,8.816,b15t,0.0
2015-05-02,-69.765,7.995,b15t,0.0
2015-05-03,-69.814,7.314,b15t,0.0
2015-05-04,-69.899,6.449,b15t,0.0
2015-05-05,-69.92,5.815,b15t,0.0
2015-05-06,-69.947,4.949,b15t,0.0
2015-05-07,-69.989,4.111,b15t,0.0
2015-05-08,-69.814,5.861,b15t,0.0
2015-05-09,-69.903,1.811,b15t,0.0
2015-05-10,-69.624,0.412,b15t,0.0
2015-05-11,-69.513,-0.443,b15t,0.0
2015-05-12,-69.565,-1.42,b15t,0.0
2015-05-13,-69.824,-1.907,b15t,0.0
2015-05-14,-69.958,-2.697,b15t,0.0
2015-05-15,-70.002,-3.305,b15t,0.0
2015-05-16,-69.976,-3.771,b15t,0.0
2015-05-17,-70.009,-4.404,b15t,0.0
2015-05-18,-70.05,-5.062,b15t,0.0
2015-05-19,-70.131,-5.648,b15t,0.0
2015-05-20,-70.199,-6.252,b15t,0.0
2015-05-21,-70.251,-6.706,b15t,0.0
2015-05-22,-70.268,-7.267,b15t,0.0
2015-05-23,-70.293,-7.671,b15t,0.0
2015-05-24,-70.294,-7.94,b15t,0.0
2015-05-25,-70.326,-8.238,b15t,0.0
2015-05-26,-70.334,-8.454,b15t,0.0
2015-05-27,-70.324,-8.613,b15t,0.0
2015-05-28,-70.345,-8.829,b15t,0.0
2015-05-29,-70.359,-9.197,b15t,0.0
2015-05-30,-70.367,-9.484,b15t,0.0
2015-05-31,-70.454,-9.847,b15t,0.0
2015-06-01,-70.526,-10.075,b15t,0.0
2015-06-02,-70.643,-10.436,b15t,0.0
2015-06-03,-70.671,-10.64,b15t,0.0
2015-06-04,-70.751,-10.943,b15t,0.0
2015-06-05,-70.833,-11.166,b15t,0.0
2015-06-06,-70.881,-11.46,b15t,0.0
2015-06-07,-70.934,-11.817,b15t,0.0
2015-06-08,-70.986,-12.229,b15t,0.0
2015-06-09,-71.06,-12.628,b15t,0.0
2015-06-10,-71.126,-13.071,b15t,0.0
2015-06-11,-71.23,-13.508,b15t,0.0
2015-06-12,-71.283,-13.787,b15t,0.0
2015-06-13,-71.356,-14.079,b15t,0.0
2015-06-14,-71.421,-14.398,b15t,0.0
2015-06-15,-71.503,-14.748,b15t,0.0
2015-06-16,-71.602,-15.041,b15t,0.0
2015-06-17,-71.683,-15.313,b15t,0.0
2015-06-18,-71.754,-15.532,b15t,0.0
2015-06-19,-71.75,-15.62,b15t,0.0
2015-06-20,-71.779,-15.875,b15t,0.0
2015-06-21,-71.805,-16.117,b15t,0.0
2015-06-22,-71.813,-16.185,b15t,0.0
2015-06-23,-71.82,-16.247,b15t,0.0
2015-06-24,-71.875,-16.522,b15t,0.0
2015-06-25,-71.914,-16.633,b15t,0.0
2015-06-26,-71.986,-16.814,b15t,0.0
2015-06-27,-72.003,-16.886,b15t,0.0
2015-06-28,-72.036,-17.067,b15t,0.0
2015-06-29,-72.066,-17.239,b15t,0.0
2015-06-30,-72.098,-17.313,b15t,0.0
2015-07-01,-72.244,-17.632,b15t,0.0
2015-07-02,-72.302,-17.959,b15t,0.0
2015-07-03,-72.423,-18.447,b15t,0.0
2015-07-04,-72.525,-18.76,b15t,0.0
2015-07-05,-72.671,-19.343,b15t,0.0
2015-07-06,-72.885,-20.046,b15t,0.0
2015-07-07,-72.986,-20.595,b15t,0.0
2015-07-08,-73.09,-21.165,b15t,0.0
2015-07-09,-73.184,-21.582,b15t,0.0
2015-07-10,-73.26,-21.946,b15t,0.0
2015-07-11,-73.372,-22.283,b15t,0.0
2015-07-12,-73.434,-22.573,b15t,0.0
2015-07-13,-73.51,-22.836,b15t,0.0
2015-07-14,-73.546,-22.977,b15t,0.0
2015-07-15,-73.647,-23.348,b15t,0.0
2015-07-16,-73.689,-23.632,b15t,0.0
2015-07-17,-73.71,-23.751,b15t,0.0
2015-07-18,-73.729,-23.766,b15t,0.0
2015-07-19,-73.749,-23.956,b15t,0.0
2015-07-20,-73.749,-23.956,b15t,0.0
2015-07-21,-73.749,-23.956,b15t,0.0
2015-07-22,-73.749,-23.956,b15t,0.0
2015-07-23,-73.749,-23.956,b15t,0.0
2015-07-24,-73.801,-24.595,b15t,0.0
2015-07-25,-73.843,-25.381,b15t,0.0
2015-07-26,-73.885,-25.774,b15t,0.0
2015-07-27,-73.94,-25.952,b15t,0.0
2015-07-28,-73.94,-25.952,b15t,0.0
2015-07-29,-74.004,-26.145,b15t,0.0
2015-07-30,-74.026,-26.348,b15t,0.0
2015-07-31,-74.028,-26.414,b15t,0.0
2015-08-01,-74.049,-26.549,b15t,0.0
2015-08-02,-74.049,-26.56,b15t,0.0
2015-08-03,-74.049,-26.569,b15t,0.0
2015-08-04,-74.061,-26.599,b15t,0.0
2015-08-05,-74.061,-26.607,b15t,0.0
2015-08-06,-74.092,-26.651,b15t,0.0
2015-08-07,-74.03,-26.507,b15t,0.0
2015-08-08,-74.069,-26.349,b15t,0.0
2015-08-09,-74.111,-26.336,b15t,0.0
2015-08-10,-74.194,-26.321,b15t,0.0
2015-08-11,-74.228,-26.335,b15t,0.0
2015-08-12,-74.293,-26.322,b15t,0.0
2015-08-13,-74.373,-26.348,b15t,0.0
2015-08-14,-74.412,-26.445,b15t,0.0
2015-08-15,-74.443,-26.069,b15t,0.0
2015-08-16,-74.443,-26.069,b15t,0.0
2015-08-17,-74.554,-26.167,b15t,0.0
2015-08-18,-74.665,-26.264,b15t,0.0
2015-08-19,-74.665,-26.264,b15t,0.0
2015-08-20,-74.726,-26.627,b15t,0.0
2015-08-21,-74.726,-26.627,b15t,0.0
2015-08-22,-74.735,-26.98,b15t,0.0
2015-08-23,-74.735,-26.98,b15t,0.0
2015-08-24,-74.752,-27.524,b15t,0.0
2015-08-25,-74.752,-27.524,b15t,0.0
2015-08-26,-74.752,-27.524,b15t,0.0
2015-08-27,-74.752,-27.524,b15t,0.0
2015-08-28,-74.661,-27.791,b15t,0.0
2015-08-29,-74.639,-27.858,b15t,0.0
2015-08-30,-74.646,-27.841,b15t,0.0
2015-08-31,-74.652,-27.819,b15t,0.0
2015-09-01,-74.658,-27.794,b15t,0.0
2015-09-02,-74.662,-27.772,b15t,0.0
2015-09-03,-74.666,-27.755,b15t,0.0
2015-09-04,-74.688,-27.469,b15t,0.0
2015-09-05,-74.688,-27.469,b15t,0.0
2015-09-06,-74.688,-27.469,b15t,0.0
2015-09-07,-74.688,-27.469,b15t,0.0
2015-09-08,-74.688,-27.469,b15t,0.0
2015-09-09,-74.688,-27.469,b15t,0.0
2015-09-10,-74.688,-27.469,b15t,0.0
2015-09-11,-74.688,-27.469,b15t,0.0
2015-09-12,-74.688,-27.469,b15t,0.0
2015-09-13,-74.688,-27.469,b15t,0.0
2015-09-14,-74.71,-27.311,b15t,0.0
2015-09-15,-74.71,-27.311,b15t,0.0
2015-09-16,-74.686,-27.36,b15t,0.0
2015-09-17,-74.686,-27.36,b15t,0.0
2015-09-18,-74.686,-27.36,b15t,0.0
2015-09-19,-74.693,-27.262,b15t,0.0
2015-09-20,-74.695,-27.232,b15t,0.0
2015-09-21,-74.699,-27.188,b15t,0.0
2015-09-22,-74.703,-27.135,b15t,0.0
2015-09-23,-74.708,-27.078,b15t,0.0
2015-09-24,-74.766,-27.142,b15t,0.0
2015-09-25,-74.77,-27.093,b15t,0.0
2015-09-26,-74.784,-26.962,b15t,0.0
2015-09-27,-74.784,-26.691,b15t,0.0
2015-09-28,-74.789,-26.64,b15t,0.0
2015-09-29,-74.75,-26.536,b15t,0.0
2015-09-30,-74.78,-26.437,b15t,0.0
2015-10-01,-74.784,-26.397,b15t,0.0
2015-10-02,-74.789,-26.366,b15t,0.0
2015-10-03,-74.793,-26.343,b15t,0.0
2015-10-04,-74.797,-26.322,b15t,0.0
2015-10-05,-74.801,-26.304,b15t,0.0
2015-10-06,-74.832,-26.391,b15t,0.0
2015-10-07,-74.835,-26.376,b15t,0.0
2015-10-08,-74.838,-26.36,b15t,0.0
2015-10-09,-74.84,-26.345,b15t,0.0
2015-10-10,-74.842,-26.328,b15t,0.0
2015-10-11,-74.844,-26.309,b15t,0.0
2015-10-12,-74.845,-26.29,b15t,0.0
2015-10-13,-74.847,-26.273,b15t,0.0
2015-10-14,-74.848,-26.258,b15t,0.0
2015-10-15,-74.848,-26.249,b15t,0.0
2015-10-16,-74.848,-26.245,b15t,0.0
2015-10-17,-74.848,-26.245,b15t,0.0
2015-10-18,-74.848,-26.245,b15t,0.0
2015-10-19,-74.848,-26.245,b15t,0.0
2015-10-20,-74.848,-26.245,b15t,0.0
2015-10-21,-74.848,-26.245,b15t,0.0
2015-10-22,-74.848,-26.245,b15t,0.0
2015-10-23,-74.848,-26.245,b15t,0.0
2015-10-24,-74.848,-26.243,b15t,0.0
2015-10-25,-74.848,-26.238,b15t,0.0
2015-10-26,-74.848,-26.232,b15t,0.0
2015-10-27,-74.848,-26.225,b15t,0.0
2015-10-28,-74.848,-26.218,b15t,0.0
2015-10-29,-74.848,-26.213,b15t,0.0
2015-10-30,-74.848,-26.212,b15t,0.0
2015-10-31,-74.875,-25.956,b15t,0.0
2015-11-01,-74.876,-25.956,b15t,0.0
2015-11-02,-74.878,-25.956,b15t,0.0
2015-11-03,-74.88,-25.956,b15t,0.0
2015-11-04,-74.881,-25.956,b15t,0.0
2015-11-05,-74.883,-25.956,b15t,0.0
2015-11-06,-74.883,-25.956,b15t,0.0
2015-11-07,-74.883,-25.956,b15t,0.0
2015-11-08,-74.883,-25.956,b15t,0.0
2015-11-09,-74.883,-25.956,b15t,0.0
2015-11-10,-74.883,-25.956,b15t,0.0
2015-11-11,-74.883,-25.956,b15t,0.0
2015-11-12,-74.883,-25.956,b15t,0.0
2015-11-13,-74.883,-25.956,b15t,0.0
2015-11-14,-74.9,-25.963,b15t,0.0
2015-11-15,-74.9,-25.963,b15t,0.0
2015-11-16,-74.9,-25.963,b15t,0.0
2015-11-17,-74.9,-25.963,b15t,0.0
2015-11-18,-74.87,-25.843,b15t,0.0
2015-11-19,-74.87,-25.843,b15t,0.0
2015-11-20,-74.87,-25.843,b15t,0.0
2015-11-21,-74.87,-25.843,b15t,0.0
2015-11-22,-74.87,-25.843,b15t,0.0
2015-11-23,-74.87,-25.843,b15t,0.0
2015-11-24,-74.865,-26.015,b15t,0.0
2015-11-25,-74.861,-26.188,b15t,0.0
2015-11-26,-74.861,-26.188,b15t,0.0
2015-11-27,-74.855,-26.086,b15t,0.0
2015-11-28,-74.854,-26.099,b15t,0.0
2015-11-29,-74.853,-26.131,b15t,0.0
2015-11-30,-74.851,-26.175,b15t,0.0
2015-12-01,-74.85,-26.224,b15t,0.0
2015-12-02,-74.846,-26.379,b15t,0.0
2015-12-03,-74.845,-26.421,b15t,0.0
2015-12-04,-74.86,-26.507,b15t,0.0
2015-12-05,-74.861,-26.526,b15t,0.0
2015-12-06,-74.865,-26.542,b15t,0.0
2015-12-07,-74.869,-26.556,b15t,0.0
2015-12-08,-74.875,-26.569,b15t,0.0
2015-12-09,-74.887,-26.657,b15t,0.0
2015-12-10,-74.89,-26.669,b15t,0.0
2015-12-11,-74.892,-26.683,b15t,0.0
2015-12-12,-74.891,-26.699,b15t,0.0
2015-12-13,-74.88,-26.828,b15t,0.0
2015-12-14,-74.878,-26.847,b15t,0.0
2015-12-15,-74.875,-26.865,b15t,0.0
2015-12-16,-74.872,-26.88,b15t,0.0
2015-12-17,-74.869,-26.89,b15t,0.0
2015-12-18,-74.866,-26.894,b15t,0.0
2015-12-19,-74.882,-26.887,b15t,0.0
2015-12-20,-74.882,-26.887,b15t,0.0
2015-12-21,-74.882,-26.887,b15t,0.0
2015-12-22,-74.882,-26.887,b15t,0.0
2015-12-23,-74.882,-26.887,b15t,0.0
2015-12-24,-74.882,-26.887,b15t,0.0
2015-12-25,-74.826,-26.869,b15t,0.0
2015-12-26,-74.826,-26.869,b15t,0.0
2015-12-27,-74.826,-26.869,b15t,0.0
2015-12-28,-74.826,-26.869,b15t,0.0
2015-12-29,-74.826,-26.869,b15t,0.0
2015-12-30,-74.814,-26.895,b15t,0.0
2015-12-31,-74.814,-26.895,b15t,0.0
2016-01-01,-74.807,-26.864,b15t,0.0
2016-01-02,-74.803,-26.864,b15t,0.0
2016-01-03,-74.772,-26.794,b15t,0.0
2016-01-04,-74.765,-26.794,b15t,0.0
2016-01-05,-74.759,-26.794,b15t,0.0
2016-01-06,-74.753,-26.794,b15t,0.0
2016-01-07,-74.749,-26.794,b15t,0.0
2016-01-08,-74.748,-26.794,b15t,0.0
2016-01-09,-74.765,-26.872,b15t,0.0
2016-01-10,-74.772,-26.897,b15t,0.0
2016-01-11,-74.791,-26.994,b15t,0.0
2016-01-12,-74.813,-27.128,b15t,0.0
2016-01-13,-74.823,-27.178,b15t,0.0
2016-01-14,-74.85,-27.29,b15t,0.0
2016-01-15,-74.853,-27.337,b15t,0.0
2016-01-16,-74.848,-27.39,b15t,0.0
2016-01-17,-74.854,-27.693,b15t,0.0
2016-01-18,-74.897,-27.88,b15t,0.0
2016-01-19,-74.897,-27.88,b15t,0.0
2016-01-20,-74.868,-28.079,b15t,0.0
2016-01-21,-74.817,-28.359,b15t,0.0
2016-01-22,-74.817,-28.359,b15t,0.0
2016-01-23,-74.765,-28.477,b15t,0.0
2016-01-24,-74.765,-28.477,b15t,0.0
2016-01-25,-74.765,-28.477,b15t,0.0
2016-01-26,-74.673,-28.553,b15t,0.0
2016-01-27,-74.619,-28.451,b15t,0.0
2016-01-28,-74.488,-28.472,b15t,0.0
2016-01-29,-74.414,-28.856,b15t,0.0
2016-01-30,-74.411,-28.861,b15t,0.0
2016-01-31,-74.411,-28.861,b15t,0.0
2016-02-01,-74.411,-28.861,b15t,0.0
2016-02-02,-74.411,-28.861,b15t,0.0
2016-02-03,-74.411,-28.861,b15t,0.0
2016-02-04,-74.411,-28.861,b15t,0.0
2016-02-05,-74.411,-28.861,b15t,0.0
2016-02-06,-74.411,-28.861,b15t,0.0
2016-02-07,-74.411,-28.861,b15t,0.0
2016-02-08,-74.399,-28.665,b15t,0.0
2016-02-09,-74.387,-28.469,b15t,0.0
2016-02-10,-74.387,-28.469,b15t,0.0
2016-02-11,-74.385,-28.328,b15t,0.0
2016-02-12,-74.385,-28.328,b15t,0.0
2016-02-13,-74.287,-28.528,b15t,0.0
2016-02-14,-74.287,-28.528,b15t,0.0
2016-02-15,-74.287,-28.528,b15t,0.0
2016-02-16,-74.287,-28.528,b15t,0.0
2016-02-17,-74.289,-28.677,b15t,0.0
2016-02-18,-74.289,-28.677,b15t,0.0
2016-02-19,-74.311,-28.924,b15t,0.0
2016-02-20,-74.311,-28.924,b15t,0.0
2016-02-21,-74.33,-29.021,b15t,0.0
2016-02-22,-74.33,-29.021,b15t,0.0
2016-02-23,-74.33,-29.021,b15t,0.0
2016-02-24,-74.33,-29.021,b15t,0.0
2016-02-25,-74.322,-28.759,b15t,0.0
2016-02-26,-74.279,-28.658,b15t,0.0
2016-02-27,-74.279,-28.658,b15t,0.0
2016-02-28,-74.279,-28.658,b15t,0.0
2016-02-29,-74.279,-28.658,b15t,0.0
2016-03-01,-74.279,-28.658,b15t,0.0
2016-03-02,-74.23,-28.519,b15t,0.0
2016-03-03,-74.23,-28.519,b15t,0.0
2016-03-04,-74.24,-28.318,b15t,0.0
2016-03-05,-74.206,-28.444,b15t,0.0
2016-03-06,-74.186,-28.614,b15t,0.0
2016-03-07,-74.179,-28.627,b15t,0.0
2016-03-08,-74.173,-28.314,b15t,0.0
2016-03-09,-74.158,-28.211,b15t,0.0
2016-03-10,-74.167,-28.148,b15t,0.0
2016-03-11,-74.157,-28.173,b15t,0.0
2016-03-12,-74.146,-28.214,b15t,0.0
2016-03-13,-74.097,-28.446,b15t,0.0
2016-03-14,-74.068,-28.673,b15t,0.0
2016-03-15,-74.039,-28.906,b15t,0.0
2016-03-16,-74.025,-29.005,b15t,0.0
2016-03-17,-73.989,-29.164,b15t,0.0
2016-03-18,-73.977,-29.247,b15t,0.0
2016-03-19,-73.948,-29.449,b15t,0.0
2016-03-20,-73.936,-29.611,b15t,0.0
2016-03-21,-73.892,-29.862,b15t,0.0
2016-03-22,-73.883,-29.936,b15t,0.0
2016-03-23,-73.823,-30.071,b15t,0.0
2016-03-24,-73.814,-30.134,b15t,0.0
2016-03-25,-73.802,-30.287,b15t,0.0
2016-03-26,-73.794,-30.332,b15t,0.0
2016-03-27,-73.767,-30.453,b15t,0.0
2016-03-28,-73.76,-30.486,b15t,0.0
2016-03-29,-73.729,-30.595,b15t,0.0
2016-03-30,-73.716,-30.739,b15t,0.0
2016-03-31,-73.684,-30.929,b15t,0.0
2016-04-01,-73.676,-30.974,b15t,0.0
2016-04-02,-73.651,-31.168,b15t,0.0
2016-04-03,-73.622,-31.317,b15t,0.0
2016-04-04,-73.606,-31.539,b15t,0.0
2016-04-05,-73.613,-31.734,b15t,0.0
2016-04-06,-73.604,-31.816,b15t,0.0
2016-04-07,-73.598,-31.881,b15t,0.0
2016-04-08,-73.605,-32.005,b15t,0.0
2016-04-09,-73.629,-32.138,b15t,0.0
2016-04-10,-73.633,-32.153,b15t,0.0
2016-04-11,-73.64,-32.165,b15t,0.0
2016-04-12,-73.649,-32.175,b15t,0.0
2016-04-13,-73.669,-32.291,b15t,0.0
2016-04-14,-73.689,-32.312,b15t,0.0
2016-04-15,-73.712,-32.422,b15t,0.0
2016-04-16,-73.737,-32.488,b15t,0.0
2016-04-17,-73.747,-32.52,b15t,0.0
2016-04-18,-73.757,-32.557,b15t,0.0
2016-04-19,-73.767,-32.599,b15t,0.0
2016-04-20,-73.804,-32.728,b15t,0.0
2016-04-21,-73.814,-32.774,b15t,0.0
2016-04-22,-73.822,-32.822,b15t,0.0
2016-04-23,-73.875,-33.019,b15t,0.0
2016-04-24,-73.875,-33.166,b15t,0.0
2016-04-25,-73.876,-33.241,b15t,0.0
2016-04-26,-73.879,-33.318,b15t,0.0
2016-04-27,-73.884,-33.452,b15t,0.0
2016-04-28,-73.894,-33.489,b15t,0.0
2016-04-29,-73.922,-33.604,b15t,0.0
2016-04-30,-73.921,-33.705,b15t,0.0
2016-05-01,-73.928,-33.776,b15t,0.0
2016-05-02,-73.948,-33.908,b15t,0.0
2016-05-03,-73.948,-34.053,b15t,0.0
2016-05-04,-73.959,-34.175,b15t,0.0
2016-05-05,-73.973,-34.314,b15t,0.0
2016-05-06,-73.973,-34.529,b15t,0.0
2016-05-07,-73.987,-34.709,b15t,0.0
2016-05-08,-74.028,-34.886,b15t,0.0
2016-05-09,-74.043,-34.953,b15t,0.0
2016-05-10,-74.056,-35.021,b15t,0.0
2016-05-11,-74.07,-35.171,b15t,0.0
2016-05-12,-74.056,-35.323,b15t,0.0
2016-05-13,-74.043,-35.508,b15t,0.0
2016-05-14,-74.029,-35.712,b15t,0.0
2016-05-15,-74.011,-35.897,b15t,0.0
2016-05-16,-73.98,-36.045,b15t,0.0
2016-05-17,-73.993,-36.256,b15t,0.0
2016-05-18,-73.977,-36.568,b15t,0.0
2016-05-19,-73.975,-36.652,b15t,0.0
2016-05-20,-73.968,-36.877,b15t,0.0
2016-05-21,-73.938,-37.061,b15t,0.0
2016-05-22,-73.912,-37.168,b15t,0.0
2016-05-23,-73.884,-37.243,b15t,0.0
2016-05-24,-73.842,-37.338,b15t,0.0
2016-05-25,-73.803,-37.385,b15t,0.0
2016-05-26,-73.763,-37.464,b15t,0.0
2016-05-27,-73.749,-37.521,b15t,0.0
2016-05-28,-73.686,-37.626,b15t,0.0
2016-05-29,-73.606,-37.941,b15t,0.0
2016-05-30,-73.572,-38.133,b15t,0.0
2016-05-31,-73.524,-38.253,b15t,0.0
2016-06-01,-73.495,-38.454,b15t,0.0
2016-06-02,-73.463,-38.649,b15t,0.0
2016-06-03,-73.428,-38.728,b15t,0.0
2016-06-04,-73.315,-38.886,b15t,0.0
2016-06-05,-73.249,-39.015,b15t,0.0
2016-06-06,-73.231,-39.171,b15t,0.0
2016-06-07,-73.183,-39.231,b15t,0.0
2016-06-08,-73.101,-39.351,b15t,0.0
2016-06-09,-73.066,-39.383,b15t,0.0
2016-06-10,-73.045,-39.395,b15t,0.0
2016-06-11,-73.032,-39.392,b15t,0.0
2016-06-12,-73.023,-39.385,b15t,0.0
2016-06-13,-73.015,-39.375,b15t,0.0
2016-06-14,-72.976,-39.339,b15t,0.0
2016-06-15,-72.963,-39.32,b15t,0.0
2016-06-16,-72.949,-39.306,b15t,0.0
2016-06-17,-72.933,-39.3,b15t,0.0
2016-06-18,-72.916,-39.339,b15t,0.0
2016-06-19,-72.898,-39.44,b15t,0.0
2016-06-20,-72.881,-39.581,b15t,0.0
2016-06-21,-72.863,-39.742,b15t,0.0
2016-06-22,-72.843,-39.899,b15t,0.0
2016-06-23,-72.823,-40.031,b15t,0.0
2016-06-24,-72.8,-40.117,b15t,0.0
2016-06-25,-72.771,-40.167,b15t,0.0
2016-06-26,-72.733,-40.21,b15t,0.0
2016-06-27,-72.692,-40.248,b15t,0.0
2016-06-28,-72.651,-40.281,b15t,0.0
2016-06-29,-72.617,-40.31,b15t,0.0
2016-06-30,-72.591,-40.345,b15t,0.0
2016-07-01,-72.587,-40.359,b15t,0.0
2016-07-02,-72.593,-40.372,b15t,0.0
2016-07-03,-72.628,-40.374,b15t,0.0
2016-07-04,-72.669,-40.375,b15t,0.0
2016-07-05,-72.692,-40.385,b15t,0.0
2016-07-06,-72.784,-40.484,b15t,0.0
2016-07-07,-72.814,-40.671,b15t,0.0
2016-07-08,-72.805,-40.666,b15t,0.0
2016-07-09,-72.795,-40.706,b15t,0.0
2016-07-10,-72.734,-40.825,b15t,0.0
2016-07-11,-72.665,-40.924,b15t,0.0
2016-07-12,-72.496,-41.03,b15t,0.0
2016-07-13,-72.343,-41.114,b15t,0.0
2016-07-14,-72.295,-41.165,b15t,0.0
2016-07-15,-72.256,-41.217,b15t,0.0
2016-07-16,-72.272,-41.275,b15t,0.0
2016-07-17,-72.234,-41.215,b15t,0.0
2016-07-18,-72.226,-41.195,b15t,0.0
2016-07-19,-72.219,-41.173,b15t,0.0
2016-07-20,-72.203,-41.085,b15t,0.0
2016-07-21,-72.203,-41.085,b15t,0.0
2016-07-22,-72.17,-41.157,b15t,0.0
2016-07-23,-72.115,-41.215,b15t,0.0
2016-07-24,-72.052,-41.249,b15t,0.0
2016-07-25,-71.949,-41.626,b15t,0.0
2016-07-26,-71.826,-41.922,b15t,0.0
2016-07-27,-71.757,-42.124,b15t,0.0
2016-07-28,-71.691,-42.161,b15t,0.0
2016-07-29,-71.744,-41.962,b15t,0.0
2016-07-30,-71.727,-42.107,b15t,0.0
2016-07-31,-71.66,-42.157,b15t,0.0
2016-08-01,-71.65,-42.261,b15t,0.0
2016-08-02,-71.646,-42.369,b15t,0.0
2016-08-03,-71.644,-42.445,b15t,0.0
2016-08-04,-71.585,-42.528,b15t,0.0
2016-08-05,-71.59,-42.538,b15t,0.0
2016-08-06,-71.568,-42.614,b15t,0.0
2016-08-07,-71.585,-42.529,b15t,0.0
2016-08-08,-71.606,-42.601,b15t,0.0
2016-08-09,-71.625,-42.701,b15t,0.0
2016-08-10,-71.639,-42.745,b15t,0.0
2016-08-11,-71.639,-42.911,b15t,0.0
2016-08-12,-71.622,-43.035,b15t,0.0
2016-08-13,-71.589,-43.264,b15t,0.0
2016-08-14,-71.572,-43.545,b15t,0.0
2016-08-15,-71.546,-43.875,b15t,0.0
2016-08-16,-71.518,-44.228,b15t,0.0
2016-08-17,-71.491,-44.575,b15t,0.0
2016-08-18,-71.461,-44.717,b15t,0.0
2016-08-19,-71.426,-44.773,b15t,0.0
2016-08-20,-71.364,-44.924,b15t,0.0
2016-08-21,-71.288,-44.982,b15t,0.0
2016-08-22,-71.208,-44.981,b15t,0.0
2016-08-23,-71.107,-45.043,b15t,0.0
2016-08-24,-71.045,-45.039,b15t,0.0
2016-08-25,-70.981,-45.073,b15t,0.0
2016-08-26,-70.947,-45.101,b15t,0.0
2016-08-27,-70.967,-45.088,b15t,0.0
2016-08-28,-70.943,-45.136,b15t,0.0
2016-08-29,-70.959,-45.067,b15t,0.0
2016-08-30,-70.952,-45.008,b15t,0.0
2016-08-31,-70.938,-44.976,b15t,0.0
2016-09-01,-70.912,-45.102,b15t,0.0
2016-09-02,-70.866,-45.152,b15t,0.0
2016-09-03,-70.812,-45.176,b15t,0.0
2016-09-04,-70.761,-45.117,b15t,0.0
2016-09-05,-70.671,-45.117,b15t,0.0
2016-09-06,-70.578,-45.145,b15t,0.0
2016-09-07,-70.503,-45.186,b15t,0.0
2016-09-08,-70.462,-45.227,b15t,0.0
2016-09-09,-70.403,-45.305,b15t,0.0
2016-09-10,-70.357,-45.35,b15t,0.0
2016-09-11,-70.327,-45.337,b15t,0.0
2016-09-12,-70.304,-45.297,b15t,0.0
2016-09-13,-70.323,-45.167,b15t,0.0
2016-09-14,-70.303,-45.187,b15t,0.0
2016-09-15,-70.282,-45.23,b15t,0.0
2016-09-16,-70.203,-45.334,b15t,0.0
2016-09-17,-70.173,-45.369,b15t,0.0
2016-09-18,-70.14,-45.45,b15t,0.0
2016-09-19,-70.086,-45.591,b15t,0.0
2016-09-20,-70.016,-45.756,b15t,0.0
2016-09-21,-69.956,-45.861,b15t,0.0
2016-09-22,-69.917,-45.9,b15t,0.0
2016-09-23,-69.907,-45.92,b15t,0.0
2016-09-24,-69.9,-45.924,b15t,0.0
2016-09-25,-69.876,-45.833,b15t,0.0
2016-09-26,-69.868,-45.824,b15t,0.0
2016-09-27,-69.842,-45.823,b15t,0.0
2016-09-28,-69.81,-45.823,b15t,0.0
2016-09-29,-69.834,-45.811,b15t,0.0
2016-09-30,-69.854,-45.896,b15t,0.0
2016-10-01,-69.814,-45.929,b15t,0.0
2016-10-02,-69.817,-45.939,b15t,0.0
2016-10-03,-69.821,-45.943,b15t,0.0
2016-10-04,-69.8,-45.921,b15t,0.0
2016-10-05,-69.801,-45.972,b15t,0.0
2016-10-06,-69.802,-46.05,b15t,0.0
2016-10-07,-69.789,-46.149,b15t,0.0
2016-10-08,-69.781,-46.165,b15t,0.0
2016-10-09,-69.764,-46.12,b15t,0.0
2016-10-10,-69.747,-46.075,b15t,0.0
2016-10-11,-69.738,-46.128,b15t,0.0
2016-10-12,-69.728,-46.134,b15t,0.0
2016-10-13,-69.717,-46.138,b15t,0.0
2016-10-14,-69.704,-46.145,b15t,0.0
2016-10-15,-69.676,-46.164,b15t,0.0
2016-10-16,-69.669,-46.308,b15t,0.0
2016-10-17,-69.645,-46.382,b15t,0.0
2016-10-18,-69.612,-46.431,b15t,0.0
2016-10-19,-69.558,-46.424,b15t,0.0
2016-10-20,-69.535,-46.436,b15t,0.0
2016-10-21,-69.521,-46.44,b15t,0.0
2016-10-22,-69.507,-46.44,b15t,0.0
2016-10-23,-69.526,-46.414,b15t,0.0
2016-10-24,-69.556,-46.416,b15t,0.0
2016-10-25,-69.548,-46.382,b15t,0.0
2016-10-26,-69.552,-46.395,b15t,0.0
2016-10-27,-69.555,-46.423,b15t,0.0
2016-10-28,-69.545,-46.462,b15t,0.0
2016-10-29,-69.549,-46.433,b15t,0.0
2016-10-30,-69.582,-46.338,b15t,0.0
2016-10-31,-69.602,-46.263,b15t,0.0
2016-11-01,-69.623,-46.182,b15t,0.0
2016-11-02,-69.663,-46.065,b15t,0.0
2016-11-03,-69.676,-45.975,b15t,0.0
2016-11-04,-69.693,-45.864,b15t,0.0
2016-11-05,-69.698,-45.903,b15t,0.0
2016-11-06,-69.725,-45.897,b15t,0.0
2016-11-07,-69.738,-45.848,b15t,0.0
2016-11-08,-69.752,-45.806,b15t,0.0
2016-11-09,-69.81,-45.844,b15t,0.0
2016-11-10,-69.815,-45.928,b15t,0.0
2016-11-11,-69.835,-45.933,b15t,0.0
2016-11-12,-69.857,-45.971,b15t,0.0
2016-11-13,-69.85,-46.187,b15t,0.0
2016-11-14,-69.88,-46.46,b15t,0.0
2016-11-15,-69.914,-46.757,b15t,0.0
2016-11-16,-69.936,-47.05,b15t,0.0
2016-11-17,-69.945,-47.166,b15t,0.0
2016-11-18,-69.948,-47.229,b15t,0.0
2016-11-19,-69.971,-47.365,b15t,0.0
2016-11-20,-69.966,-47.392,b15t,0.0
2016-11-21,-69.969,-47.443,b15t,0.0
2016-11-22,-69.972,-47.487,b15t,0.0
2016-11-23,-69.951,-47.501,b15t,0.0
2016-11-24,-69.936,-47.517,b15t,0.0
2016-11-25,-69.921,-47.555,b15t,0.0
2016-11-26,-69.927,-47.552,b15t,0.0
2016-11-27,-69.949,-47.564,b15t,0.0
2016-11-28,-69.915,-47.655,b15t,0.0
2016-11-29,-69.914,-47.728,b15t,0.0
2016-11-30,-69.925,-47.824,b15t,0.0
2016-12-01,-69.935,-47.902,b15t,0.0
2016-12-02,-69.907,-47.886,b15t,0.0
2016-12-03,-69.903,-48.039,b15t,0.0
2016-12-04,-69.94,-48.121,b15t,0.0
2016-12-05,-69.941,-48.143,b15t,0.0
2016-12-06,-69.94,-48.162,b15t,0.0
2016-12-07,-69.927,-48.212,b15t,0.0
2016-12-08,-69.93,-48.334,b15t,0.0
2016-12-09,-70.061,-48.088,b15t,0.0
2016-12-10,-70.061,-48.088,b15t,0.0
2016-12-11,-70.061,-48.088,b15t,0.0
2016-12-12,-69.995,-48.249,b15t,0.0
2016-12-13,-69.995,-48.249,b15t,0.0
2016-12-14,-69.995,-48.249,b15t,0.0
2016-12-15,-69.905,-48.258,b15t,0.0
2016-12-16,-69.885,-48.062,b15t,0.0
2016-12-17,-69.875,-48.067,b15t,0.0
2016-12-18,-69.849,-48.079,b15t,0.0
2016-12-19,-69.814,-48.098,b15t,0.0
2016-12-20,-69.796,-48.165,b15t,0.0
2016-12-21,-69.76,-48.192,b15t,0.0
2016-12-22,-69.721,-48.244,b15t,0.0
2016-12-23,-69.709,-48.271,b15t,0.0
2016-12-24,-69.707,-48.305,b15t,0.0
2016-12-25,-69.686,-48.418,b15t,0.0
2016-12-26,-69.685,-48.469,b15t,0.0
2016-12-27,-69.693,-48.567,b15t,0.0
2016-12-28,-69.713,-48.72,b15t,0.0
2016-12-29,-69.711,-48.751,b15t,0.0
2016-12-30,-69.68,-48.905,b15t,0.0
2016-12-31,-69.671,-48.884,b15t,0.0
2017-01-01,-69.66,-48.877,b15t,0.0
2017-01-02,-69.651,-48.857,b15t,0.0
2017-01-03,-69.64,-48.834,b15t,0.0
2017-01-04,-69.629,-48.813,b15t,0.0
2017-01-05,-69.622,-48.796,b15t,0.0
2017-01-06,-69.588,-48.766,b15t,0.0
2017-01-07,-69.56,-48.754,b15t,0.0
2017-01-08,-69.564,-48.789,b15t,0.0
2017-01-09,-69.554,-48.806,b15t,0.0
2017-01-10,-69.561,-48.863,b15t,0.0
2017-01-11,-69.568,-48.92,b15t,0.0
2017-01-12,-69.572,-48.971,b15t,0.0
2017-01-13,-69.574,-49.008,b15t,0.0
2017-01-14,-69.59,-49.132,b15t,0.0
2017-01-15,-69.584,-49.152,b15t,0.0
2017-01-16,-69.577,-49.169,b15t,0.0
2017-01-17,-69.547,-49.288,b15t,0.0
2017-01-18,-69.539,-49.305,b15t,0.0
2017-01-19,-69.484,-49.416,b15t,0.0
2017-01-20,-69.431,-49.532,b15t,0.0
2017-01-21,-69.43,-49.574,b15t,0.0
2017-01-22,-69.429,-49.635,b15t,0.0
2017-01-23,-69.428,-49.707,b15t,0.0
2017-01-24,-69.427,-49.781,b15t,0.0
2017-01-25,-69.426,-49.847,b15t,0.0
2017-01-26,-69.425,-49.897,b15t,0.0
2017-01-27,-69.423,-49.923,b15t,0.0
2017-01-28,-69.421,-49.932,b15t,0.0
2017-01-29,-69.418,-49.938,b15t,0.0
2017-01-30,-69.416,-50.519,b15t,0.0
2017-01-31,-69.411,-50.523,b15t,0.0
2017-02-01,-69.406,-50.527,b15t,0.0
2017-02-02,-69.399,-50.533,b15t,0.0
2017-02-03,-69.392,-50.542,b15t,0.0
2017-02-04,-69.378,-50.56,b15t,0.0
2017-02-05,-69.356,-50.592,b15t,0.0
2017-02-06,-69.328,-50.634,b15t,0.0
2017-02-07,-69.298,-50.683,b15t,0.0
2017-02-08,-69.27,-50.733,b15t,0.0
2017-02-09,-69.168,-50.818,b15t,0.0
2017-02-10,-69.139,-50.957,b15t,0.0
2017-02-11,-69.124,-51.125,b15t,0.0
2017-02-12,-69.116,-51.234,b15t,0.0
2017-02-13,-69.112,-51.28,b15t,0.0
2017-02-14,-69.108,-51.324,b15t,0.0
2017-02-15,-69.104,-51.363,b15t,0.0
2017-02-16,-69.1,-51.394,b15t,0.0
2017-02-17,-69.082,-51.48,b15t,0.0
2017-02-18,-69.08,-51.376,b15t,0.0
2017-02-19,-69.08,-51.376,b15t,0.0
2017-02-20,-68.974,-51.361,b15t,0.0
2017-02-21,-68.974,-51.361,b15t,0.0
2017-02-22,-68.86,-51.188,b15t,0.0
2017-02-23,-68.86,-51.188,b15t,0.0
2017-02-24,-68.86,-51.188,b15t,0.0
2017-02-25,-68.86,-51.188,b15t,0.0
2017-02-26,-68.776,-51.424,b15t,0.0
2017-02-27,-68.667,-51.662,b15t,0.0
2017-02-28,-68.552,-51.878,b15t,0.0
2017-03-01,-68.552,-51.878,b15t,0.0
2017-03-02,-68.463,-52.007,b15t,0.0
2017-03-03,-68.463,-52.007,b15t,0.0
2017-03-04,-68.304,-52.328,b15t,0.0
2017-03-05,-68.201,-52.451,b15t,0.0
2017-03-06,-68.133,-52.606,b15t,0.0
2017-03-07,-68.133,-52.606,b15t,0.0
2017-03-08,-68.133,-52.606,b15t,0.0
2017-03-09,-68.133,-52.606,b15t,0.0
2017-03-10,-68.059,-52.564,b15t,0.0
2017-03-11,-68.059,-52.564,b15t,0.0
2017-03-12,-68.059,-52.564,b15t,0.0
2017-03-13,-68.059,-52.564,b15t,0.0
2017-03-14,-68.093,-52.465,b15t,0.0
2017-03-15,-68.093,-52.465,b15t,0.0
2017-03-16,-68.093,-52.465,b15t,0.0
2017-03-17,-68.093,-52.465,b15t,0.0
2017-03-18,-68.093,-52.465,b15t,0.0
2017-03-19,-68.093,-52.465,b15t,0.0
2017-03-20,-68.03,-52.506,b15t,0.0
2017-03-21,-68.003,-52.545,b15t,0.0
2017-03-22,-68.003,-52.545,b15t,0.0
2017-03-23,-67.956,-52.553,b15t,0.0
2017-03-24,-67.956,-52.553,b15t,0.0
2017-03-25,-67.895,-52.515,b15t,0.0
2017-03-26,-67.895,-52.515,b15t,0.0
2017-03-27,-67.895,-52.515,b15t,0.0
2017-03-28,-67.895,-52.515,b15t,0.0
2017-03-29,-67.895,-52.515,b15t,0.0
2017-03-30,-67.895,-52.515,b15t,0.0
2017-03-31,-67.895,-52.515,b15t,0.0
2017-04-01,-67.706,-52.209,b15t,0.0
2017-04-02,-67.706,-52.209,b15t,0.0
2017-04-03,-67.706,-52.209,b15t,0.0
2017-04-04,-67.633,-52.345,b15t,0.0
2017-04-05,-67.633,-52.345,b15t,0.0
2017-04-06,-67.54,-52.285,b15t,0.0
2017-04-07,-67.447,-52.225,b15t,0.0
2017-04-08,-67.447,-52.225,b15t,0.0
2017-04-09,-67.447,-52.225,b15t,0.0
2017-04-10,-67.38,-52.273,b15t,0.0
2017-04-11,-67.313,-52.321,b15t,0.0
2017-04-12,-67.313,-52.321,b15t,0.0
2017-04-13,-67.313,-52.321,b15t,0.0
2017-04-14,-67.313,-52.321,b15t,0.0
2017-04-15,-67.1,-52.359,b15t,0.0
2017-04-16,-67.1,-52.359,b15t,0.0
2017-04-17,-67.1,-52.359,b15t,0.0
2017-04-18,-67.1,-52.359,b15t,0.0
2017-04-19,-67.1,-52.359,b15t,0.0
2017-04-20,-67.024,-52.523,b15t,0.0
2017-04-21,-66.923,-52.606,b15t,0.0
2017-04-22,-66.861,-52.643,b15t,0.0
2017-04-23,-66.861,-52.643,b15t,0.0
2017-04-24,-66.861,-52.643,b15t,0.0
2017-04-25,-66.716,-52.532,b15t,0.0
2017-04-26,-66.569,-52.445,b15t,0.0
2017-04-27,-66.486,-52.401,b15t,0.0
2017-04-28,-66.486,-52.401,b15t,0.0
2017-04-29,-66.486,-52.401,b15t,0.0
2017-04-30,-66.4,-52.438,b15t,0.0
2017-05-01,-66.269,-52.504,b15t,0.0
2017-05-02,-66.269,-52.504,b15t,0.0
2017-05-03,-66.269,-52.504,b15t,0.0
2017-05-04,-66.269,-52.504,b15t,0.0
2017-05-05,-66.159,-52.497,b15t,0.0
2017-05-06,-66.159,-52.497,b15t,0.0
2017-05-07,-66.159,-52.497,b15t,0.0
2017-05-08,-66.016,-52.397,b15t,0.0
2017-05-09,-65.811,-52.259,b15t,0.0
2017-05-10,-65.706,-52.203,b15t,0.0
2017-05-11,-65.57,-52.244,b15t,0.0
2017-05-12,-65.448,-52.473,b15t,0.0
2017-05-13,-65.383,-52.67,b15t,0.0
2017-05-14,-65.383,-52.67,b15t,0.0
2017-05-15,-65.218,-52.694,b15t,0.0
2017-05-16,-65.218,-52.694,b15t,0.0
2017-05-17,-65.218,-52.694,b15t,0.0
2017-05-18,-65.218,-52.694,b15t,0.0
2017-05-19,-65.218,-52.694,b15t,0.0
2017-05-20,-65.248,-52.476,b15t,0.0
2017-05-21,-65.277,-52.258,b15t,0.0
2017-05-22,-65.277,-52.258,b15t,0.0
2017-05-23,-65.277,-52.258,b15t,0.0
2017-05-24,-65.142,-52.533,b15t,0.0
2017-05-25,-64.94,-52.559,b15t,0.0
2017-05-26,-64.527,-51.798,b15t,0.0
2017-05-27,-64.527,-51.798,b15t,0.0
2017-05-28,-64.285,-51.639,b15t,0.0
2017-05-29,-64.285,-51.639,b15t,0.0
2017-05-30,-64.285,-51.639,b15t,0.0
2017-05-31,-64.241,-51.581,b15t,0.0
2017-06-01,-64.241,-51.581,b15t,0.0
2017-06-02,-64.241,-51.581,b15t,0.0
2017-06-03,-64.241,-51.581,b15t,0.0
2017-06-04,-64.241,-51.581,b15t,0.0
2017-06-05,-64.197,-51.06,b15t,0.0
2017-06-06,-64.197,-51.06,b15t,0.0
2017-06-07,-64.197,-51.06,b15t,0.0
2017-06-08,-64.197,-51.06,b15t,0.0
2017-06-09,-64.04,-50.583,b15t,0.0
2017-06-10,-64.04,-50.583,b15t,0.0
2017-06-11,-64.04,-50.583,b15t,0.0
2017-06-12,-63.96,-50.785,b15t,0.0
2017-06-13,-63.952,-51.08,b15t,0.0
2017-06-14,-63.929,-51.262,b15t,0.0
2017-06-15,-63.929,-51.262,b15t,0.0
2017-06-16,-63.929,-51.262,b15t,0.0
2017-06-17,-63.929,-51.262,b15t,0.0
2017-06-18,-63.825,-51.109,b15t,0.0
2017-06-19,-63.825,-51.109,b15t,0.0
2017-06-20,-63.825,-51.109,b15t,0.0
2017-06-21,-63.7,-50.795,b15t,0.0
2017-06-22,-63.61,-50.999,b15t,0.0
2017-06-23,-63.61,-50.999,b15t,0.0
2017-06-24,-63.61,-50.999,b15t,0.0
2017-06-25,-63.374,-51.25,b15t,0.0
2017-06-26,-63.374,-51.25,b15t,0.0
2017-06-27,-63.244,-51.528,b15t,0.0
2017-06-28,-63.208,-51.535,b15t,0.0
2017-06-29,-63.166,-51.585,b15t,0.0
2017-06-30,-63.12,-51.7,b15t,0.0
2017-07-01,-63.07,-51.861,b15t,0.0
2017-07-02,-63.018,-52.05,b15t,0.0
2017-07-03,-62.963,-52.246,b15t,0.0
2017-07-04,-62.908,-52.432,b15t,0.0
2017-07-05,-62.852,-52.589,b15t,0.0
2017-07-06,-62.797,-52.697,b15t,0.0
2017-07-07,-62.743,-52.737,b15t,0.0
2017-07-08,-62.688,-52.641,b15t,0.0
2017-07-09,-62.695,-52.816,b15t,0.0
2017-07-10,-62.646,-52.755,b15t,0.0
2017-07-11,-62.646,-52.755,b15t,0.0
2017-07-12,-62.646,-52.755,b15t,0.0
2017-07-13,-62.646,-52.755,b15t,0.0
2017-07-14,-62.646,-52.755,b15t,0.0
2017-07-15,-62.532,-52.802,b15t,0.0
2017-07-16,-62.413,-52.915,b15t,0.0
2017-07-17,-62.328,-53.088,b15t,0.0
2017-07-18,-62.328,-53.088,b15t,0.0
2017-07-19,-62.328,-53.088,b15t,0.0
2017-07-20,-62.19,-53.078,b15t,0.0
2017-07-21,-62.19,-53.078,b15t,0.0
2017-07-22,-62.079,-52.934,b15t,0.0
2017-07-23,-62.079,-52.934,b15t,0.0
2017-07-24,-61.983,-52.663,b15t,0.0
2017-07-25,-61.889,-52.539,b15t,0.0
2017-07-26,-61.889,-52.539,b15t,0.0
2017-07-27,-61.782,-52.38,b15t,0.0
2017-07-28,-61.782,-52.38,b15t,0.0
2017-07-29,-61.782,-52.38,b15t,0.0
2017-07-30,-61.797,-52.184,b15t,0.0
2017-07-31,-61.797,-52.184,b15t,0.0
2017-08-01,-61.651,-51.825,b15t,0.0
2017-08-02,-61.651,-51.825,b15t,0.0
2017-08-03,-61.651,-51.825,b15t,0.0
2017-08-04,-61.651,-51.825,b15t,0.0
2017-08-05,-61.651,-51.825,b15t,0.0
2017-08-06,-61.651,-51.825,b15t,0.0
2017-08-07,-61.651,-51.825,b15t,0.0
2017-08-08,-61.705,-53.869,b15t,0.0
2017-08-09,-61.705,-53.869,b15t,0.0
2017-08-10,-61.705,-53.869,b15t,0.0
2017-08-11,-61.705,-53.869,b15t,0.0
2017-08-12,-61.705,-53.869,b15t,0.0
2017-08-13,-61.711,-54.124,b15t,0.0
2017-08-14,-61.821,-54.305,b15t,0.0
2017-08-15,-61.821,-54.305,b15t,0.0
2017-08-16,-61.821,-54.305,b15t,0.0
2017-08-17,-61.821,-54.305,b15t,0.0
2017-08-18,-61.821,-54.305,b15t,0.0
2017-08-19,-61.979,-54.243,b15t,0.0
2017-08-20,-61.979,-54.243,b15t,0.0
2017-08-21,-61.979,-54.243,b15t,0.0
2017-08-22,-61.79,-53.798,b15t,0.0
2017-08-23,-61.79,-53.798,b15t,0.0
2017-08-24,-61.793,-53.828,b15t,0.0
2017-08-25,-61.8,-53.899,b15t,0.0
2017-08-26,-61.808,-53.984,b15t,0.0
2017-08-27,-61.815,-54.055,b15t,0.0
2017-08-28,-61.817,-54.085,b15t,0.0
2017-08-29,-61.817,-54.085,b15t,0.0
2017-08-30,-61.817,-54.085,b15t,0.0
2017-08-31,-61.817,-54.085,b15t,0.0
2017-09-01,-60.967,-53.717,b15t,0.0
2017-09-02,-60.922,-53.652,b15t,0.0
2017-09-03,-60.871,-53.483,b15t,0.0
2017-09-04,-60.819,-53.251,b15t,0.0
2017-09-05,-60.769,-52.995,b15t,0.0
2017-09-06,-60.727,-52.755,b15t,0.0
2017-09-07,-60.697,-52.571,b15t,0.0
2017-09-08,-60.683,-52.483,b15t,0.0
2017-09-09,-60.679,-52.458,b15t,0.0
2017-09-10,-60.675,-52.437,b15t,0.0
2017-09-11,-60.672,-52.418,b15t,0.0
2017-09-12,-60.67,-52.403,b15t,0.0
2017-09-13,-60.668,-52.392,b15t,0.0
2017-09-14,-60.667,-52.386,b15t,0.0
2017-09-15,-60.667,-52.383,b15t,0.0
2017-09-16,-60.667,-52.383,b15t,0.0
2017-09-17,-60.667,-52.383,b15t,0.0
2017-09-18,-60.667,-52.383,b15t,0.0
2017-09-19,-60.667,-52.383,b15t,0.0
2017-09-20,-60.667,-52.383,b15t,0.0
2017-09-21,-60.667,-52.383,b15t,0.0
2017-09-22,-60.667,-52.383,b15t,0.0
2017-09-23,-60.667,-52.383,b15t,0.0
2017-09-24,-60.667,-52.383,b15t,0.0
2017-09-25,-60.667,-52.383,b15t,0.0
2017-09-26,-60.667,-52.383,b15t,0.0
2017-09-27,-60.667,-52.383,b15t,0.0
2017-09-28,-60.667,-52.383,b15t,0.0
2017-09-29,-60.667,-52.383,b15t,0.0
2017-09-30,-60.667,-52.383,b15t,0.0
2017-10-01,-60.667,-52.383,b15t,0.0
2017-10-02,-60.667,-52.383,b15t,0.0
2017-10-03,-60.667,-52.383,b15t,0.0
2017-10-04,-60.667,-52.383,b15t,0.0
2017-10-05,-60.667,-52.383,b15t,0.0
2017-10-06,-60.667,-52.383,b15t,0.0
2017-10-07,-60.667,-52.383,b15t,0.0
2017-10-08,-60.667,-52.383,b15t,0.0
2017-10-09,-60.667,-52.383,b15t,0.0
2017-10-10,-60.667,-52.383,b15t,0.0
2017-10-11,-60.667,-52.383,b15t,0.0
2017-10-12,-60.667,-52.383,b15t,0.0
2017-10-13,-60.667,-52.383,b15t,0.0
2017-10-14,-60.667,-52.383,b15t,0.0
2017-10-15,-60.667,-52.383,b15t,0.0
2017-10-16,-60.667,-52.383,b15t,0.0
2017-10-17,-60.667,-52.383,b15t,0.0
2017-10-18,-60.667,-52.383,b15t,0.0
2017-10-19,-60.667,-52.383,b15t,0.0
2017-10-20,-60.667,-52.383,b15t,0.0
2017-10-21,-60.667,-52.383,b15t,0.0
2017-10-22,-60.667,-52.383,b15t,0.0
2017-10-23,-60.667,-52.383,b15t,0.0
2017-10-24,-60.667,-52.383,b15t,0.0
2017-10-25,-60.667,-52.383,b15t,0.0
2017-10-26,-60.667,-52.383,b15t,0.0
2017-10-27,-60.667,-52.383,b15t,0.0
2017-10-28,-60.666,-52.386,b15t,0.0
2017-10-29,-60.663,-52.393,b15t,0.0
2017-10-30,-60.66,-52.403,b15t,0.0
2017-10-31,-60.657,-52.414,b15t,0.0
2017-11-01,-60.653,-52.423,b15t,0.0
2017-11-02,-60.651,-52.431,b15t,0.0
2017-11-03,-60.65,-52.433,b15t,0.0
2017-11-04,-60.651,-52.431,b15t,0.0
2017-11-05,-60.653,-52.423,b15t,0.0
2017-11-06,-60.657,-52.414,b15t,0.0
2017-11-07,-60.66,-52.403,b15t,0.0
2017-11-08,-60.663,-52.393,b15t,0.0
2017-11-09,-60.666,-52.386,b15t,0.0
2017-11-10,-60.667,-52.383,b15t,0.0
2017-11-11,-60.667,-52.383,b15t,0.0
2017-11-12,-60.667,-52.383,b15t,0.0
2017-11-13,-60.667,-52.383,b15t,0.0
2017-11-14,-60.667,-52.383,b15t,0.0
2017-11-15,-60.667,-52.383,b15t,0.0
2017-11-16,-60.667,-52.383,b15t,0.0
2017-11-17,-60.667,-52.383,b15t,0.0
2017-11-18,-60.667,-52.383,b15t,0.0
2017-11-19,-60.667,-52.383,b15t,0.0
2017-11-20,-60.667,-52.383,b15t,0.0
2017-11-21,-60.667,-52.383,b15t,0.0
2017-11-22,-60.667,-52.383,b15t,0.0
2017-11-23,-60.667,-52.383,b15t,0.0
2017-11-24,-60.667,-52.383,b15t,0.0
2017-11-25,-60.426,-52.253,b15t,0.0
2017-11-26,-60.426,-52.253,b15t,0.0
2017-11-27,-60.426,-52.253,b15t,0.0
2017-11-28,-60.426,-52.253,b15t,0.0
2017-11-29,-60.426,-52.253,b15t,0.0
2017-11-30,-60.426,-52.253,b15t,0.0
2017-12-01,-60.426,-52.253,b15t,0.0
2017-12-02,-60.426,-52.253,b15t,0.0
2017-12-03,-60.426,-52.253,b15t,0.0
2017-12-04,-60.426,-52.253,b15t,0.0
2017-12-05,-60.426,-52.253,b15t,0.0
2017-12-06,-60.426,-52.253,b15t,0.0
2017-12-07,-60.426,-52.253,b15t,0.0
2017-12-08,-60.65,-52.333,b15t,0.0
2017-12-09,-60.651,-52.337,b15t,0.0
2017-12-10,-60.653,-52.347,b15t,0.0
2017-12-11,-60.657,-52.36,b15t,0.0
2017-12-12,-60.66,-52.374,b15t,0.0
2017-12-13,-60.663,-52.387,b15t,0.0
2017-12-14,-60.666,-52.396,b15t,0.0
2017-12-15,-60.667,-52.4,b15t,0.0
2017-12-16,-60.667,-52.4,b15t,0.0
2017-12-17,-60.667,-52.4,b15t,0.0
2017-12-18,-60.667,-52.4,b15t,0.0
2017-12-19,-60.667,-52.4,b15t,0.0
2017-12-20,-60.667,-52.4,b15t,0.0
2017-12-21,-60.667,-52.4,b15t,0.0
2017-12-22,-60.667,-52.4,b15t,0.0
2017-12-23,-60.667,-52.4,b15t,0.0
2017-12-24,-60.667,-52.4,b15t,0.0
2017-12-25,-60.667,-52.4,b15t,0.0
2017-12-26,-60.667,-52.4,b15t,0.0
2017-12-27,-60.667,-52.4,b15t,0.0
2017-12-28,-60.667,-52.4,b15t,0.0
2017-12-29,-60.667,-52.4,b15t,0.0
2017-12-30,-60.667,-52.4,b15t,0.0
2017-12-31,-60.667,-52.4,b15t,0.0
2018-01-01,-60.667,-52.4,b15t,0.0
2018-01-02,-60.667,-52.4,b15t,0.0
2018-01-03,-60.667,-52.4,b15t,0.0
2018-01-04,-60.667,-52.4,b15t,0.0
2018-01-05,-60.667,-52.4,b15t,0.0
2018-01-06,-60.666,-52.4,b15t,0.0
2018-01-07,-60.663,-52.4,b15t,0.0
2018-01-08,-60.66,-52.4,b15t,0.0
2018-01-09,-60.657,-52.4,b15t,0.0
2018-01-10,-60.653,-52.4,b15t,0.0
2018-01-11,-60.651,-52.4,b15t,0.0
2018-01-12,-60.65,-52.4,b15t,0.0
2018-01-13,-60.65,-52.4,b15t,0.0
2018-01-14,-60.65,-52.4,b15t,0.0
2018-01-15,-60.65,-52.4,b15t,0.0
2018-01-16,-60.65,-52.4,b15t,0.0
2018-01-17,-60.65,-52.4,b15t,0.0
2018-01-18,-60.65,-52.4,b15t,0.0
2018-01-19,-60.65,-52.4,b15t,0.0
2018-01-20,-60.651,-52.399,b15t,0.0
2018-01-21,-60.653,-52.397,b15t,0.0
2018-01-22,-60.657,-52.393,b15t,0.0
2018-01-23,-60.66,-52.39,b15t,0.0
2018-01-24,-60.663,-52.387,b15t,0.0
2018-01-25,-60.666,-52.384,b15t,0.0
2018-01-26,-60.667,-52.383,b15t,0.0
2018-01-27,-60.666,-52.385,b15t,0.0
2018-01-28,-60.663,-52.39,b15t,0.0
2018-01-29,-60.66,-52.396,b15t,0.0
2018-01-30,-60.657,-52.404,b15t,0.0
2018-01-31,-60.653,-52.41,b15t,0.0
2018-02-01,-60.651,-52.415,b15t,0.0
2018-02-02,-60.65,-52.417,b15t,0.0
2018-02-03,-60.651,-52.416,b15t,0.0
2018-02-04,-60.653,-52.415,b15t,0.0
2018-02-05,-60.657,-52.413,b15t,0.0
2018-02-06,-60.66,-52.41,b15t,0.0
2018-02-07,-60.663,-52.407,b15t,0.0
2018-02-08,-60.666,-52.404,b15t,0.0
2018-02-09,-60.667,-52.4,b15t,0.0
2018-02-10,-60.667,-52.394,b15t,0.0
2018-02-11,-60.667,-52.383,b15t,0.0
2018-02-12,-60.667,-52.37,b15t,0.0
2018-02-13,-60.667,-52.357,b15t,0.0
2018-02-14,-60.667,-52.345,b15t,0.0
2018-02-15,-60.667,-52.337,b15t,0.0
2018-02-16,-60.667,-52.333,b15t,0.0
2018-02-17,-60.667,-52.333,b15t,0.0
2018-02-18,-60.667,-52.333,b15t,0.0
2018-02-19,-60.667,-52.333,b15t,0.0
2018-02-20,-60.667,-52.333,b15t,0.0
2018-02-21,-60.667,-52.333,b15t,0.0
2018-02-22,-60.667,-52.333,b15t,0.0
2018-02-23,-60.667,-52.333,b15t,0.0
2018-02-24,-60.669,-52.332,b15t,0.0
2018-02-25,-60.673,-52.328,b15t,0.0
2018-02-26,-60.68,-52.322,b15t,0.0
2018-02-27,-60.687,-52.314,b15t,0.0
2018-02-28,-60.693,-52.304,b15t,0.0
2018-03-01,-60.698,-52.294,b15t,0.0
2018-03-02,-60.7,-52.283,b15t,0.0
2018-03-03,-60.698,-52.272,b15t,0.0
2018-03-04,-60.693,-52.258,b15t,0.0
2018-03-05,-60.685,-52.241,b15t,0.0
2018-03-06,-60.675,-52.221,b15t,0.0
2018-03-07,-60.662,-52.197,b15t,0.0
2018-03-08,-60.648,-52.168,b15t,0.0
2018-03-09,-60.633,-52.133,b15t,0.0
2018-03-10,-60.61,-52.069,b15t,0.0
2018-03-11,-60.573,-51.956,b15t,0.0
2018-03-12,-60.527,-51.807,b15t,0.0
2018-03-13,-60.478,-51.632,b15t,0.0
2018-03-14,-60.429,-51.44,b15t,0.0
2018-03-15,-60.384,-51.243,b15t,0.0
2018-03-16,-60.35,-51.05,b15t,0.0
2018-03-17,-60.324,-50.821,b15t,0.0
2018-03-18,-60.303,-50.532,b15t,0.0
2018-03-19,-60.283,-50.218,b15t,0.0
2018-03-20,-60.265,-49.912,b15t,0.0
2018-03-21,-60.246,-49.651,b15t,0.0
2018-03-22,-60.225,-49.469,b15t,0.0
2018-03-23,-60.2,-49.4,b15t,0.0
2018-03-24,-60.172,-49.413,b15t,0.0
2018-03-25,-60.142,-49.446,b15t,0.0
2018-03-26,-60.109,-49.492,b15t,0.0
2018-03-27,-60.073,-49.542,b15t,0.0
2018-03-28,-60.035,-49.587,b15t,0.0
2018-03-29,-59.994,-49.62,b15t,0.0
2018-03-30,-59.95,-49.633,b15t,0.0
2018-03-31,-59.893,-49.54,b15t,0.0
2018-04-01,-59.818,-49.295,b15t,0.0
2018-04-02,-59.735,-48.95,b15t,0.0
2018-04-03,-59.654,-48.556,b15t,0.0
2018-04-04,-59.584,-48.165,b15t,0.0
2018-04-05,-59.535,-47.83,b15t,0.0
2018-04-06,-59.517,-47.6,b15t,0.0
2018-04-07,-59.521,-47.458,b15t,0.0
2018-04-08,-59.534,-47.343,b15t,0.0
2018-04-09,-59.553,-47.245,b15t,0.0
2018-04-10,-59.576,-47.155,b15t,0.0
2018-04-11,-59.601,-47.063,b15t,0.0
2018-04-12,-59.626,-46.959,b15t,0.0
2018-04-13,-59.65,-46.833,b15t,0.0
2018-04-14,-59.676,-46.684,b15t,0.0
2018-04-15,-59.709,-46.518,b15t,0.0
2018-04-16,-59.744,-46.337,b15t,0.0
2018-04-17,-59.777,-46.141,b15t,0.0
2018-04-18,-59.806,-45.932,b15t,0.0
2018-04-19,-59.826,-45.712,b15t,0.0
2018-04-20,-59.833,-45.483,b15t,0.0
2018-04-21,-59.774,-45.222,b15t,0.0
2018-04-22,-59.622,-44.918,b15t,0.0
2018-04-23,-59.414,-44.589,b15t,0.0
2018-04-24,-59.187,-44.256,b15t,0.0
2018-04-25,-58.978,-43.936,b15t,0.0
2018-04-26,-58.826,-43.65,b15t,0.0
2018-04-27,-58.767,-43.417,b15t,0.0
2018-04-28,-58.774,-43.227,b15t,0.0
2018-04-29,-58.793,-43.056,b15t,0.0
2018-04-30,-58.819,-42.9,b15t,0.0
2018-05-01,-58.848,-42.756,b15t,0.0
2018-05-02,-58.874,-42.619,b15t,0.0
2018-05-03,-58.893,-42.485,b15t,0.0
2018-05-04,-58.9,-42.35,b15t,0.0
2018-05-05,-58.895,-42.211,b15t,0.0
2018-05-06,-58.881,-42.07,b15t,0.0
2018-05-07,-58.861,-41.931,b15t,0.0
2018-05-08,-58.837,-41.798,b15t,0.0
2018-05-09,-58.811,-41.677,b15t,0.0
2018-05-10,-58.787,-41.57,b15t,0.0
2018-05-11,-58.767,-41.483,b15t,0.0
2018-05-12,-58.75,-41.416,b15t,0.0
2018-05-13,-58.735,-41.361,b15t,0.0
2018-05-14,-58.72,-41.315,b15t,0.0
2018-05-15,-58.705,-41.271,b15t,0.0
2018-05-16,-58.689,-41.224,b15t,0.0
2018-05-17,-58.671,-41.169,b15t,0.0
2018-05-18,-58.65,-41.1,b15t,0.0
2018-05-19,-58.62,-41.017,b15t,0.0
2018-05-20,-58.577,-40.92,b15t,0.0
2018-05-21,-58.529,-40.809,b15t,0.0
2018-05-22,-58.482,-40.681,b15t,0.0
2018-05-23,-58.44,-40.535,b15t,0.0
2018-05-24,-58.411,-40.37,b15t,0.0
2018-05-25,-58.4,-40.183,b15t,0.0
2018-05-26,-58.437,-39.897,b15t,0.0
2018-05-27,-58.532,-39.474,b15t,0.0
2018-05-28,-58.662,-38.972,b15t,0.0
2018-05-29,-58.804,-38.452,b15t,0.0
2018-05-30,-58.935,-37.975,b15t,0.0
2018-05-31,-59.03,-37.598,b15t,0.0
2018-06-01,-59.067,-37.383,b15t,0.0
2018-06-02,-59.065,-37.274,b15t,0.0
2018-06-03,-59.06,-37.174,b15t,0.0
2018-06-04,-59.054,-37.088,b15t,0.0
2018-06-05,-59.046,-37.016,b15t,0.0
2018-06-06,-59.04,-36.963,b15t,0.0
2018-06-07,-59.035,-36.929,b15t,0.0
2018-06-08,-59.033,-36.917,b15t,0.0
2018-06-09,-59.035,-36.943,b15t,0.0
2018-06-10,-59.04,-37.009,b15t,0.0
2018-06-11,-59.046,-37.1,b15t,0.0
2018-06-12,-59.054,-37.2,b15t,0.0
2018-06-13,-59.06,-37.291,b15t,0.0
2018-06-14,-59.065,-37.358,b15t,0.0
2018-06-15,-59.067,-37.383,b15t,0.0
2018-06-16,-59.067,-37.383,b15t,0.0
2018-06-17,-59.067,-37.383,b15t,0.0
2018-06-18,-59.067,-37.383,b15t,0.0
2018-06-19,-59.067,-37.383,b15t,0.0
2018-06-20,-59.067,-37.383,b15t,0.0
2018-06-21,-59.067,-37.383,b15t,0.0
2018-06-22,-59.067,-37.383,b15t,0.0
2018-06-23,-59.638,-36.982,b15t,0.0
2018-06-24,-59.731,-36.692,b15t,0.0
2018-06-25,-59.731,-36.692,b15t,0.0
2018-06-26,-59.731,-36.692,b15t,0.0
2018-06-27,-59.731,-36.692,b15t,0.0
2018-06-28,-59.78,-36.576,b15t,0.0
2018-06-29,-59.78,-36.576,b15t,0.0
2018-06-30,-59.78,-36.576,b15t,0.0
2018-07-01,-59.78,-36.576,b15t,0.0
2018-07-02,-59.764,-36.363,b15t,0.0
2018-07-03,-59.728,-36.25,b15t,0.0
2018-07-04,-59.7,-36.357,b15t,0.0
2018-07-05,-59.613,-36.081,b15t,0.0
2018-07-06,-59.76,-36.35,b15t,0.0
2018-07-07,-59.738,-36.277,b15t,0.0
2018-07-08,-59.679,-36.197,b15t,0.0
2018-07-09,-59.592,-36.116,b15t,0.0
2018-07-10,-59.489,-36.041,b15t,0.0
2018-07-11,-59.379,-35.978,b15t,0.0
2018-07-12,-59.273,-35.936,b15t,0.0
2018-07-13,-59.18,-35.92,b15t,0.0
2018-07-19,-58.445,-36.284,b15t,0.0
2018-07-20,-58.455,-36.599,b15t,0.0
2018-07-21,-58.344,-36.452,b15t,0.0
2018-07-22,-58.338,-36.684,b15t,0.0
2018-07-23,-58.253,-36.442,b15t,0.0
2018-07-24,-58.22,-36.652,b15t,0.0
2018-07-25,-58.119,-36.39,b15t,0.0
2018-07-26,-58.037,-36.573,b15t,0.0
2018-07-27,-58.04,-36.43,b15t,0.0
2018-07-28,-58.071,-36.341,b15t,0.0
2018-07-29,-58.151,-36.105,b15t,0.0
2018-07-30,-58.26,-35.767,b15t,0.0
2018-07-31,-58.38,-35.373,b15t,0.0
2018-08-01,-58.489,-34.969,b15t,0.0
2018-08-02,-58.569,-34.599,b15t,0.0
2018-08-03,-58.6,-34.31,b15t,0.0
2018-08-04,-58.579,-34.087,b15t,0.0
2018-08-05,-58.522,-33.882,b15t,0.0
2018-08-06,-58.44,-33.691,b15t,0.0
2018-08-07,-58.344,-33.51,b15t,0.0
2018-08-08,-58.245,-33.334,b15t,0.0
2018-08-09,-58.154,-33.159,b15t,0.0
2018-08-10,-58.08,-32.98,b15t,0.0
2018-08-11,-58.015,-32.804,b15t,0.0
2018-08-12,-57.947,-32.636,b15t,0.0
2018-08-13,-57.879,-32.472,b15t,0.0
2018-08-14,-57.817,-32.307,b15t,0.0
2018-08-15,-57.767,-32.136,b15t,0.0
2018-08-16,-57.733,-31.956,b15t,0.0
2018-08-17,-57.72,-31.76,b15t,0.0
2018-08-18,-57.734,-31.571,b15t,0.0
2018-08-19,-57.772,-31.399,b15t,0.0
2018-08-20,-57.822,-31.222,b15t,0.0
2018-08-21,-57.878,-31.019,b15t,0.0
2018-08-22,-57.929,-30.766,b15t,0.0
2018-08-23,-57.966,-30.444,b15t,0.0
2018-08-24,-57.98,-30.03,b15t,0.0
2018-08-25,-57.268,-29.845,b15t,0.0
2018-08-26,-57.207,-29.949,b15t,0.0
2018-08-27,-57.152,-30.266,b15t,0.0
2018-08-28,-57.146,-30.526,b15t,0.0
2018-08-29,-57.276,-30.902,b15t,0.0
2018-08-30,-57.332,-30.943,b15t,0.0
2018-08-31,-57.332,-30.943,b15t,0.0
2018-09-01,-57.435,-30.914,b15t,0.0
2018-09-02,-57.435,-30.914,b15t,0.0
2018-09-03,-57.114,-29.734,b15t,0.0
2018-09-04,-57.313,-29.865,b15t,0.0
2018-09-05,-57.263,-29.914,b15t,0.0
2018-09-06,-57.181,-29.725,b15t,0.0
2018-09-07,-57.104,-30.756,b15t,0.0
2018-09-08,-57.104,-30.756,b15t,0.0
2018-09-09,-57.135,-30.869,b15t,0.0
2018-09-10,-57.286,-30.934,b15t,0.0
2018-09-11,-57.286,-30.934,b15t,0.0
2018-09-12,-57.305,-30.892,b15t,0.0
2018-09-13,-57.381,-30.854,b15t,0.0
2018-09-14,-57.446,-30.618,b15t,0.0
2018-09-15,-57.446,-30.618,b15t,0.0
2018-09-16,-57.446,-30.618,b15t,0.0
2018-09-17,-57.348,-30.573,b15t,0.0
2018-09-18,-57.348,-30.573,b15t,0.0
2018-09-19,-57.021,-30.401,b15t,0.0
2018-09-20,-56.918,-30.251,b15t,0.0
2018-09-21,-56.918,-30.251,b15t,0.0
2018-09-22,-57.094,-31.089,b15t,0.0
2018-09-23,-57.094,-31.089,b15t,0.0
2018-09-24,-57.185,-31.107,b15t,0.0
2018-09-25,-57.291,-31.047,b15t,0.0
2018-09-26,-57.353,-30.986,b15t,0.0
2018-09-27,-57.353,-30.986,b15t,0.0
2018-09-28,-57.353,-30.986,b15t,0.0
2018-09-29,-57.379,-30.744,b15t,0.0
2018-09-30,-57.384,-30.59,b15t,0.0
2018-10-01,-57.372,-30.558,b15t,0.0
2018-10-02,-57.28,-30.06,b15t,0.0
2018-10-03,-57.24,-29.971,b15t,0.0
2018-10-04,-57.198,-29.826,b15t,0.0
2018-10-05,-57.124,-29.78,b15t,0.0
2018-10-06,-57.009,-29.834,b15t,0.0
2018-10-07,-56.929,-29.847,b15t,0.0
2018-10-08,-56.891,-29.998,b15t,0.0
2018-10-09,-56.826,-30.101,b15t,0.0
2018-10-10,-56.671,-30.754,b15t,0.0
2018-10-11,-56.557,-31.324,b15t,0.0
2018-10-12,-56.557,-31.324,b15t,0.0
2018-10-13,-56.438,-31.401,b15t,0.0
2018-10-14,-56.185,-31.544,b15t,0.0
2018-10-15,-55.953,-31.622,b15t,0.0
2018-10-16,-55.802,-31.154,b15t,0.0
2018-10-17,-55.741,-31.037,b15t,0.0
2018-10-18,-55.716,-31.046,b15t,0.0
2018-10-19,-55.6,-30.936,b15t,0.0
2018-10-20,-55.242,-31.249,b15t,0.0
2018-10-21,-55.061,-31.635,b15t,0.0
2018-10-22,-55.028,-31.909,b15t,0.0
2018-10-23,-54.978,-32.114,b15t,0.0
2018-10-24,-55.003,-32.164,b15t,0.0
2018-10-25,-54.685,-32.938,b15t,0.0
2018-10-26,-54.641,-32.966,b15t,0.0
2018-10-27,-54.54,-33.09,b15t,0.0
2018-10-28,-54.47,-33.066,b15t,0.0
2018-10-29,-54.434,-32.927,b15t,0.0
2018-10-30,-54.499,-32.52,b15t,0.0
2018-10-31,-54.503,-32.265,b15t,0.0
2018-11-01,-54.581,-32.201,b15t,0.0
2018-11-02,-54.599,-32.188,b15t,0.0
2018-11-03,-54.627,-32.352,b15t,0.0
2018-11-04,-54.657,-32.657,b15t,0.0
2018-11-05,-54.67,-32.821,b15t,0.0
2018-11-06,-54.64,-32.821,b15t,0.0
2018-11-07,-54.446,-32.981,b15t,0.0
2018-11-08,-54.276,-33.258,b15t,0.0
2018-11-09,-54.459,-33.503,b15t,0.0
2018-11-10,-54.238,-33.265,b15t,0.0
2018-11-11,-54.087,-32.888,b15t,0.0
2018-11-12,-54.207,-32.555,b15t,0.0
2018-11-13,-54.413,-32.579,b15t,0.0
2018-11-14,-54.551,-32.603,b15t,0.0
2018-11-15,-54.551,-32.603,b15t,0.0
2018-11-16,-54.551,-32.603,b15t,0.0
2018-11-17,-54.551,-32.603,b15t,0.0
2018-11-18,-53.904,-31.339,b15t,0.0
2018-11-19,-53.238,-30.075,b15t,0.0
2018-11-20,-53.207,-30.425,b15t,0.0
2018-11-21,-53.19,-31.075,b15t,0.0
2018-11-22,-53.184,-31.425,b15t,0.0
2018-11-23,-53.184,-31.425,b15t,0.0
2018-11-24,-53.28,-31.083,b15t,0.0
2018-11-25,-53.426,-30.855,b15t,0.0
2018-11-26,-53.426,-30.855,b15t,0.0
2018-11-27,-53.43,-30.755,b15t,0.0
2018-11-28,-53.388,-30.297,b15t,0.0
2018-11-29,-53.414,-30.158,b15t,0.0
2018-11-30,-53.185,-29.649,b15t,0.0
2018-12-01,-53.245,-29.495,b15t,0.0
2018-12-02,-53.124,-29.255,b15t,0.0
2018-12-03,-52.918,-28.965,b15t,0.0
2018-12-04,-52.744,-28.656,b15t,0.0
2018-12-05,-52.583,-28.474,b15t,0.0
2018-12-06,-52.583,-28.474,b15t,0.0
2018-12-07,-52.583,-28.474,b15t,0.0
2018-12-08,-52.867,-28.267,b15t,0.0
2018-12-09,-53.006,-28.293,b15t,0.0
2018-12-10,-53.263,-27.855,b15t,0.0
2018-12-11,-53.277,-27.617,b15t,0.0
2018-12-12,-53.302,-27.666,b15t,0.0
2018-12-13,-53.16,-27.191,b15t,0.0
2018-12-14,-52.999,-26.785,b15t,0.0
2018-12-15,-52.669,-26.284,b15t,0.0
2018-12-16,-52.647,-26.245,b15t,0.0
2018-12-17,-52.684,-26.019,b15t,0.0
2018-12-18,-52.774,-25.255,b15t,0.0
2018-12-19,-53.002,-24.874,b15t,0.0
2018-12-20,-53.174,-24.803,b15t,0.0
2018-12-21,-53.286,-25.027,b15t,0.0
2018-12-22,-53.346,-25.182,b15t,0.0
2018-12-23,-53.499,-25.545,b15t,0.0
2018-12-24,-53.519,-25.91,b15t,0.0
2018-12-25,-53.64,-26.096,b15t,0.0
2018-12-26,-53.659,-26.109,b15t,0.0
2018-12-27,-53.823,-26.288,b15t,0.0
2018-12-28,-54.066,-25.971,b15t,0.0
2018-12-29,-54.233,-25.693,b15t,0.0
2018-12-30,-54.367,-25.585,b15t,0.0
2018-12-31,-54.689,-25.427,b15t,0.0
2019-01-01,-54.723,-25.206,b15t,0.0
2019-01-02,-54.733,-25.017,b15t,0.0
2019-01-03,-54.736,-24.695,b15t,0.0
2019-01-04,-54.833,-24.983,b15t,0.0
2019-01-05,-54.771,-24.983,b15t,0.0
2019-01-06,-54.609,-24.983,b15t,0.0
2019-01-07,-54.387,-24.983,b15t,0.0
2019-01-08,-54.146,-24.983,b15t,0.0
2019-01-09,-53.925,-24.983,b15t,0.0
2019-01-10,-53.763,-24.983,b15t,0.0
2019-01-11,-53.7,-24.983,b15t,0.0
2019-01-12,-53.702,-25.054,b15t,0.0
2019-01-13,-53.707,-25.234,b15t,0.0
2019-01-14,-53.714,-25.482,b15t,0.0
2019-01-15,-53.725,-25.751,b15t,0.0
2019-01-16,-53.737,-25.999,b15t,0.0
2019-01-17,-53.751,-26.18,b15t,0.0
2019-01-18,-53.767,-26.25,b15t,0.0
2019-01-19,-53.8,-26.231,b15t,0.0
2019-01-20,-53.859,-26.181,b15t,0.0
2019-01-21,-53.934,-26.112,b15t,0.0
2019-01-22,-54.011,-26.038,b15t,0.0
2019-01-23,-54.081,-25.969,b15t,0.0
2019-01-24,-54.131,-25.919,b15t,0.0
2019-01-25,-54.15,-25.9,b15t,0.0
2019-01-26,-54.147,-25.945,b15t,0.0
2019-01-27,-54.14,-26.062,b15t,0.0
2019-01-28,-54.13,-26.221,b15t,0.0
2019-01-29,-54.118,-26.395,b15t,0.0
2019-01-30,-54.105,-26.555,b15t,0.0
2019-01-31,-54.093,-26.672,b15t,0.0
2019-02-01,-54.083,-26.717,b15t,0.0
2019-02-02,-54.076,-26.68,b15t,0.0
2019-02-03,-54.07,-26.585,b15t,0.0
2019-02-04,-54.065,-26.454,b15t,0.0
2019-02-05,-54.059,-26.312,b15t,0.0
2019-02-06,-54.053,-26.182,b15t,0.0
2019-02-07,-54.044,-26.087,b15t,0.0
2019-02-08,-54.033,-26.05,b15t,0.0
2019-02-09,-54.004,-26.055,b15t,0.0
2019-02-10,-53.948,-26.069,b15t,0.0
2019-02-11,-53.877,-26.091,b15t,0.0
2019-02-12,-53.802,-26.121,b15t,0.0
2019-02-13,-53.734,-26.158,b15t,0.0
2019-02-14,-53.686,-26.201,b15t,0.0
2019-02-15,-53.667,-26.25,b15t,0.0
2019-02-16,-53.694,-26.382,b15t,0.0
2019-02-17,-53.763,-26.639,b15t,0.0
2019-02-18,-53.857,-26.969,b15t,0.0
2019-02-19,-53.96,-27.319,b15t,0.0
2019-02-20,-54.054,-27.634,b15t,0.0
2019-02-21,-54.123,-27.862,b15t,0.0
2019-02-22,-54.15,-27.95,b15t,0.0
2019-02-23,-54.15,-27.95,b15t,0.0
2019-02-24,-54.15,-27.95,b15t,0.0
2019-02-25,-54.15,-27.95,b15t,0.0
2019-02-26,-54.15,-27.95,b15t,0.0
2019-02-27,-54.15,-27.95,b15t,0.0
2019-02-28,-54.15,-27.95,b15t,0.0
2019-03-01,-54.15,-27.95,b15t,0.0
2019-03-02,-54.16,-27.938,b15t,0.0
2019-03-03,-54.186,-27.907,b15t,0.0
2019-03-04,-54.222,-27.865,b15t,0.0
2019-03-05,-54.261,-27.819,b15t,0.0
2019-03-06,-54.297,-27.776,b15t,0.0
2019-03-07,-54.323,-27.745,b15t,0.0
2019-03-08,-54.333,-27.733,b15t,0.0
2019-03-09,-54.325,-27.742,b15t,0.0
2019-03-10,-54.304,-27.763,b15t,0.0
2019-03-11,-54.274,-27.792,b15t,0.0
2019-03-12,-54.242,-27.824,b15t,0.0
2019-03-13,-54.213,-27.854,b15t,0.0
2019-03-14,-54.192,-27.875,b15t,0.0
2019-03-15,-54.183,-27.883,b15t,0.0
2019-03-16,-54.186,-27.833,b15t,0.0
2019-03-17,-54.192,-27.705,b15t,0.0
2019-03-18,-54.203,-27.529,b15t,0.0
2019-03-19,-54.216,-27.338,b15t,0.0
2019-03-20,-54.231,-27.162,b15t,0.0
2019-03-21,-54.249,-27.033,b15t,0.0
2019-03-22,-54.267,-26.983,b15t,0.0
2019-03-23,-54.289,-26.984,b15t,0.0
2019-03-24,-54.319,-26.986,b15t,0.0
2019-03-25,-54.356,-26.993,b15t,0.0
2019-03-26,-54.398,-27.005,b15t,0.0
2019-03-27,-54.446,-27.026,b15t,0.0
2019-03-28,-54.496,-27.057,b15t,0.0
2019-03-29,-54.55,-27.1,b15t,0.0
2019-03-30,-54.489,-25.874,b15t,0.0
2019-03-31,-54.393,-25.844,b15t,0.0
2019-04-01,-54.321,-25.705,b15t,0.0
2019-04-02,-54.26,-25.406,b15t,0.0
2019-04-03,-54.216,-24.977,b15t,0.0
2000-12-24,-73.9,-178.6,b17a,762.45
2000-12-26,-73.89,-178.542,b17a,808.9
2000-12-27,-73.89,-178.542,b17a,855.36
2000-12-28,-73.876,-178.624,b17a,901.82
2000-12-29,-73.814,-178.631,b17a,948.27
2000-12-30,-73.872,-178.628,b17a,994.73
2000-12-31,-73.813,-178.49,b17a,1041.19
2001-01-01,-73.765,-178.566,b17a,1087.65
2001-01-02,-73.753,-178.566,b17a,1134.1
2001-01-03,-73.687,-178.345,b17a,1180.56
2001-01-04,-73.71,-178.354,b17a,1227.02
2001-01-05,-73.707,-178.272,b17a,1273.47
2001-01-06,-73.727,-178.269,b17a,1319.93
2001-01-07,-73.565,-178.287,b17a,1361.92
2001-01-08,-73.565,-178.287,b17a,1406.03
2001-01-09,-73.476,-178.396,b17a,1449.44
2001-01-10,-73.439,-178.359,b17a,1497.62
2001-01-11,-73.349,-178.276,b17a,1542.58
2001-01-12,-73.349,-178.276,b17a,1584.58
2001-01-13,-73.264,-178.441,b17a,1603.9
2001-01-14,-73.264,-178.441,b17a,1649.21
2001-01-15,-73.264,-178.441,b17a,1695.91
2001-01-16,-73.221,-177.817,b17a,1741.1
2001-01-17,-73.221,-177.817,b17a,1814.3
2001-01-18,-73.244,-177.674,b17a,1909.85
2001-01-19,-73.181,-177.177,b17a,1955.34
2001-01-20,-73.181,-177.177,b17a,2041.28
2001-01-21,-73.19,-177.138,b17a,2076.88
2001-01-22,-73.181,-177.177,b17a,2126.08
2001-01-23,-73.181,-177.177,b17a,2133.44
2001-01-24,-73.181,-177.177,b17a,2149.19
2001-01-25,-73.231,-176.765,b17a,2152.26
2001-01-26,-73.231,-176.765,b17a,2158.85
2001-01-27,-73.231,-176.765,b17a,2155.91
2001-01-28,-73.231,-176.765,b17a,2140.45
2001-01-29,-73.175,-176.467,b17a,2112.58
2001-01-30,-73.175,-176.467,b17a,2086.28
2001-01-31,-73.175,-176.467,b17a,2054.44
2001-02-01,-73.175,-176.467,b17a,2026.22
2001-02-02,-73.175,-176.467,b17a,1994.02
2001-02-03,-73.133,-176.542,b17a,1960.47
2001-02-04,-73.133,-176.542,b17a,1921.53
2001-02-05,-73.133,-176.542,b17a,1880.4
2001-02-06,-73.133,-176.542,b17a,1839.22
2001-02-07,-73.133,-176.542,b17a,1823.99
2001-02-08,-73.133,-176.542,b17a,1781.84
2001-02-09,-73.143,-176.819,b17a,1743.64
2001-02-10,-73.143,-176.819,b17a,1701.28
2001-02-11,-73.097,-176.843,b17a,1627.41
2001-02-12,-73.097,-176.843,b17a,1530.33
2001-02-13,-73.097,-176.843,b17a,1481.97
2001-02-14,-73.097,-176.843,b17a,1396.4
2001-02-15,-73.097,-176.843,b17a,1358.46
2001-02-16,-73.097,-176.843,b17a,1293.01
2001-02-17,-73.097,-176.843,b17a,1265.99
2001-02-18,-73.163,-176.804,b17a,1237.45
2001-02-19,-73.163,-176.804,b17a,1210.02
2001-02-20,-73.163,-176.804,b17a,1183.08
2001-02-21,-73.163,-176.804,b17a,1157.96
2001-02-22,-73.29,-177.15,b17a,1141.94
2001-02-23,-73.332,-177.016,b17a,1132.84
2001-02-24,-73.386,-176.909,b17a,1126.75
2001-02-25,-73.386,-176.909,b17a,1120.37
2001-02-26,-73.341,-176.99,b17a,1110.39
2001-02-27,-73.341,-176.99,b17a,1105.73
2001-02-28,-73.35,-177.218,b17a,1102.2
2001-03-01,-73.35,-177.218,b17a,1100.05
2001-03-02,-73.35,-177.218,b17a,1099.43
2001-03-03,-73.35,-177.218,b17a,1095.48
2001-03-04,-73.35,-177.218,b17a,1094.35
2001-03-05,-73.35,-177.218,b17a,1093.65
2001-03-06,-73.322,-177.38,b17a,1088.15
2001-03-07,-73.322,-177.38,b17a,1089.99
2001-03-08,-73.322,-177.38,b17a,1090.74
2001-03-09,-73.322,-177.38,b17a,1093.55
2001-03-10,-73.322,-177.564,b17a,1095.98
2001-03-11,-73.322,-177.564,b17a,1095.84
2001-03-12,-73.216,-177.64,b17a,1095.57
2001-03-13,-73.216,-177.64,b17a,1094.35
2001-03-14,-73.184,-177.635,b17a,1092.52
2001-03-15,-73.098,-177.595,b17a,1091.32
2001-03-16,-73.098,-177.595,b17a,1089.72
2001-03-17,-73.098,-177.595,b17a,1087.9
2001-03-18,-73.034,-177.727,b17a,1085.42
2001-03-19,-73.034,-177.727,b17a,1083.32
2001-03-20,-73.034,-177.727,b17a,1079.22
2001-03-21,-73.034,-177.727,b17a,1072.17
2001-03-22,-72.99,-177.809,b17a,1068.96
2001-03-23,-72.99,-177.809,b17a,1065.87
2001-03-24,-72.99,-177.809,b17a,1060.46
2001-03-25,-72.895,-177.805,b17a,1056.07
2001-03-26,-72.895,-177.818,b17a,1050.65
2001-03-27,-72.852,-177.838,b17a,1045.23
2001-03-28,-72.814,-177.905,b17a,1043.94
2001-03-29,-72.814,-177.933,b17a,1039.27
2001-03-30,-72.814,-177.967,b17a,1035.9
2001-03-31,-72.814,-178.005,b17a,1033.53
2001-04-01,-72.767,-178.229,b17a,1028.92
2001-04-02,-72.731,-178.397,b17a,1027.68
2001-04-03,-72.728,-178.511,b17a,1024.64
2001-04-04,-72.725,-178.653,b17a,1024.83
2001-04-05,-72.765,-178.981,b17a,1024.55
2001-04-06,-72.793,-179.25,b17a,1030.34
2001-04-07,-72.789,-179.386,b17a,1035.89
2001-04-08,-72.799,-179.575,b17a,1040.89
2001-04-09,-72.796,-179.652,b17a,1044.29
2001-04-10,-72.815,-179.889,b17a,1046.71
2001-04-11,-72.812,-179.947,b17a,1050.3
2001-04-12,-72.809,179.997,b17a,1053.97
2001-04-13,-72.75,179.667,b17a,1057.3
2001-04-14,-72.746,179.604,b17a,1060.46
2001-04-15,-72.712,179.299,b17a,1065.02
2001-04-16,-72.701,179.206,b17a,1068.53
2001-04-17,-72.652,179.125,b17a,1072.27
2001-04-18,-72.628,179.002,b17a,1076.42
2001-04-19,-72.601,178.878,b17a,1079.67
2001-04-20,-72.567,178.658,b17a,1083.26
2001-04-21,-72.543,178.564,b17a,1087.55
2001-04-22,-72.525,178.501,b17a,1090.31
2001-04-23,-72.673,178.372,b17a,1094.0
2001-04-24,-72.566,178.127,b17a,1096.46
2001-04-25,-72.385,177.775,b17a,1098.13
2001-04-26,-72.385,177.775,b17a,1099.45
2001-04-27,-72.385,177.775,b17a,1099.43
2001-04-28,-72.348,177.664,b17a,1102.35
2001-04-29,-72.348,177.664,b17a,1103.6
2001-04-30,-72.348,177.664,b17a,1106.07
2001-05-01,-72.348,177.664,b17a,1102.36
2001-05-02,-72.348,177.664,b17a,1097.81
2001-05-03,-72.307,177.578,b17a,1093.24
2001-05-04,-72.307,177.578,b17a,1090.36
2001-05-05,-72.234,177.382,b17a,1088.68
2001-05-06,-72.167,177.166,b17a,1085.59
2001-05-07,-72.127,176.958,b17a,1082.39
2001-05-08,-72.079,176.865,b17a,1079.28
2001-05-09,-72.06,176.805,b17a,1076.1
2001-05-10,-72.033,176.599,b17a,1072.96
2001-05-11,-72.018,176.531,b17a,1069.86
2001-05-12,-71.994,176.42,b17a,1066.52
2001-05-13,-71.967,176.275,b17a,1063.67
2001-05-14,-71.954,176.167,b17a,1060.75
2001-05-15,-71.954,176.1,b17a,1057.91
2001-05-16,-71.953,175.902,b17a,1054.95
2001-05-17,-71.953,175.831,b17a,1052.15
2001-05-18,-71.951,175.653,b17a,1049.42
2001-05-19,-71.951,175.578,b17a,1047.12
2001-05-20,-71.93,175.418,b17a,1045.38
2001-05-21,-71.923,175.168,b17a,1044.69
2001-05-22,-71.904,174.915,b17a,1044.93
2001-05-23,-71.886,174.626,b17a,1043.83
2001-05-24,-71.877,174.44,b17a,1043.19
2001-05-25,-71.852,174.203,b17a,1043.31
2001-05-26,-71.841,174.1,b17a,1043.06
2001-05-27,-71.808,173.867,b17a,1044.24
2001-05-28,-71.777,173.582,b17a,1046.81
2001-05-29,-71.766,173.342,b17a,1049.54
2001-05-30,-71.736,173.191,b17a,1053.17
2001-05-31,-71.702,173.031,b17a,1057.09
2001-06-01,-71.66,172.425,b17a,1061.19
2001-06-02,-71.603,172.201,b17a,1065.28
2001-06-03,-71.546,171.976,b17a,1069.63
2001-06-04,-71.496,171.802,b17a,1073.86
2001-06-05,-71.386,171.523,b17a,1078.73
2001-06-06,-71.304,171.268,b17a,1082.86
2001-06-07,-71.179,171.109,b17a,1087.77
2001-06-08,-71.066,170.764,b17a,1092.08
2001-06-09,-70.937,170.384,b17a,1096.38
2001-06-10,-70.835,170.176,b17a,1100.88
2001-06-11,-71.11,170.973,b17a,1112.93
2001-06-12,-71.018,170.863,b17a,1117.3
2001-06-13,-71.018,170.863,b17a,1124.57
2001-06-14,-71.018,170.863,b17a,1125.98
2001-06-15,-70.809,170.056,b17a,1126.5
2001-06-16,-70.739,169.513,b17a,1126.78
2001-06-17,-70.568,169.313,b17a,1127.32
2001-06-18,-70.568,169.313,b17a,1127.3
2001-06-19,-70.522,168.965,b17a,1126.49
2001-06-20,-70.522,168.965,b17a,1126.21
2001-06-21,-70.356,168.744,b17a,1127.57
2001-06-22,-70.356,168.744,b17a,1127.13
2001-06-23,-70.311,168.225,b17a,1127.72
2001-06-24,-70.241,167.886,b17a,1128.82
2001-06-25,-70.121,167.306,b17a,1128.11
2001-06-26,-69.967,166.435,b17a,1127.25
2001-06-27,-69.922,166.052,b17a,1126.56
2001-06-28,-69.86,165.837,b17a,1125.55
2001-06-29,-69.862,165.529,b17a,1124.44
2001-06-30,-69.862,165.529,b17a,1122.71
2001-07-01,-69.631,165.063,b17a,1121.61
2001-07-02,-69.637,165.018,b17a,1119.79
2001-07-03,-69.652,164.92,b17a,1119.01
2001-07-04,-69.659,164.856,b17a,1118.42
2001-07-05,-69.682,164.827,b17a,1118.65
2001-07-06,-69.703,164.795,b17a,1111.23
2001-07-07,-69.713,164.682,b17a,1111.85
2001-07-08,-69.707,164.494,b17a,1109.27
2001-07-09,-69.687,164.342,b17a,1112.85
2001-07-10,-69.654,164.238,b17a,1118.05
2001-07-11,-69.642,164.122,b17a,1121.96
2001-07-12,-69.628,163.924,b17a,1126.58
2001-07-13,-69.611,163.734,b17a,1132.12
2001-07-14,-69.596,163.628,b17a,1138.19
2001-07-15,-69.583,163.546,b17a,1144.71
2001-07-16,-69.541,163.368,b17a,1149.94
2001-07-17,-69.54,163.161,b17a,1156.87
2001-07-18,-69.507,163.008,b17a,1161.87
2001-07-19,-69.479,162.909,b17a,1167.72
2001-07-20,-69.473,162.789,b17a,1173.63
2001-07-21,-69.435,162.569,b17a,1181.78
2001-07-22,-69.432,162.531,b17a,1190.1
2001-07-23,-69.408,162.423,b17a,1201.62
2001-07-24,-69.4,162.313,b17a,1208.79
2001-07-25,-69.382,162.227,b17a,1217.05
2001-07-26,-69.382,162.203,b17a,1225.85
2001-07-27,-69.382,162.178,b17a,1239.81
2001-07-28,-69.325,161.97,b17a,1256.62
2001-07-29,-69.325,161.934,b17a,1270.61
2001-07-30,-69.309,161.769,b17a,1288.22
2001-07-31,-69.231,161.703,b17a,1306.56
2001-08-01,-69.167,161.64,b17a,1324.8
2001-08-02,-69.073,161.555,b17a,1343.18
2001-08-03,-69.009,161.483,b17a,1361.78
2001-08-04,-68.906,161.377,b17a,1380.98
2001-08-05,-68.888,161.305,b17a,1402.02
2001-08-06,-69.075,161.709,b17a,1420.34
2001-08-07,-69.007,161.575,b17a,1438.21
2001-08-08,-69.012,161.38,b17a,1456.38
2001-08-09,-69.012,161.38,b17a,1474.45
2001-08-10,-68.92,160.992,b17a,1495.31
2001-08-11,-68.92,160.992,b17a,1519.94
2001-08-12,-68.868,160.896,b17a,1551.84
2001-08-13,-68.868,160.896,b17a,1574.97
2001-08-14,-68.833,160.448,b17a,1595.42
2001-08-15,-68.753,160.04,b17a,1617.65
2001-08-16,-68.709,159.748,b17a,1635.76
2001-08-17,-68.709,159.748,b17a,1650.73
2001-08-18,-68.776,158.885,b17a,1670.11
2001-08-19,-68.763,158.718,b17a,1688.36
2001-08-20,-68.734,158.686,b17a,1706.33
2001-08-21,-68.728,158.616,b17a,1718.73
2001-08-22,-68.742,158.699,b17a,1727.97
2001-08-23,-68.757,158.79,b17a,1740.11
2001-08-24,-68.771,158.873,b17a,1746.93
2001-08-25,-68.781,158.933,b17a,1754.13
2001-08-26,-68.784,158.957,b17a,1760.96
2001-08-27,-68.781,158.924,b17a,1767.81
2001-08-28,-68.736,158.687,b17a,1774.22
2001-08-29,-68.722,158.571,b17a,1778.4
2001-08-30,-68.736,158.241,b17a,1782.87
2001-08-31,-68.689,158.135,b17a,1789.6
2001-09-01,-68.67,158.044,b17a,1796.22
2001-09-02,-68.652,158.003,b17a,1801.47
2001-09-03,-68.632,157.995,b17a,1805.4
2001-09-04,-68.61,157.989,b17a,1810.78
2001-09-05,-68.581,157.951,b17a,1812.41
2001-09-06,-68.557,157.948,b17a,1806.86
2001-09-07,-68.534,157.944,b17a,1808.42
2001-09-08,-68.513,157.939,b17a,1815.24
2001-09-09,-68.509,157.853,b17a,1818.41
2001-09-10,-68.496,157.825,b17a,1825.7
2001-09-11,-68.485,157.767,b17a,1833.22
2001-09-12,-68.475,157.688,b17a,1841.38
2001-09-13,-68.465,157.597,b17a,1849.91
2001-09-14,-68.455,157.505,b17a,1863.04
2001-09-15,-68.445,157.421,b17a,1877.03
2001-09-16,-68.434,157.353,b17a,1894.75
2001-09-17,-68.37,157.248,b17a,1919.26
2001-09-18,-68.359,157.203,b17a,1942.7
2001-09-19,-68.348,157.161,b17a,1955.94
2001-09-20,-68.336,157.121,b17a,1968.1
2001-09-21,-68.323,157.08,b17a,1980.52
2001-09-22,-68.308,157.034,b17a,1992.76
2001-09-23,-68.29,156.983,b17a,2005.29
2001-09-24,-68.259,156.913,b17a,2016.98
2001-09-25,-68.213,156.825,b17a,2028.05
2001-09-26,-68.159,156.728,b17a,2038.4
2001-09-27,-68.103,156.633,b17a,2050.12
2001-09-28,-68.057,156.454,b17a,2062.27
2001-09-29,-68.022,156.397,b17a,2070.04
2001-09-30,-68.02,156.124,b17a,2076.25
2001-10-01,-68.027,156.127,b17a,2082.78
2001-10-02,-68.03,156.223,b17a,2088.24
2001-10-03,-68.053,156.237,b17a,2093.17
2001-10-04,-68.08,156.253,b17a,2098.13
2001-10-05,-68.105,156.271,b17a,2101.52
2001-10-06,-68.127,156.287,b17a,2105.24
2001-10-07,-68.141,156.301,b17a,2108.34
2001-10-08,-68.15,156.315,b17a,2112.53
2001-10-09,-68.158,156.331,b17a,2114.06
2001-10-10,-68.166,156.346,b17a,2112.9
2001-10-11,-68.173,156.361,b17a,2108.39
2001-10-12,-68.178,156.373,b17a,2090.85
2001-10-13,-68.181,156.382,b17a,2074.77
2001-10-14,-68.183,156.385,b17a,2067.72
2001-10-15,-68.515,156.97,b17a,2061.64
2001-10-16,-68.515,156.97,b17a,2054.99
2001-10-17,-68.515,156.97,b17a,2048.39
2001-10-18,-68.524,156.683,b17a,2041.33
2001-10-19,-68.524,156.683,b17a,2034.54
2001-10-20,-68.524,156.683,b17a,2027.42
2001-10-21,-68.524,156.683,b17a,2020.82
2001-10-22,-68.524,156.683,b17a,2014.47
2001-10-23,-68.524,156.683,b17a,2004.6
2001-10-24,-68.524,156.683,b17a,1998.31
2001-10-25,-68.524,156.683,b17a,1988.75
2001-10-26,-68.524,156.683,b17a,1978.87
2001-10-27,-68.524,156.683,b17a,1969.5
2001-10-28,-67.491,155.001,b17a,1963.2
2001-10-29,-67.537,155.074,b17a,1963.05
2001-10-30,-67.584,155.224,b17a,1963.75
2001-10-31,-67.746,155.483,b17a,1962.03
2001-11-01,-67.923,155.767,b17a,1956.36
2001-11-02,-68.089,156.03,b17a,1949.35
2001-11-03,-68.214,156.227,b17a,1933.98
2001-11-04,-68.271,156.312,b17a,1928.07
2001-11-05,-68.284,156.325,b17a,1922.51
2001-11-06,-68.295,156.336,b17a,1921.9
2001-11-07,-68.304,156.345,b17a,1924.49
2001-11-08,-68.311,156.352,b17a,1937.84
2001-11-09,-68.293,156.306,b17a,1940.67
2001-11-10,-68.296,156.309,b17a,1941.66
2001-11-11,-68.297,156.31,b17a,1945.4
2001-11-12,-68.294,156.52,b17a,1955.71
2001-11-13,-68.294,156.52,b17a,1965.95
2001-11-14,-68.294,156.52,b17a,1969.48
2001-11-15,-68.294,156.52,b17a,1962.54
2001-11-16,-68.294,156.52,b17a,1957.21
2001-11-17,-68.294,156.52,b17a,1960.28
2001-11-18,-67.247,156.31,b17a,1958.93
2001-11-19,-67.247,156.31,b17a,1958.07
2001-11-20,-67.247,156.31,b17a,1958.29
2001-11-21,-67.239,156.25,b17a,1958.32
2001-11-22,-67.239,156.25,b17a,1954.76
2001-11-23,-67.239,156.25,b17a,1946.37
2001-11-24,-67.239,156.25,b17a,1935.45
2001-11-25,-67.239,156.25,b17a,1928.54
2001-11-26,-67.294,156.25,b17a,1922.93
2001-11-27,-67.437,156.25,b17a,1918.41
2001-11-28,-67.632,156.25,b17a,1916.13
2001-11-29,-67.845,156.25,b17a,1908.26
2001-11-30,-68.04,156.25,b17a,1896.95
2001-12-01,-68.183,156.25,b17a,1890.41
2001-12-02,-68.239,156.25,b17a,1879.87
2001-12-03,-68.209,156.25,b17a,1857.68
2001-12-04,-68.134,156.25,b17a,1846.35
2001-12-05,-68.032,156.25,b17a,1836.29
2001-12-06,-67.92,156.25,b17a,1822.68
2001-12-07,-67.818,156.25,b17a,1802.97
2001-12-08,-67.743,156.25,b17a,1777.84
2001-12-09,-67.714,156.25,b17a,1754.48
2001-12-10,-68.234,156.35,b17a,1745.93
2001-12-11,-68.234,156.35,b17a,1733.75
2001-12-12,-68.234,156.35,b17a,1717.48
2001-12-13,-68.186,156.292,b17a,1701.67
2001-12-14,-68.186,156.292,b17a,1692.25
2001-12-15,-68.186,156.292,b17a,1686.22
2001-12-16,-68.186,156.292,b17a,1670.07
2001-12-17,-68.186,156.292,b17a,1653.16
2001-12-18,-68.186,156.292,b17a,1633.67
2001-12-19,-68.186,156.292,b17a,1614.83
2001-12-20,-68.186,156.292,b17a,1594.08
2001-12-21,-68.186,156.292,b17a,1574.54
2001-12-22,-68.186,156.292,b17a,1552.4
2001-12-23,-68.186,156.292,b17a,1503.55
2001-12-24,-68.162,156.16,b17a,1450.56
2001-12-25,-68.162,156.16,b17a,1401.1
2001-12-26,-68.162,156.16,b17a,1372.93
2001-12-27,-68.162,156.16,b17a,1343.63
2001-12-28,-68.162,156.16,b17a,1289.64
2001-12-29,-68.162,156.16,b17a,1256.28
2001-12-30,-68.162,156.16,b17a,1221.8
2001-12-31,-68.162,156.16,b17a,1185.87
2002-01-01,-68.162,156.16,b17a,1149.4
2002-01-02,-68.162,156.16,b17a,1117.09
2002-01-03,-68.162,156.16,b17a,1089.62
2002-01-04,-68.162,156.16,b17a,1057.39
2002-01-05,-68.131,156.13,b17a,1032.1
2002-01-06,-68.162,156.16,b17a,1005.83
2002-01-07,-68.162,156.16,b17a,981.88
2002-01-08,-68.162,156.16,b17a,951.49
2002-01-09,-68.162,156.16,b17a,920.15
2002-01-10,-68.162,156.16,b17a,895.48
2002-01-11,-68.162,156.16,b17a,871.1
2002-01-12,-68.162,156.16,b17a,848.19
2002-01-13,-68.162,156.16,b17a,828.12
2002-01-14,-68.162,156.16,b17a,808.9
2002-01-15,-68.162,156.16,b17a,791.07
2002-01-16,-68.162,156.16,b17a,775.05
2002-01-17,-68.117,156.39,b17a,789.92
2002-01-18,-68.117,156.39,b17a,807.58
2002-01-19,-68.117,156.39,b17a,824.36
2002-01-20,-68.109,156.445,b17a,816.02
2002-01-21,-68.117,156.39,b17a,810.19
2002-01-22,-68.117,156.39,b17a,830.06
2002-01-23,-68.117,156.39,b17a,829.1
2002-01-24,-68.117,156.39,b17a,829.95
2002-01-25,-68.117,156.39,b17a,832.77
2002-01-26,-68.025,156.256,b17a,836.84
2002-01-27,-68.025,156.256,b17a,841.83
2002-01-28,-68.025,156.256,b17a,847.56
2002-01-29,-68.025,156.256,b17a,853.6
2002-01-30,-68.025,156.256,b17a,853.45
2002-01-31,-68.025,156.256,b17a,854.28
2002-02-01,-68.025,156.256,b17a,852.84
2002-02-02,-68.025,156.256,b17a,855.27
2002-02-03,-68.025,156.256,b17a,854.92
2002-02-04,-68.025,156.256,b17a,858.37
2002-02-05,-68.024,156.048,b17a,862.48
2002-02-06,-67.976,155.895,b17a,866.19
2002-02-07,-67.976,155.895,b17a,869.48
2002-02-08,-67.976,155.895,b17a,872.08
2002-02-09,-67.976,155.895,b17a,875.37
2002-02-10,-67.976,155.895,b17a,878.75
2002-02-11,-68.001,155.779,b17a,882.38
2002-02-12,-68.001,155.779,b17a,885.88
2002-02-13,-67.946,155.685,b17a,890.07
2002-02-14,-67.946,155.685,b17a,895.11
2002-02-15,-67.946,155.685,b17a,902.32
2002-02-16,-67.946,155.685,b17a,908.74
2002-02-17,-67.895,155.639,b17a,916.37
2002-02-18,-67.906,155.48,b17a,924.2
2002-02-19,-67.906,155.48,b17a,931.58
2002-02-20,-67.875,155.431,b17a,937.58
2002-02-21,-67.875,155.431,b17a,947.05
2002-02-22,-67.829,155.146,b17a,956.27
2002-02-23,-67.817,155.032,b17a,966.22
2002-02-24,-66.586,152.215,b17a,976.02
2002-02-25,-67.708,154.791,b17a,988.19
2002-02-26,-67.671,154.672,b17a,999.27
2002-02-27,-67.671,154.672,b17a,1009.99
2002-02-28,-67.565,154.48,b17a,1020.15
2002-03-01,-67.537,154.192,b17a,1034.81
2002-03-02,-67.518,153.972,b17a,1063.18
2002-03-03,-67.521,153.825,b17a,1093.71
2002-03-04,-67.5,153.701,b17a,1125.95
2002-03-05,-67.454,153.501,b17a,1142.29
2002-03-06,-67.437,153.401,b17a,1173.11
2002-03-07,-67.456,153.282,b17a,1221.15
2002-03-08,-67.444,153.162,b17a,1261.6
2002-03-09,-67.444,153.162,b17a,1309.26
2002-03-10,-67.477,153.002,b17a,1357.95
2002-03-11,-67.499,152.989,b17a,1405.7
2002-03-12,-67.533,152.965,b17a,1452.78
2002-03-13,-67.545,152.927,b17a,1502.25
2002-03-14,-67.551,152.831,b17a,1553.91
2002-03-15,-67.594,152.693,b17a,1603.16
2002-03-16,-67.594,152.693,b17a,1653.57
2002-03-17,-67.682,152.588,b17a,1712.72
2002-03-18,-67.8,152.493,b17a,1769.91
2002-03-19,-67.8,152.493,b17a,1828.61
2002-03-20,-67.851,152.347,b17a,1880.39
2002-03-21,-67.902,152.201,b17a,1942.02
2002-03-22,-67.902,152.201,b17a,1999.61
2002-03-23,-67.93,152.232,b17a,2057.0
2002-03-24,-67.93,152.232,b17a,2123.93
2002-03-25,-67.973,152.164,b17a,2194.44
2002-03-26,-68.045,151.79,b17a,2261.85
2002-03-27,-68.091,151.367,b17a,2314.54
2002-03-28,-68.099,151.244,b17a,2365.66
2002-03-29,-68.074,151.137,b17a,2414.87
2002-03-30,-68.074,151.137,b17a,2479.94
2002-03-31,-68.074,151.137,b17a,2530.5
2002-04-01,-68.054,151.122,b17a,2563.54
2002-04-02,-68.054,151.122,b17a,2603.27
2002-04-03,-68.054,151.122,b17a,2635.4
2002-04-04,-68.054,151.122,b17a,2666.12
2002-04-05,-68.054,151.122,b17a,2697.04
2002-04-06,-68.054,151.122,b17a,2726.52
2002-04-07,-68.054,151.122,b17a,2752.47
2002-04-08,-68.054,151.122,b17a,2765.63
2002-04-09,-68.054,151.122,b17a,2779.69
2002-04-10,-68.054,151.122,b17a,2793.42
2002-04-11,-68.054,151.122,b17a,2799.07
2002-04-12,-68.054,151.122,b17a,2802.74
2002-04-13,-68.088,151.232,b17a,2804.26
2002-04-14,-68.088,151.232,b17a,2811.74
2002-04-15,-68.088,151.232,b17a,2808.31
2002-04-16,-68.088,151.232,b17a,2806.26
2002-04-17,-68.088,151.232,b17a,2806.17
2002-04-18,-68.088,151.232,b17a,2795.34
2002-04-19,-68.088,151.232,b17a,2780.9
2002-04-20,-68.088,151.232,b17a,2760.74
2002-04-21,-68.088,151.232,b17a,2742.18
2002-04-22,-68.088,151.232,b17a,2721.83
2002-04-23,-68.088,151.232,b17a,2696.18
2002-04-24,-68.088,151.232,b17a,2657.25
2002-04-25,-68.088,151.232,b17a,2616.89
2002-04-26,-68.088,151.232,b17a,2576.17
2002-04-27,-68.088,151.232,b17a,2535.98
2002-04-28,-68.088,151.232,b17a,2494.49
2002-04-29,-68.088,151.232,b17a,2454.0
2002-04-30,-68.088,151.232,b17a,2410.26
2002-05-01,-68.088,151.232,b17a,2366.49
2002-05-02,-68.088,151.232,b17a,2322.14
2002-05-03,-68.088,151.232,b17a,2288.89
2002-05-04,-68.088,151.232,b17a,2256.25
2002-05-05,-68.088,151.232,b17a,2223.26
2002-05-06,-68.053,151.199,b17a,2192.19
2002-05-07,-68.016,151.215,b17a,2165.17
2002-05-08,-68.016,151.215,b17a,2138.69
2002-05-09,-68.016,151.215,b17a,2112.72
2002-05-10,-68.057,151.3,b17a,2088.4
2002-05-11,-68.057,151.3,b17a,2065.22
2002-05-12,-68.021,151.306,b17a,2041.4
2002-05-13,-68.021,151.306,b17a,2020.51
2002-05-14,-68.021,151.306,b17a,2000.4
2002-05-15,-68.021,151.306,b17a,1985.25
2002-05-16,-68.021,151.306,b17a,1974.84
2002-05-17,-68.021,151.306,b17a,1967.12
2002-05-18,-68.021,151.306,b17a,1967.57
2002-05-19,-68.021,151.306,b17a,1981.68
2002-05-20,-68.021,151.306,b17a,1997.47
2002-05-21,-68.021,151.306,b17a,2004.27
2002-05-22,-68.021,151.306,b17a,2006.88
2002-05-23,-68.021,151.306,b17a,2012.52
2002-05-24,-68.021,151.306,b17a,2019.67
2002-05-25,-68.021,151.306,b17a,2032.11
2002-05-26,-67.981,151.373,b17a,2051.28
2002-05-27,-67.981,151.373,b17a,2096.35
2002-05-28,-67.981,151.373,b17a,2129.86
2002-05-29,-67.993,151.291,b17a,2173.82
2002-05-30,-68.005,151.209,b17a,2221.89
2002-05-31,-68.005,151.209,b17a,2267.62
2002-06-01,-68.005,151.209,b17a,2308.4
2002-06-02,-68.005,151.209,b17a,2349.88
2002-06-03,-68.002,151.267,b17a,2392.32
2002-06-04,-68.002,151.267,b17a,2434.03
2002-06-05,-68.002,151.267,b17a,2474.7
2002-06-06,-68.002,151.267,b17a,2516.83
2002-06-07,-68.002,151.267,b17a,2555.6
2002-06-08,-68.002,151.267,b17a,2575.82
2002-06-09,-68.002,151.267,b17a,2610.71
2002-06-10,-68.002,151.267,b17a,2637.31
2002-06-11,-68.002,151.267,b17a,2650.35
2002-06-12,-68.002,151.267,b17a,2659.65
2002-06-13,-68.002,151.267,b17a,2669.16
2002-06-14,-68.002,151.267,b17a,2676.98
2002-06-15,-68.002,151.267,b17a,2692.95
2002-06-16,-68.007,151.207,b17a,2709.92
2002-06-17,-68.015,151.248,b17a,2725.43
2002-06-18,-68.015,151.248,b17a,2738.06
2002-06-19,-67.978,151.317,b17a,2743.09
2002-06-20,-67.978,151.317,b17a,2750.28
2002-06-21,-67.978,151.317,b17a,2717.96
2002-06-22,-67.978,151.317,b17a,2709.28
2002-06-23,-67.978,151.317,b17a,2687.55
2002-06-24,-67.978,151.317,b17a,2663.44
2002-06-25,-67.978,151.317,b17a,2635.99
2002-06-26,-67.978,151.317,b17a,2639.33
2002-06-27,-67.978,151.317,b17a,2638.2
2002-06-28,-67.978,151.317,b17a,2580.11
2002-06-29,-67.978,151.317,b17a,2519.6
2002-06-30,-67.978,151.317,b17a,2457.73
2002-07-01,-67.978,151.317,b17a,2390.99
2002-07-02,-68.011,151.155,b17a,2324.77
2002-07-03,-68.011,151.155,b17a,2272.31
2002-07-04,-68.011,151.155,b17a,2208.83
2002-07-05,-68.011,151.155,b17a,2109.82
2002-07-06,-67.981,151.055,b17a,2031.43
2002-07-07,-67.981,151.055,b17a,1978.97
2002-07-08,-67.945,151.215,b17a,1924.83
2002-07-09,-67.945,151.215,b17a,1847.48
2002-07-10,-67.945,151.215,b17a,1764.69
2002-07-11,-67.972,151.092,b17a,1705.82
2002-07-12,-67.972,151.092,b17a,1644.39
2002-07-13,-67.972,151.092,b17a,1578.27
2002-07-14,-68.011,150.981,b17a,1517.62
2002-07-15,-68.011,150.981,b17a,1447.79
2002-07-16,-68.007,150.881,b17a,1394.13
2002-07-17,-68.007,150.881,b17a,1328.3
2002-07-18,-68.02,150.778,b17a,1267.12
2002-07-19,-68.02,150.778,b17a,1207.54
2002-07-20,-68.02,150.778,b17a,1154.68
2002-07-21,-68.032,150.662,b17a,1076.83
2002-07-22,-68.032,150.662,b17a,975.43
2002-07-23,-68.032,150.662,b17a,931.48
2002-07-24,-68.032,150.662,b17a,924.03
2002-07-25,-68.032,150.662,b17a,921.13
2002-07-26,-68.032,150.662,b17a,884.63
2002-07-27,-68.083,150.582,b17a,889.87
2002-07-28,-68.083,150.582,b17a,901.6
2002-07-29,-68.083,150.582,b17a,910.72
2002-07-30,-68.083,150.582,b17a,910.47
2002-07-31,-68.083,150.582,b17a,906.85
2002-08-01,-68.083,150.582,b17a,925.75
2002-08-02,-68.083,150.582,b17a,995.73
2002-08-03,-68.083,150.582,b17a,1082.01
2002-08-04,-68.083,150.582,b17a,1140.58
2002-08-05,-68.083,150.582,b17a,1222.95
2002-08-06,-68.083,150.582,b17a,1303.48
2002-08-07,-68.083,150.582,b17a,1393.97
2002-08-08,-68.083,150.582,b17a,1483.59
2002-08-09,-68.083,150.582,b17a,1574.87
2002-08-10,-68.083,150.582,b17a,1670.82
2002-08-11,-68.045,150.673,b17a,1765.41
2002-08-12,-68.045,150.673,b17a,1847.6
2002-08-13,-68.045,150.673,b17a,1933.17
2002-08-14,-68.045,150.673,b17a,2020.33
2002-08-15,-68.061,150.787,b17a,2103.13
2002-08-16,-68.061,150.787,b17a,2221.03
2002-08-17,-68.061,150.787,b17a,2341.13
2002-08-18,-68.061,150.787,b17a,2430.16
2002-08-19,-68.061,150.787,b17a,2517.75
2002-08-20,-67.994,150.756,b17a,2642.06
2002-08-21,-68.023,150.684,b17a,2728.48
2002-08-22,-68.069,150.523,b17a,2814.11
2002-08-23,-68.069,150.523,b17a,2896.06
2002-08-24,-68.085,150.561,b17a,3077.49
2002-08-25,-68.085,150.561,b17a,3252.39
2002-08-26,-68.085,150.561,b17a,3384.91
2002-08-27,-68.085,150.561,b17a,3457.97
2002-08-28,-68.085,150.561,b17a,3548.44
2002-08-29,-68.085,150.561,b17a,3671.86
2002-08-30,-68.085,150.561,b17a,3748.03
2002-08-31,-68.085,150.561,b17a,3829.27
2002-09-01,-68.085,150.561,b17a,3914.48
2002-09-02,-68.085,150.561,b17a,3991.32
2002-09-03,-68.085,150.561,b17a,4068.72
2002-09-04,-68.085,150.561,b17a,4080.3
2002-09-05,-68.085,150.561,b17a,4089.98
2002-09-06,-68.085,150.561,b17a,4110.68
2002-09-07,-68.085,150.561,b17a,4124.61
2002-09-08,-68.085,150.561,b17a,4131.59
2002-09-09,-68.085,150.561,b17a,4136.68
2002-09-10,-68.085,150.561,b17a,4129.18
2002-09-11,-68.085,150.561,b17a,4112.6
2002-09-12,-68.085,150.561,b17a,4085.61
2002-09-13,-68.085,150.561,b17a,3970.22
2002-09-14,-68.085,150.561,b17a,3925.6
2002-09-15,-68.102,150.618,b17a,3867.21
2002-09-16,-68.102,150.618,b17a,3798.12
2002-09-17,-68.102,150.618,b17a,3672.48
2002-09-18,-68.102,150.618,b17a,3494.2
2002-09-19,-68.102,150.618,b17a,3344.03
2002-09-20,-68.102,150.618,b17a,3184.86
2002-09-21,-68.102,150.618,b17a,3025.99
2002-09-22,-68.102,150.618,b17a,2856.98
2002-09-23,-68.102,150.618,b17a,2683.93
2002-09-24,-68.102,150.618,b17a,2517.39
2002-09-25,-68.102,150.618,b17a,2349.34
2002-09-26,-68.102,150.618,b17a,2180.02
2002-09-27,-68.102,150.618,b17a,1995.88
2002-09-28,-68.102,150.618,b17a,1813.15
2002-09-29,-68.102,150.618,b17a,1689.86
2002-09-30,-68.102,150.618,b17a,1571.54
2002-10-01,-68.102,150.618,b17a,1508.41
2002-10-02,-68.102,150.618,b17a,1458.36
2002-10-03,-68.102,150.618,b17a,1353.97
2002-10-04,-68.102,150.618,b17a,1326.52
2002-10-05,-68.102,150.618,b17a,1238.42
2002-10-06,-68.102,150.618,b17a,1158.95
2002-10-07,-68.102,150.618,b17a,1098.86
2002-10-08,-68.102,150.618,b17a,1201.79
2002-10-09,-68.102,150.618,b17a,1237.96
2002-10-10,-68.102,150.618,b17a,1287.84
2002-10-11,-68.102,150.618,b17a,1344.75
2002-10-12,-68.102,150.618,b17a,1462.46
2002-10-13,-68.102,150.618,b17a,1592.94
2002-10-14,-68.102,150.618,b17a,1700.73
2002-10-15,-68.102,150.618,b17a,1915.37
2002-10-16,-68.102,150.618,b17a,2040.6
2002-10-17,-68.102,150.618,b17a,2262.33
2002-10-18,-68.102,150.618,b17a,2484.73
2002-10-19,-68.102,150.618,b17a,2705.78
2002-10-20,-68.102,150.618,b17a,2906.62
2002-10-21,-68.102,150.618,b17a,3094.44
2002-10-22,-68.102,150.618,b17a,3258.69
2002-10-23,-68.102,150.618,b17a,3406.98
2002-10-24,-68.102,150.618,b17a,3596.84
2002-10-25,-68.102,150.618,b17a,3783.73
2002-10-26,-68.102,150.618,b17a,3914.81
2002-10-27,-68.102,150.618,b17a,4035.83
2002-10-28,-68.102,150.618,b17a,4213.21
2002-10-29,-68.102,150.618,b17a,4317.88
2002-10-30,-68.102,150.618,b17a,4489.19
2002-10-31,-68.102,150.618,b17a,4653.65
2002-11-01,-68.102,150.618,b17a,4808.97
2002-11-02,-68.102,150.618,b17a,4891.51
2002-11-03,-68.102,150.618,b17a,4966.4
2002-11-04,-68.102,150.618,b17a,5037.6
2002-11-05,-68.102,150.618,b17a,5111.28
2002-11-06,-68.102,150.618,b17a,5182.48
2002-11-07,-68.102,150.618,b17a,5240.95
2002-11-08,-68.102,150.618,b17a,5294.53
2002-11-09,-68.102,150.618,b17a,5245.92
2002-11-10,-68.102,150.618,b17a,5294.89
2002-11-11,-68.102,150.618,b17a,5261.11
2002-11-12,-68.102,150.618,b17a,5219.44
2002-11-13,-68.102,150.618,b17a,5189.36
2002-11-14,-68.102,150.618,b17a,5182.01
2002-11-15,-68.102,150.618,b17a,5166.72
2002-11-16,-68.102,150.618,b17a,5209.49
2002-11-17,-68.102,150.618,b17a,5266.7
2002-11-18,-68.102,150.618,b17a,5284.75
2002-11-19,-68.102,150.618,b17a,5299.56
2002-11-20,-68.102,150.618,b17a,5310.29
2002-11-21,-68.102,150.618,b17a,5334.46
2002-11-22,-68.102,150.618,b17a,5352.89
2002-11-23,-68.102,150.618,b17a,5362.22
2002-11-24,-68.102,150.618,b17a,5370.89
2002-11-25,-68.102,150.618,b17a,5389.07
2002-11-26,-68.102,150.618,b17a,5391.07
2002-11-27,-68.102,150.618,b17a,5392.12
2002-11-28,-68.102,150.618,b17a,5406.83
2002-11-29,-68.102,150.618,b17a,5422.73
2002-11-30,-68.102,150.618,b17a,5437.9
2002-12-01,-68.102,150.618,b17a,5453.81
2002-12-02,-68.102,150.618,b17a,5471.58
2002-12-03,-68.102,150.618,b17a,5490.12
2002-12-04,-68.102,150.618,b17a,5508.05
2002-12-05,-68.102,150.618,b17a,5525.62
2002-12-06,-68.102,150.618,b17a,5524.73
2002-12-07,-68.102,150.618,b17a,5532.75
2002-12-08,-68.102,150.618,b17a,5522.95
2002-12-09,-68.08,150.429,b17a,5514.84
2002-12-10,-68.08,150.429,b17a,5516.39
2002-12-11,-68.08,150.429,b17a,5504.69
2002-12-12,-68.08,150.429,b17a,5495.1
2002-12-13,-68.08,150.429,b17a,5476.38
2002-12-14,-68.08,150.429,b17a,5457.78
2002-12-15,-68.08,150.429,b17a,5443.14
2002-12-16,-68.08,150.429,b17a,5403.52
2002-12-17,-68.08,150.429,b17a,5367.37
2002-12-18,-68.08,150.429,b17a,5316.52
2002-12-19,-68.08,150.429,b17a,5261.41
2002-12-20,-68.08,150.429,b17a,5194.78
2002-12-21,-68.08,150.429,b17a,5139.05
2002-12-22,-68.08,150.429,b17a,5077.72
2002-12-23,-68.08,150.429,b17a,5005.31
2002-12-24,-68.08,150.429,b17a,4934.1
2002-12-25,-68.08,150.429,b17a,4864.01
2002-12-26,-68.08,150.429,b17a,4789.47
2002-12-27,-68.08,150.429,b17a,4709.81
2002-12-28,-68.08,150.429,b17a,4626.64
2002-12-29,-68.08,150.429,b17a,4540.31
2002-12-30,-68.08,150.429,b17a,4453.52
2002-12-31,-68.04,150.364,b17a,4369.41
2003-01-01,-68.04,150.371,b17a,4290.33
2003-01-02,-68.04,150.377,b17a,4211.59
2003-01-03,-68.04,150.383,b17a,4129.73
2003-01-04,-68.04,150.388,b17a,4049.81
2003-01-05,-68.04,150.389,b17a,3971.39
2003-01-06,-68.08,150.429,b17a,3890.59
2003-01-07,-68.08,150.429,b17a,3821.45
2003-01-08,-68.08,150.429,b17a,3748.59
2003-01-09,-68.08,150.429,b17a,3679.74
2003-01-10,-68.08,150.429,b17a,3617.99
2003-01-11,-68.08,150.429,b17a,3556.4
2003-01-12,-68.08,150.429,b17a,3513.6
2003-01-13,-68.08,150.429,b17a,3475.38
2003-01-14,-68.08,150.429,b17a,3442.11
2003-01-15,-68.08,150.429,b17a,3394.53
2003-01-16,-68.08,150.429,b17a,3346.35
2003-01-17,-68.08,150.429,b17a,3287.99
2003-01-18,-68.08,150.429,b17a,3225.99
2003-01-19,-68.04,150.364,b17a,3160.78
2003-01-20,-68.044,150.364,b17a,3118.69
2003-01-21,-68.055,150.364,b17a,3079.41
2003-01-22,-68.069,150.364,b17a,3022.77
2003-01-23,-68.085,150.364,b17a,2963.14
2003-01-24,-68.1,150.364,b17a,2912.01
2003-01-25,-68.111,150.364,b17a,2854.82
2003-01-26,-68.115,150.364,b17a,2796.92
2003-01-27,-68.111,150.367,b17a,2747.3
2003-01-28,-68.1,150.374,b17a,2701.19
2003-01-29,-68.085,150.384,b17a,2657.44
2003-01-30,-68.069,150.395,b17a,2618.27
2003-01-31,-68.055,150.405,b17a,2581.78
2003-02-01,-68.044,150.412,b17a,2543.13
2003-02-02,-68.04,150.414,b17a,2514.49
2003-02-03,-68.048,150.409,b17a,2479.16
2003-02-04,-68.07,150.395,b17a,2445.75
2003-02-05,-68.099,150.375,b17a,2416.16
2003-02-06,-68.131,150.354,b17a,2400.45
2003-02-07,-68.16,150.334,b17a,2385.3
2003-02-08,-68.182,150.32,b17a,2373.49
2003-02-09,-68.19,150.314,b17a,2387.24
2003-02-10,-68.182,150.323,b17a,2407.59
2003-02-11,-68.16,150.344,b17a,2438.7
2003-02-12,-68.131,150.374,b17a,2476.67
2003-02-13,-68.099,150.405,b17a,2519.04
2003-02-14,-68.07,150.435,b17a,2543.56
2003-02-15,-68.048,150.456,b17a,2569.9
2003-02-16,-68.04,150.464,b17a,2618.51
2003-02-17,-68.04,150.462,b17a,2674.17
2003-02-18,-68.04,150.455,b17a,2737.51
2003-02-19,-68.04,150.445,b17a,2814.86
2003-02-20,-68.04,150.434,b17a,2904.26
2003-02-21,-68.04,150.424,b17a,2975.64
2003-02-22,-68.04,150.417,b17a,3057.84
2003-02-23,-68.04,150.414,b17a,3114.16
2003-02-24,-68.08,150.429,b17a,3165.64
2003-02-25,-68.08,150.429,b17a,3244.5
2003-02-26,-68.08,150.429,b17a,3325.55
2003-02-27,-68.08,150.429,b17a,3401.94
2003-02-28,-68.08,150.429,b17a,3486.78
2003-03-01,-68.08,150.429,b17a,3572.45
2003-03-02,-68.08,150.429,b17a,3655.77
2003-03-03,-68.08,150.429,b17a,3718.56
2003-03-04,-68.08,150.429,b17a,3780.0
2003-03-05,-68.08,150.429,b17a,3814.34
2003-03-06,-68.08,150.429,b17a,3862.99
2003-03-07,-68.08,150.429,b17a,3882.87
2003-03-08,-68.08,150.429,b17a,3848.35
2003-03-09,-68.04,150.414,b17a,3810.23
2003-03-10,-68.04,150.414,b17a,3774.5
2003-03-11,-68.04,150.414,b17a,3733.22
2003-03-12,-68.04,150.414,b17a,3685.58
2003-03-13,-68.04,150.414,b17a,3638.26
2003-03-14,-68.04,150.414,b17a,3590.39
2003-03-15,-68.04,150.414,b17a,3527.45
2003-03-16,-68.04,150.414,b17a,3488.36
2003-03-17,-68.04,150.414,b17a,3407.81
2003-03-18,-68.04,150.414,b17a,3310.35
2003-03-19,-68.04,150.414,b17a,3255.5
2003-03-20,-68.04,150.414,b17a,3225.48
2003-03-21,-68.04,150.414,b17a,3197.02
2003-03-22,-68.04,150.414,b17a,3139.74
2003-03-23,-68.04,150.414,b17a,3024.0
2003-03-24,-68.08,150.429,b17a,2970.65
2003-03-25,-67.992,150.434,b17a,2916.1
2003-03-26,-67.992,150.434,b17a,2806.86
2003-03-27,-67.992,150.434,b17a,2798.49
2003-03-28,-67.992,150.434,b17a,2774.73
2003-03-29,-67.992,150.434,b17a,2720.08
2003-03-30,-67.992,150.434,b17a,2720.65
2003-03-31,-67.992,150.434,b17a,2703.77
2003-04-01,-67.992,150.434,b17a,2687.74
2003-04-02,-67.992,150.434,b17a,2727.23
2003-04-03,-67.992,150.434,b17a,2772.53
2003-04-04,-67.992,150.434,b17a,2828.84
2003-04-05,-67.992,150.434,b17a,2916.86
2003-04-06,-68.021,150.467,b17a,3014.44
2003-04-07,-67.992,150.434,b17a,3122.61
2003-04-08,-67.992,150.434,b17a,3238.04
2003-04-09,-67.992,150.434,b17a,3352.4
2003-04-10,-67.992,150.434,b17a,3437.62
2003-04-11,-67.992,150.434,b17a,3552.52
2003-04-12,-67.992,150.434,b17a,3698.54
2003-04-13,-67.992,150.434,b17a,3786.34
2003-04-14,-67.992,150.434,b17a,3876.99
2003-04-15,-67.992,150.434,b17a,3995.64
2003-04-16,-67.992,150.434,b17a,4096.8
2003-04-17,-67.992,150.434,b17a,4249.68
2003-04-18,-67.992,150.434,b17a,4344.44
2003-04-19,-67.992,150.434,b17a,4422.04
2003-04-20,-67.996,150.492,b17a,4545.29
2003-04-21,-67.996,150.495,b17a,4567.85
2003-04-22,-67.996,150.499,b17a,4615.2
2003-04-23,-67.996,150.504,b17a,4686.03
2003-04-24,-67.994,150.484,b17a,4727.6
2003-04-25,-68.035,150.559,b17a,4769.07
2003-04-26,-68.035,150.561,b17a,4860.3
2003-04-27,-68.035,150.561,b17a,4944.63
2003-04-28,-68.048,150.548,b17a,5023.93
2003-04-29,-68.048,150.548,b17a,5091.57
2003-04-30,-68.048,150.548,b17a,5111.46
2003-05-01,-68.048,150.548,b17a,5133.47
2003-05-02,-68.048,150.548,b17a,5137.13
2003-05-03,-68.048,150.548,b17a,5119.76
2003-05-04,-68.048,150.548,b17a,5103.26
2003-05-05,-68.048,150.548,b17a,5085.07
2003-05-06,-68.048,150.548,b17a,5062.27
2003-05-07,-68.048,150.548,b17a,5029.79
2003-05-08,-68.048,150.548,b17a,4996.31
2003-05-09,-68.048,150.548,b17a,4958.44
2003-05-10,-68.048,150.548,b17a,4880.01
2003-05-11,-68.032,150.565,b17a,4813.95
2003-05-12,-68.032,150.564,b17a,4749.2
2003-05-13,-68.032,150.561,b17a,4689.25
2003-05-14,-68.032,150.556,b17a,4631.38
2003-05-15,-68.032,150.55,b17a,4570.52
2003-05-16,-68.032,150.543,b17a,4496.92
2003-05-17,-68.032,150.537,b17a,4433.89
2003-05-18,-68.032,150.532,b17a,4383.75
2003-05-19,-68.032,150.527,b17a,4324.37
2003-05-20,-68.032,150.52,b17a,4262.77
2003-05-21,-68.032,150.514,b17a,4174.62
2003-05-22,-68.032,150.508,b17a,4089.68
2003-05-23,-68.032,150.503,b17a,3989.84
2003-05-24,-68.032,150.5,b17a,3871.74
2003-05-25,-68.032,150.499,b17a,3764.71
2003-05-26,-68.032,150.501,b17a,3664.78
2003-05-27,-68.032,150.508,b17a,3550.36
2003-05-28,-68.032,150.518,b17a,3452.4
2003-05-29,-68.032,150.529,b17a,3352.64
2003-05-30,-68.032,150.539,b17a,3255.79
2003-05-31,-68.032,150.546,b17a,3183.58
2003-06-01,-68.03,150.612,b17a,3118.46
2003-06-02,-68.03,150.61,b17a,3048.14
2003-06-03,-68.016,150.689,b17a,2961.79
2003-06-04,-68.016,150.679,b17a,2903.89
2003-06-05,-68.016,150.669,b17a,2848.03
2003-06-06,-68.016,150.659,b17a,2793.84
2003-06-07,-68.016,150.652,b17a,2731.65
2003-06-08,-68.016,150.649,b17a,2679.15
2003-06-09,-68.016,150.649,b17a,2637.22
2003-06-10,-68.016,150.649,b17a,2608.02
2003-06-11,-68.016,150.649,b17a,2567.91
2003-06-12,-68.016,150.649,b17a,2523.8
2003-06-13,-68.016,150.649,b17a,2486.54
2003-06-14,-68.016,150.649,b17a,2447.39
2003-06-15,-68.016,150.649,b17a,2410.11
2003-06-16,-68.024,150.774,b17a,2376.94
2003-06-17,-68.024,150.774,b17a,2357.71
2003-06-18,-68.024,150.774,b17a,2354.76
2003-06-19,-68.024,150.774,b17a,2357.59
2003-06-20,-68.024,150.774,b17a,2335.68
2003-06-21,-68.024,150.774,b17a,2328.89
2003-06-22,-68.024,150.774,b17a,2308.25
2003-06-23,-68.024,150.774,b17a,2235.33
2003-06-24,-68.024,150.774,b17a,2200.63
2003-06-25,-68.024,150.774,b17a,2140.01
2003-06-26,-68.024,150.774,b17a,2069.02
2003-06-27,-68.024,150.774,b17a,2002.52
2003-06-28,-68.024,150.774,b17a,1949.12
2003-06-29,-68.016,150.649,b17a,1879.1
2003-06-30,-68.016,150.653,b17a,1809.4
2003-07-01,-68.016,150.662,b17a,1741.06
2003-07-02,-68.016,150.675,b17a,1677.27
2003-07-03,-68.016,150.69,b17a,1618.22
2003-07-04,-68.016,150.703,b17a,1567.52
2003-07-05,-68.016,150.712,b17a,1521.67
2003-07-06,-68.016,150.716,b17a,1443.0
2003-07-07,-68.016,150.712,b17a,1406.54
2003-07-08,-68.016,150.703,b17a,1376.99
2003-07-09,-68.016,150.69,b17a,1350.54
2003-07-10,-68.016,150.675,b17a,1327.56
2003-07-11,-68.016,150.662,b17a,1306.98
2003-07-12,-68.016,150.653,b17a,1289.15
2003-07-13,-68.016,150.649,b17a,1273.34
2003-07-14,-68.024,150.774,b17a,1262.91
2003-07-15,-68.024,150.774,b17a,1267.46
2003-07-16,-68.024,150.774,b17a,1268.45
2003-07-17,-68.024,150.774,b17a,1268.54
2003-07-18,-68.024,150.774,b17a,1327.01
2003-07-19,-68.024,150.774,b17a,1344.92
2003-07-20,-68.024,150.774,b17a,1391.18
2003-07-21,-68.024,150.774,b17a,1446.25
2003-07-22,-68.024,150.774,b17a,1504.46
2003-07-23,-68.024,150.774,b17a,1557.05
2003-07-24,-68.024,150.774,b17a,1612.13
2003-07-25,-68.024,150.774,b17a,1699.3
2003-07-26,-68.024,150.774,b17a,1763.57
2003-07-27,-68.024,150.774,b17a,1850.01
2003-07-28,-68.017,150.547,b17a,1935.04
2003-07-29,-68.017,150.547,b17a,2005.64
2003-07-30,-68.017,150.547,b17a,2072.64
2003-07-31,-68.017,150.547,b17a,2179.0
2003-08-01,-68.017,150.547,b17a,2241.04
2003-08-02,-68.017,150.547,b17a,2287.5
2003-08-03,-68.011,150.565,b17a,2334.25
2003-08-04,-68.017,150.547,b17a,2377.29
2003-08-05,-68.017,150.547,b17a,2417.51
2003-08-06,-68.017,150.547,b17a,2453.69
2003-08-07,-68.017,150.547,b17a,2488.27
2003-08-08,-68.017,150.547,b17a,2520.63
2003-08-09,-68.017,150.547,b17a,2545.63
2003-08-10,-68.017,150.547,b17a,2558.54
2003-08-11,-68.017,150.547,b17a,2571.97
2003-08-12,-68.017,150.547,b17a,2581.79
2003-08-13,-68.017,150.547,b17a,2588.88
2003-08-14,-68.017,150.547,b17a,2577.56
2003-08-15,-68.017,150.547,b17a,2569.41
2003-08-16,-68.017,150.547,b17a,2571.68
2003-08-17,-68.017,150.547,b17a,2587.54
2003-08-18,-68.017,150.547,b17a,2609.49
2003-08-19,-68.017,150.547,b17a,2619.63
2003-08-20,-68.017,150.547,b17a,2674.72
2003-08-21,-68.017,150.547,b17a,2679.9
2003-08-22,-68.017,150.547,b17a,2703.91
2003-08-23,-68.017,150.547,b17a,2745.78
2003-08-24,-68.017,150.547,b17a,2786.5
2003-08-25,-68.017,150.547,b17a,2821.42
2003-08-26,-68.017,150.547,b17a,2861.86
2003-08-27,-68.017,150.547,b17a,2915.76
2003-08-28,-68.017,150.547,b17a,2960.56
2003-08-29,-68.017,150.547,b17a,3010.65
2003-08-30,-68.017,150.547,b17a,3062.77
2003-08-31,-68.017,150.547,b17a,3114.76
2003-09-01,-68.017,150.547,b17a,3139.06
2003-09-02,-68.017,150.547,b17a,3167.34
2003-09-03,-68.017,150.547,b17a,3202.95
2003-09-04,-68.017,150.547,b17a,3263.38
2003-09-05,-68.017,150.547,b17a,3337.61
2003-09-06,-68.017,150.547,b17a,3415.62
2003-09-07,-68.011,150.531,b17a,3498.55
2003-09-08,-68.009,150.536,b17a,3579.15
2003-09-09,-68.005,150.548,b17a,3658.86
2003-09-10,-67.998,150.565,b17a,3729.22
2003-09-11,-67.991,150.585,b17a,3791.99
2003-09-12,-67.984,150.604,b17a,3847.34
2003-09-13,-67.98,150.62,b17a,3865.13
2003-09-14,-67.978,150.631,b17a,3860.49
2003-09-15,-68.017,150.547,b17a,3879.47
2003-09-16,-68.017,150.547,b17a,3875.19
2003-09-17,-68.017,150.547,b17a,3858.79
2003-09-18,-68.017,150.547,b17a,3840.56
2003-09-19,-68.017,150.547,b17a,3819.53
2003-09-20,-68.017,150.547,b17a,3787.77
2003-09-21,-68.017,150.547,b17a,3747.5
2003-09-22,-68.017,150.547,b17a,3705.32
2003-09-23,-68.017,150.547,b17a,3652.96
2003-09-24,-68.017,150.547,b17a,3591.5
2003-09-25,-68.017,150.547,b17a,3526.48
2003-09-26,-68.017,150.547,b17a,3503.06
2003-09-27,-68.017,150.547,b17a,3519.58
2003-09-28,-68.017,150.547,b17a,3523.64
2003-09-29,-68.017,150.547,b17a,3460.61
2003-09-30,-68.017,150.547,b17a,3447.1
2003-10-01,-68.017,150.547,b17a,3435.23
2003-10-02,-68.017,150.547,b17a,3422.12
2003-10-03,-68.017,150.547,b17a,3405.61
2003-10-04,-68.017,150.547,b17a,3326.24
2003-10-05,-68.017,150.547,b17a,3287.55
2003-10-06,-68.017,150.547,b17a,3210.23
2003-10-07,-68.017,150.547,b17a,3132.49
2003-10-08,-67.992,150.502,b17a,3070.56
2003-10-09,-67.992,150.502,b17a,3006.78
2003-10-10,-67.992,150.502,b17a,2941.02
2003-10-11,-67.992,150.502,b17a,2879.45
2003-10-12,-67.992,150.502,b17a,2817.07
2003-10-13,-67.992,150.502,b17a,2698.58
2003-10-14,-67.992,150.502,b17a,2586.98
2003-10-15,-67.992,150.502,b17a,2479.85
2003-10-16,-67.992,150.502,b17a,2372.58
2003-10-17,-67.992,150.502,b17a,2314.13
2003-10-18,-67.992,150.502,b17a,2218.02
2003-10-19,-67.992,150.502,b17a,2158.19
2003-10-20,-67.992,150.502,b17a,2099.43
2003-10-21,-67.992,150.502,b17a,2017.72
2003-10-22,-67.992,150.502,b17a,1889.28
2003-10-23,-67.992,150.502,b17a,1763.0
2003-10-24,-67.992,150.502,b17a,1696.02
2003-10-25,-67.992,150.502,b17a,1571.26
2003-10-26,-67.992,150.502,b17a,1438.6
2003-10-27,-67.992,150.502,b17a,1300.52
2003-10-28,-67.992,150.502,b17a,1161.29
2003-10-29,-67.992,150.502,b17a,1081.75
2003-10-30,-67.992,150.502,b17a,960.03
2003-10-31,-67.992,150.502,b17a,879.21
2003-11-01,-67.992,150.502,b17a,798.4
2003-11-02,-67.93,150.91,b17a,718.72
2003-11-03,-67.961,150.42,b17a,640.4
2003-11-04,-67.961,150.42,b17a,563.64
2003-11-05,-67.961,150.42,b17a,485.59
2003-11-06,-67.961,150.42,b17a,409.09
2003-11-07,-67.961,150.42,b17a,395.25
2003-11-08,-67.961,150.42,b17a,377.29
2003-11-09,-67.961,150.42,b17a,364.78
2003-11-10,-67.961,150.42,b17a,357.15
2003-11-11,-67.961,150.42,b17a,312.77
2003-11-12,-67.961,150.42,b17a,311.24
2003-11-13,-67.961,150.42,b17a,284.8
2003-11-14,-67.961,150.42,b17a,261.93
2003-11-15,-67.961,150.42,b17a,251.63
2003-11-16,-67.961,150.42,b17a,245.2
2003-11-17,-67.961,150.42,b17a,251.84
2003-11-18,-67.961,150.42,b17a,265.2
2003-11-19,-67.961,150.42,b17a,287.83
2003-11-20,-67.961,150.42,b17a,316.67
2003-11-21,-67.961,150.42,b17a,353.19
2003-11-22,-67.961,150.42,b17a,395.05
2003-11-23,-67.88,150.71,b17a,442.99
2003-11-24,-67.961,150.42,b17a,494.63
2003-11-25,-67.961,150.42,b17a,542.49
2003-11-26,-67.961,150.42,b17a,601.53
2003-11-27,-67.961,150.42,b17a,662.97
2003-11-28,-67.961,150.42,b17a,690.5
2003-11-29,-67.961,150.42,b17a,751.95
2003-11-30,-67.961,150.42,b17a,840.68
2003-12-01,-67.961,150.42,b17a,908.97
2003-12-02,-67.961,150.42,b17a,989.55
2003-12-03,-67.961,150.42,b17a,1055.5
2003-12-04,-67.961,150.42,b17a,1114.84
2003-12-05,-67.961,150.42,b17a,1174.76
2003-12-06,-67.961,150.42,b17a,1216.49
2003-12-07,-67.961,150.42,b17a,1258.06
2003-12-08,-67.961,150.42,b17a,1294.44
2003-12-09,-67.961,150.42,b17a,1339.17
2003-12-10,-67.961,150.42,b17a,1393.15
2003-12-11,-67.961,150.42,b17a,1442.32
2003-12-12,-67.961,150.42,b17a,1471.28
2003-12-13,-67.961,150.42,b17a,1519.59
2003-12-14,-67.961,150.42,b17a,1556.12
2003-12-15,-67.961,150.42,b17a,1577.8
2003-12-16,-67.961,150.42,b17a,1598.3
2003-12-17,-67.961,150.42,b17a,1625.52
2003-12-18,-67.961,150.42,b17a,1661.21
2003-12-19,-67.961,150.42,b17a,1691.98
2003-12-20,-67.961,150.42,b17a,1733.43
2003-12-21,-67.961,150.42,b17a,1738.48
2003-12-22,-67.961,150.42,b17a,1769.54
2003-12-23,-67.961,150.42,b17a,1807.68
2003-12-24,-67.961,150.42,b17a,1811.73
2003-12-25,-67.961,150.42,b17a,1788.62
2003-12-26,-67.961,150.42,b17a,1785.5
2003-12-27,-67.961,150.42,b17a,1766.57
2003-12-28,-67.961,150.42,b17a,1761.09
2003-12-29,-67.961,150.42,b17a,1758.71
2003-12-30,-67.961,150.42,b17a,1753.5
2003-12-31,-67.961,150.42,b17a,1760.72
2004-01-01,-67.961,150.42,b17a,1770.4
2004-01-02,-67.961,150.42,b17a,1783.28
2004-01-03,-67.961,150.42,b17a,1787.12
2004-01-04,-67.961,150.42,b17a,1776.43
2004-01-05,-67.961,150.42,b17a,1780.12
2004-01-06,-67.961,150.42,b17a,1794.2
2004-01-07,-67.961,150.42,b17a,1778.17
2004-01-08,-67.961,150.42,b17a,1770.89
2004-01-09,-67.961,150.42,b17a,1784.59
2004-01-10,-67.961,150.42,b17a,1810.02
2004-01-11,-67.93,150.56,b17a,1816.81
2004-01-12,-67.961,150.42,b17a,1791.15
2004-01-13,-67.934,150.659,b17a,1767.29
2004-01-14,-67.934,150.659,b17a,1741.88
2004-01-15,-67.934,150.659,b17a,1741.7
2004-01-16,-67.934,150.659,b17a,1715.88
2004-01-17,-67.934,150.659,b17a,1683.85
2004-01-18,-67.934,150.659,b17a,1651.47
2004-01-19,-67.934,150.659,b17a,1656.34
2004-01-20,-67.934,150.659,b17a,1664.61
2004-01-21,-67.934,150.659,b17a,1672.71
2004-01-22,-67.934,150.659,b17a,1681.56
2004-01-23,-67.934,150.659,b17a,1689.89
2004-01-24,-67.934,150.659,b17a,1704.3
2004-01-25,-67.934,150.659,b17a,1717.87
2004-01-26,-67.934,150.659,b17a,1729.51
2004-01-27,-67.934,150.659,b17a,1737.02
2004-01-28,-67.934,150.659,b17a,1768.52
2004-01-29,-67.934,150.659,b17a,1799.5
2004-01-30,-67.934,150.659,b17a,1826.38
2004-01-31,-67.934,150.659,b17a,1868.83
2004-02-01,-67.934,150.659,b17a,1905.52
2004-02-02,-67.934,150.659,b17a,1943.35
2004-02-03,-67.934,150.659,b17a,1971.42
2004-02-04,-67.934,150.659,b17a,1980.3
2004-02-05,-67.934,150.659,b17a,2001.08
2004-02-06,-67.934,150.659,b17a,2044.66
2004-02-07,-67.934,150.659,b17a,2089.78
2004-02-08,-67.934,150.659,b17a,2131.51
2004-02-09,-67.934,150.659,b17a,2174.82
2004-02-10,-67.934,150.659,b17a,2215.32
2004-02-11,-67.934,150.659,b17a,2288.89
2004-02-12,-67.934,150.659,b17a,2446.42
2004-02-13,-67.934,150.659,b17a,2484.12
2004-02-14,-67.934,150.659,b17a,2553.93
2004-02-15,-67.934,150.659,b17a,2588.33
2004-02-16,-67.934,150.659,b17a,2652.69
2004-02-17,-67.934,150.659,b17a,2723.7
2004-02-18,-67.934,150.659,b17a,2793.29
2004-02-19,-67.934,150.659,b17a,2822.52
2004-02-20,-67.934,150.659,b17a,2858.76
2004-02-21,-67.934,150.659,b17a,2896.09
2004-02-22,-67.934,150.659,b17a,2879.27
2004-02-23,-67.934,150.659,b17a,2891.51
2004-02-24,-67.934,150.659,b17a,2872.63
2004-02-25,-67.934,150.659,b17a,2842.97
2004-02-26,-67.934,150.659,b17a,2823.22
2004-02-27,-67.934,150.659,b17a,2804.41
2004-02-28,-67.934,150.659,b17a,2786.49
2004-02-29,-67.917,150.63,b17a,2774.1
2004-03-01,-67.934,150.659,b17a,2758.97
2004-03-02,-67.934,150.659,b17a,2740.58
2004-03-03,-67.934,150.659,b17a,2732.71
2004-03-04,-67.934,150.659,b17a,2753.68
2004-03-05,-67.934,150.659,b17a,2774.3
2004-03-06,-67.934,150.659,b17a,2779.02
2004-03-07,-67.934,150.659,b17a,2795.33
2004-03-08,-67.934,150.659,b17a,2733.64
2004-03-09,-67.934,150.659,b17a,2762.37
2004-03-10,-67.934,150.659,b17a,2762.85
2004-03-11,-67.934,150.659,b17a,2802.9
2004-03-12,-67.934,150.659,b17a,2814.49
2004-03-13,-67.934,150.659,b17a,2823.22
2004-03-14,-67.934,150.659,b17a,2827.82
2004-03-15,-67.934,150.659,b17a,2881.15
2004-03-16,-67.934,150.659,b17a,2922.65
2004-03-17,-67.934,150.659,b17a,2971.44
2004-03-18,-67.934,150.659,b17a,3066.74
2004-03-19,-67.934,150.659,b17a,3138.35
2004-03-20,-67.934,150.659,b17a,3217.43
2004-03-21,-67.934,150.659,b17a,3310.08
2004-03-22,-67.934,150.659,b17a,3407.96
2004-03-23,-67.934,150.659,b17a,3514.08
2004-03-24,-67.934,150.659,b17a,3602.79
2004-03-25,-67.934,150.659,b17a,3722.69
2004-03-26,-67.934,150.659,b17a,3812.31
2004-03-27,-67.934,150.659,b17a,3919.07
2004-03-28,-67.934,150.659,b17a,4018.02
2004-03-29,-67.934,150.659,b17a,4091.78
2004-03-30,-67.934,150.659,b17a,4192.97
2004-03-31,-67.934,150.659,b17a,4278.4
2004-04-01,-67.934,150.659,b17a,4362.98
2004-04-02,-67.934,150.659,b17a,4410.33
2004-04-03,-67.934,150.659,b17a,4449.31
2004-04-04,-67.934,150.659,b17a,4480.5
2004-04-05,-67.934,150.659,b17a,4531.97
2004-04-06,-67.934,150.659,b17a,4550.79
2004-04-07,-67.934,150.659,b17a,4551.04
2004-04-08,-67.934,150.659,b17a,4539.07
2004-04-09,-67.934,150.659,b17a,4550.04
2004-04-10,-67.934,150.659,b17a,4540.49
2004-04-11,-67.877,150.795,b17a,4526.25
2004-04-12,-67.877,150.795,b17a,4512.11
2004-04-13,-67.877,150.795,b17a,4473.95
2004-04-14,-67.877,150.795,b17a,4467.13
2004-04-15,-67.877,150.795,b17a,4424.01
2004-04-16,-67.877,150.795,b17a,4382.68
2004-04-17,-67.877,150.795,b17a,4326.89
2004-04-18,-67.877,150.795,b17a,4299.87
2004-04-19,-67.877,150.795,b17a,4227.3
2004-04-20,-67.877,150.795,b17a,4191.27
2004-04-21,-67.877,150.795,b17a,4136.35
2004-04-22,-67.877,150.795,b17a,4078.73
2004-04-23,-67.877,150.795,b17a,4013.73
2004-04-24,-67.877,150.795,b17a,3921.66
2004-04-25,-67.877,150.795,b17a,3860.0
2004-04-26,-67.877,150.795,b17a,3787.58
2004-04-27,-67.877,150.795,b17a,3744.98
2004-04-28,-67.877,150.795,b17a,3696.14
2004-04-29,-67.877,150.795,b17a,3645.06
2004-04-30,-67.877,150.795,b17a,3575.0
2004-05-01,-67.877,150.795,b17a,3533.08
2004-05-02,-67.877,150.795,b17a,3505.86
2004-05-03,-67.877,150.795,b17a,3488.2
2004-05-04,-67.877,150.795,b17a,3440.97
2004-05-05,-67.877,150.795,b17a,3422.11
2004-05-06,-67.877,150.795,b17a,3397.0
2004-05-07,-67.877,150.795,b17a,3360.1
2004-05-08,-67.877,150.795,b17a,3342.4
2004-05-09,-67.877,150.795,b17a,3306.76
2004-05-10,-67.877,150.795,b17a,3297.89
2004-05-11,-67.877,150.795,b17a,3286.56
2004-05-12,-67.877,150.795,b17a,3273.33
2004-05-13,-67.877,150.795,b17a,3247.98
2004-05-14,-67.877,150.795,b17a,3237.75
2004-05-15,-67.877,150.795,b17a,3220.49
2004-05-16,-67.877,150.795,b17a,3207.19
2004-05-17,-67.934,150.659,b17a,3191.65
2004-05-18,-67.934,150.659,b17a,3180.27
2004-05-19,-67.934,150.659,b17a,3174.55
2004-05-20,-67.934,150.659,b17a,3163.61
2004-05-21,-67.934,150.659,b17a,3164.35
2004-05-22,-67.934,150.659,b17a,3161.59
2004-05-23,-67.934,150.659,b17a,3173.47
2004-05-24,-67.934,150.659,b17a,3188.09
2004-05-25,-67.934,150.659,b17a,3195.63
2004-05-26,-67.934,150.659,b17a,3209.63
2004-05-27,-67.934,150.659,b17a,3210.79
2004-05-28,-67.934,150.659,b17a,3217.76
2004-05-29,-67.934,150.659,b17a,3221.22
2004-05-30,-67.877,150.795,b17a,3222.06
2004-05-31,-67.879,150.79,b17a,3226.04
2004-06-01,-67.885,150.78,b17a,3235.0
2004-06-02,-67.893,150.765,b17a,3244.35
2004-06-03,-67.901,150.749,b17a,3267.92
2004-06-04,-67.909,150.734,b17a,3288.0
2004-06-05,-67.915,150.724,b17a,3299.5
2004-06-06,-67.917,150.719,b17a,3322.05
2004-06-07,-67.917,150.719,b17a,3343.42
2004-06-08,-67.917,150.719,b17a,3364.91
2004-06-09,-67.917,150.719,b17a,3385.7
2004-06-10,-67.917,150.719,b17a,3410.28
2004-06-11,-67.917,150.719,b17a,3431.95
2004-06-12,-67.917,150.719,b17a,3456.88
2004-06-13,-67.917,150.719,b17a,3470.45
2004-06-14,-67.917,150.719,b17a,3494.87
2004-06-15,-67.917,150.719,b17a,3507.88
2004-06-16,-67.917,150.719,b17a,3525.91
2004-06-17,-67.917,150.719,b17a,3536.18
2004-06-18,-67.917,150.719,b17a,3545.05
2004-06-19,-67.917,150.719,b17a,3553.84
2004-06-20,-67.917,150.719,b17a,3550.3
2004-06-21,-67.917,150.719,b17a,3570.42
2004-06-22,-67.917,150.719,b17a,3585.1
2004-06-23,-67.917,150.719,b17a,3589.58
2004-06-24,-67.917,150.719,b17a,3603.39
2004-06-25,-67.917,150.719,b17a,3617.8
2004-06-26,-67.917,150.719,b17a,3623.03
2004-06-27,-67.917,150.719,b17a,3627.77
2004-06-28,-67.917,150.719,b17a,3625.01
2004-06-29,-67.917,150.719,b17a,3616.57
2004-06-30,-67.917,150.719,b17a,3618.49
2004-07-01,-67.917,150.719,b17a,3615.42
2004-07-02,-67.917,150.719,b17a,3574.97
2004-07-03,-67.917,150.719,b17a,3530.16
2004-07-04,-67.917,150.719,b17a,3577.78
2004-07-05,-67.917,150.719,b17a,3523.72
2004-07-06,-67.917,150.719,b17a,3403.93
2004-07-07,-67.917,150.719,b17a,3280.98
2004-07-08,-67.917,150.719,b17a,3220.4
2004-07-09,-67.917,150.719,b17a,3106.38
2004-07-10,-67.917,150.719,b17a,3035.11
2004-07-11,-67.917,150.719,b17a,2960.7
2004-07-12,-67.916,150.718,b17a,2882.2
2004-07-13,-67.914,150.714,b17a,2753.38
2004-07-14,-67.911,150.708,b17a,2669.88
2004-07-15,-67.908,150.701,b17a,2547.82
2004-07-16,-67.905,150.695,b17a,2451.87
2004-07-17,-67.903,150.691,b17a,2354.3
2004-07-18,-67.902,150.69,b17a,2235.26
2004-07-19,-67.902,150.69,b17a,2103.72
2004-07-20,-67.902,150.69,b17a,1991.09
2004-07-21,-67.902,150.69,b17a,1859.67
2004-07-22,-67.902,150.69,b17a,1738.21
2004-07-23,-67.902,150.69,b17a,1611.74
2004-07-24,-67.902,150.69,b17a,1477.54
2004-07-25,-67.902,150.69,b17a,1348.76
2004-07-26,-67.901,150.69,b17a,1219.4
2004-07-27,-67.9,150.69,b17a,1129.75
2004-07-28,-67.897,150.69,b17a,1048.35
2004-07-29,-67.894,150.69,b17a,878.99
2004-07-30,-67.891,150.69,b17a,813.84
2004-07-31,-67.887,150.69,b17a,796.88
2004-08-01,-67.885,150.69,b17a,788.6
2004-08-02,-67.882,150.69,b17a,728.35
2004-08-03,-67.88,150.69,b17a,749.68
2004-08-04,-67.878,150.69,b17a,735.56
2004-08-05,-67.876,150.69,b17a,684.96
2004-08-06,-67.874,150.69,b17a,697.16
2004-08-07,-67.871,150.69,b17a,697.29
2004-08-08,-67.867,150.69,b17a,729.2
2004-08-09,-67.86,150.685,b17a,739.97
2004-08-10,-67.847,150.674,b17a,788.25
2004-08-11,-67.832,150.658,b17a,841.88
2004-08-12,-67.816,150.641,b17a,933.59
2004-08-13,-67.801,150.625,b17a,1028.49
2004-08-14,-67.791,150.614,b17a,1109.15
2004-08-15,-67.787,150.61,b17a,1209.69
2004-08-16,-67.792,150.614,b17a,1304.02
2004-08-17,-67.803,150.625,b17a,1403.5
2004-08-18,-67.819,150.641,b17a,1596.98
2004-08-19,-67.836,150.658,b17a,1774.52
2004-08-20,-67.851,150.674,b17a,1961.67
2004-08-21,-67.863,150.685,b17a,2136.01
2004-08-22,-67.867,150.69,b17a,2306.56
2004-08-23,-67.867,150.69,b17a,2480.23
2004-08-24,-67.867,150.69,b17a,2602.27
2004-08-25,-67.867,150.69,b17a,2754.03
2004-08-26,-67.867,150.69,b17a,2899.74
2004-08-27,-67.867,150.69,b17a,3047.44
2004-08-28,-67.867,150.69,b17a,3162.66
2004-08-29,-67.867,150.69,b17a,3280.62
2004-08-30,-67.867,150.69,b17a,3441.42
2004-08-31,-67.867,150.69,b17a,3550.76
2004-09-01,-67.867,150.69,b17a,3726.91
2004-09-02,-67.867,150.69,b17a,3825.82
2004-09-03,-67.867,150.69,b17a,3995.04
2004-09-04,-67.867,150.69,b17a,4088.07
2004-09-05,-67.867,150.69,b17a,4183.52
2004-09-06,-67.868,150.681,b17a,4275.15
2004-09-07,-67.869,150.661,b17a,4368.44
2004-09-08,-67.871,150.632,b17a,4454.63
2004-09-09,-67.873,150.602,b17a,4544.14
2004-09-10,-67.875,150.573,b17a,4633.02
2004-09-11,-67.877,150.553,b17a,4714.53
2004-09-12,-67.877,150.545,b17a,4717.63
2004-09-13,-67.877,150.545,b17a,4740.78
2004-09-14,-67.877,150.545,b17a,4754.06
2004-09-15,-67.877,150.545,b17a,4813.51
2004-09-16,-67.885,150.372,b17a,4873.64
2004-09-17,-67.885,150.372,b17a,4937.89
2004-09-18,-67.885,150.372,b17a,5004.71
2004-09-19,-67.896,150.33,b17a,5103.05
2004-09-20,-67.972,150.229,b17a,5218.52
2004-09-21,-67.972,150.229,b17a,5305.41
2004-09-22,-67.972,150.229,b17a,5408.01
2004-09-23,-67.972,150.229,b17a,5493.13
2004-09-24,-67.972,150.229,b17a,5578.0
2004-09-25,-67.972,150.229,b17a,5636.21
2004-09-26,-67.972,150.229,b17a,5692.04
2004-09-27,-67.972,150.229,b17a,5737.07
2004-09-28,-67.972,150.229,b17a,5780.77
2004-09-29,-67.972,150.229,b17a,5806.2
2004-09-30,-67.972,150.229,b17a,5829.38
2004-10-01,-67.972,150.229,b17a,5852.76
2004-10-02,-67.972,150.229,b17a,5835.9
2004-10-03,-67.972,150.229,b17a,5817.48
2004-10-04,-67.972,150.229,b17a,5786.36
2004-10-05,-67.972,150.229,b17a,5757.1
2004-10-06,-67.972,150.229,b17a,5732.38
2004-10-07,-67.972,150.229,b17a,5707.75
2004-10-08,-67.972,150.229,b17a,5675.21
2004-10-09,-67.972,150.229,b17a,5653.36
2004-10-10,-67.886,150.515,b17a,5599.89
2004-10-11,-67.972,150.229,b17a,5542.82
2004-10-12,-67.972,150.229,b17a,5479.86
2004-10-13,-67.972,150.229,b17a,5457.56
2004-10-14,-67.972,150.229,b17a,5400.76
2004-10-15,-67.972,150.229,b17a,5324.77
2004-10-16,-67.972,150.229,b17a,5269.79
2004-10-17,-67.972,150.229,b17a,5206.0
2004-10-18,-67.972,150.229,b17a,5156.06
2004-10-19,-67.972,150.229,b17a,5103.16
2004-10-20,-67.972,150.229,b17a,5071.01
2004-10-21,-67.972,150.229,b17a,5040.32
2004-10-22,-67.972,150.229,b17a,5020.25
2004-10-23,-67.972,150.229,b17a,5001.88
2004-10-24,-67.972,150.229,b17a,5002.17
2004-10-25,-67.972,150.229,b17a,5001.32
2004-10-26,-67.972,150.229,b17a,5007.62
2004-10-27,-67.972,150.229,b17a,5062.99
2004-10-28,-67.972,150.229,b17a,5117.04
2004-10-29,-67.972,150.229,b17a,5179.18
2004-10-30,-67.972,150.229,b17a,5233.88
2004-10-31,-67.972,150.229,b17a,5293.61
2004-11-01,-67.972,150.229,b17a,5346.06
2004-11-02,-67.972,150.229,b17a,5404.71
2004-11-03,-67.972,150.229,b17a,5447.22
2004-11-04,-67.972,150.229,b17a,5459.31
2004-11-05,-67.972,150.229,b17a,5466.44
2004-11-06,-67.972,150.229,b17a,5448.23
2004-11-07,-67.886,150.515,b17a,5426.73
2004-11-08,-67.972,150.229,b17a,5401.94
2004-11-09,-67.972,150.229,b17a,5370.22
2004-11-10,-67.972,150.229,b17a,5340.31
2004-11-11,-67.972,150.229,b17a,5299.97
2004-11-12,-67.972,150.229,b17a,5248.91
2004-11-13,-67.972,150.229,b17a,5201.25
2004-11-14,-67.972,150.229,b17a,5145.26
2004-11-15,-67.972,150.229,b17a,5082.18
2004-11-16,-67.972,150.229,b17a,5015.64
2004-11-17,-67.972,150.229,b17a,4944.34
2004-11-18,-67.972,150.229,b17a,4877.64
2004-11-19,-67.972,150.229,b17a,4798.72
2004-11-20,-67.972,150.229,b17a,4708.15
2004-11-21,-67.972,150.229,b17a,4601.17
2004-11-22,-67.972,150.229,b17a,4510.96
2004-11-23,-67.972,150.229,b17a,4409.61
2004-11-24,-67.972,150.229,b17a,4305.88
2004-11-25,-67.972,150.229,b17a,4168.83
2004-11-26,-67.972,150.229,b17a,4034.34
2004-11-27,-67.972,150.229,b17a,3888.47
2004-11-28,-67.972,150.229,b17a,3744.1
2004-11-29,-67.972,150.229,b17a,3626.24
2004-11-30,-67.972,150.229,b17a,3516.66
2004-12-01,-67.972,150.229,b17a,3436.53
2004-12-02,-67.972,150.229,b17a,3354.57
2004-12-03,-67.972,150.229,b17a,3274.46
2004-12-04,-67.972,150.229,b17a,3195.42
2004-12-05,-67.972,150.229,b17a,3116.32
2004-12-06,-67.972,150.229,b17a,3039.55
2004-12-07,-67.972,150.229,b17a,2966.16
2004-12-08,-67.972,150.229,b17a,2888.41
2004-12-09,-67.972,150.229,b17a,2817.97
2004-12-10,-67.972,150.229,b17a,2753.58
2004-12-11,-67.972,150.229,b17a,2703.37
2004-12-12,-67.972,150.229,b17a,2645.44
2004-12-13,-67.972,150.229,b17a,2598.28
2004-12-14,-67.972,150.229,b17a,2551.51
2004-12-15,-67.972,150.229,b17a,2522.17
2004-12-16,-67.972,150.229,b17a,2497.48
2004-12-17,-67.972,150.229,b17a,2458.18
2004-12-18,-67.972,150.229,b17a,2431.6
2004-12-19,-67.972,150.229,b17a,2405.78
2004-12-20,-67.972,150.229,b17a,2410.85
2004-12-21,-67.972,150.229,b17a,2418.73
2004-12-22,-67.972,150.229,b17a,2426.97
2004-12-23,-67.972,150.229,b17a,2440.39
2004-12-24,-67.972,150.229,b17a,2462.63
2004-12-25,-67.972,150.229,b17a,2491.62
2004-12-26,-67.972,150.229,b17a,2511.53
2004-12-27,-67.972,150.229,b17a,2539.24
2004-12-28,-67.972,150.229,b17a,2562.02
2004-12-29,-67.972,150.229,b17a,2577.62
2004-12-30,-67.972,150.229,b17a,2602.86
2004-12-31,-67.972,150.229,b17a,2632.12
2005-01-01,-67.972,150.229,b17a,2664.48
2005-01-02,-67.898,150.52,b17a,2699.41
2005-01-03,-67.972,150.229,b17a,2734.34
2005-01-04,-67.972,150.229,b17a,2771.03
2005-01-05,-67.972,150.229,b17a,2799.03
2005-01-06,-67.972,150.229,b17a,2843.81
2005-01-07,-67.972,150.229,b17a,2882.29
2005-01-08,-67.972,150.229,b17a,2925.35
2005-01-09,-67.972,150.229,b17a,2958.25
2005-01-10,-67.972,150.229,b17a,2991.62
2005-01-11,-67.972,150.229,b17a,3029.12
2005-01-12,-67.972,150.229,b17a,3065.16
2005-01-13,-67.972,150.229,b17a,3106.11
2005-01-14,-67.972,150.229,b17a,3144.42
2005-01-15,-67.972,150.229,b17a,3184.91
2005-01-16,-67.972,150.229,b17a,3221.78
2005-01-17,-67.972,150.229,b17a,3259.93
2005-01-18,-67.972,150.229,b17a,3289.88
2005-01-19,-67.972,150.229,b17a,3315.31
2005-01-20,-67.972,150.229,b17a,3340.92
2005-01-21,-67.972,150.229,b17a,3368.86
2005-01-22,-67.972,150.229,b17a,3394.51
2005-01-23,-67.972,150.229,b17a,3434.53
2005-01-24,-67.972,150.229,b17a,3462.61
2005-01-25,-67.972,150.229,b17a,3484.23
2005-01-26,-67.972,150.229,b17a,3506.46
2005-01-27,-67.972,150.229,b17a,3526.84
2005-01-28,-67.972,150.229,b17a,3546.38
2005-01-29,-67.972,150.229,b17a,3563.01
2005-01-30,-67.901,150.505,b17a,3579.16
2005-01-31,-67.972,150.229,b17a,3590.7
2005-02-01,-67.972,150.229,b17a,3595.18
2005-02-02,-67.972,150.229,b17a,3611.4
2005-02-03,-67.972,150.229,b17a,3633.07
2005-02-04,-67.972,150.229,b17a,3658.26
2005-02-05,-67.972,150.229,b17a,3669.42
2005-02-06,-67.972,150.229,b17a,3654.95
2005-02-07,-67.972,150.229,b17a,3662.19
2005-02-08,-67.972,150.229,b17a,3643.25
2005-02-09,-67.972,150.229,b17a,3620.3
2005-02-10,-67.972,150.229,b17a,3597.12
2005-02-11,-67.972,150.229,b17a,3518.94
2005-02-12,-67.972,150.229,b17a,3481.22
2005-02-13,-67.972,150.229,b17a,3444.35
2005-02-14,-67.972,150.229,b17a,3403.39
2005-02-15,-67.972,150.229,b17a,3285.78
2005-02-16,-67.972,150.229,b17a,3170.0
2005-02-17,-67.972,150.229,b17a,3053.95
2005-02-18,-67.972,150.229,b17a,2989.01
2005-02-19,-67.972,150.229,b17a,2920.16
2005-02-20,-67.972,150.229,b17a,2794.35
2005-02-21,-67.972,150.229,b17a,2708.69
2005-02-22,-67.972,150.229,b17a,2617.17
2005-02-23,-67.972,150.229,b17a,2517.28
2005-02-24,-67.972,150.229,b17a,2413.38
2005-02-25,-67.972,150.229,b17a,2299.04
2005-02-26,-67.972,150.229,b17a,2179.65
2005-02-27,-67.972,150.229,b17a,2049.96
2005-02-28,-67.972,150.229,b17a,1908.67
2005-03-01,-67.972,150.229,b17a,1758.22
2005-03-02,-67.972,150.229,b17a,1611.27
2005-03-03,-67.972,150.229,b17a,1493.29
2005-03-04,-67.972,150.229,b17a,1352.11
2005-03-05,-67.972,150.229,b17a,1234.49
2005-03-06,-67.972,150.229,b17a,1114.37
2005-03-07,-67.972,150.229,b17a,998.21
2005-03-08,-67.972,150.229,b17a,935.0
2005-03-09,-67.972,150.229,b17a,831.01
2005-03-10,-67.972,150.229,b17a,723.29
2005-03-11,-67.972,150.229,b17a,619.22
2005-03-12,-67.972,150.229,b17a,589.07
2005-03-13,-67.871,150.505,b17a,559.55
2005-03-14,-67.972,150.229,b17a,527.87
2005-03-15,-67.972,150.229,b17a,444.9
2005-03-16,-67.972,150.229,b17a,369.48
2005-03-17,-67.972,150.229,b17a,347.99
2005-03-18,-67.972,150.229,b17a,287.02
2005-03-19,-67.972,150.229,b17a,231.89
2005-03-20,-67.972,150.229,b17a,185.76
2005-03-21,-67.972,150.229,b17a,144.19
2005-03-22,-67.972,150.229,b17a,111.23
2005-03-23,-67.972,150.229,b17a,82.71
2005-03-24,-67.972,150.229,b17a,60.95
2005-03-25,-67.972,150.229,b17a,43.05
2005-03-26,-67.972,150.229,b17a,30.6
2005-03-27,-67.851,150.53,b17a,28.19
2005-03-28,-67.851,150.534,b17a,22.17
2005-03-29,-67.851,150.539,b17a,18.24
2005-03-30,-67.851,150.546,b17a,18.05
2005-03-31,-67.851,150.553,b17a,20.84
2005-04-01,-67.851,150.559,b17a,21.8
2005-04-02,-67.851,150.563,b17a,26.72
2005-04-03,-67.851,150.565,b17a,33.9
2005-04-04,-67.972,150.229,b17a,41.77
2005-04-05,-67.972,150.229,b17a,44.46
2005-04-06,-67.972,150.229,b17a,54.95
2005-04-07,-67.972,150.229,b17a,67.78
2005-04-08,-67.972,150.229,b17a,72.57
2005-04-09,-67.972,150.229,b17a,87.6
2005-04-10,-67.972,150.229,b17a,103.47
2005-04-11,-67.972,150.229,b17a,121.23
2005-04-12,-67.972,150.229,b17a,138.81
2005-04-13,-67.972,150.229,b17a,147.15
2005-04-14,-67.972,150.229,b17a,166.72
2005-04-15,-67.972,150.229,b17a,171.37
2005-04-16,-67.972,150.229,b17a,197.13
2005-04-17,-67.972,150.229,b17a,205.03
2005-04-18,-67.972,150.229,b17a,214.98
2005-04-19,-67.972,150.229,b17a,251.26
2005-04-20,-67.972,150.229,b17a,331.58
2005-04-21,-67.972,150.229,b17a,374.56
2005-04-22,-67.972,150.229,b17a,420.97
2005-04-23,-67.972,150.229,b17a,490.79
2005-04-24,-67.836,150.505,b17a,568.44
2005-04-25,-67.972,150.229,b17a,623.56
2005-04-26,-67.972,150.229,b17a,644.98
2005-04-27,-67.972,150.229,b17a,704.83
2005-04-28,-67.972,150.229,b17a,763.78
2005-04-29,-67.972,150.229,b17a,823.37
2005-04-30,-67.972,150.229,b17a,886.2
2005-05-01,-67.972,150.229,b17a,941.69
2005-05-02,-67.972,150.229,b17a,995.6
2005-05-03,-67.972,150.229,b17a,1056.79
2005-05-04,-67.972,150.229,b17a,1108.87
2005-05-05,-67.972,150.229,b17a,1160.08
2005-05-06,-67.972,150.229,b17a,1208.29
2005-05-07,-67.972,150.229,b17a,1257.79
2005-05-08,-67.972,150.229,b17a,1314.41
2005-05-09,-67.972,150.229,b17a,1361.95
2005-05-10,-67.972,150.229,b17a,1424.38
2005-05-11,-67.972,150.229,b17a,1573.82
2005-05-12,-67.972,150.229,b17a,1634.5
2005-05-13,-67.972,150.229,b17a,1700.79
2005-05-14,-67.972,150.229,b17a,1736.53
2005-05-15,-67.972,150.229,b17a,1682.76
2005-05-16,-67.972,150.229,b17a,1715.37
2005-05-17,-67.972,150.229,b17a,1749.42
2005-05-18,-67.972,150.229,b17a,1761.05
2005-05-19,-67.972,150.229,b17a,1714.37
2005-05-20,-67.972,150.229,b17a,1683.09
2005-05-21,-67.972,150.229,b17a,1755.72
2005-05-22,-67.846,150.515,b17a,1724.4
2005-05-23,-67.846,150.515,b17a,1758.01
2005-05-24,-67.846,150.515,b17a,1789.14
2005-05-25,-67.846,150.515,b17a,1822.19
2005-05-26,-67.846,150.515,b17a,1855.49
2005-05-27,-67.846,150.515,b17a,1890.39
2005-05-28,-67.846,150.515,b17a,1926.09
2005-05-29,-67.846,150.515,b17a,1960.66
2005-05-30,-67.846,150.515,b17a,1997.59
2005-05-31,-67.846,150.515,b17a,2033.71
2005-06-01,-67.846,150.515,b17a,2077.11
2005-06-02,-67.846,150.515,b17a,2119.65
2005-06-03,-67.846,150.515,b17a,2174.65
2005-06-04,-67.846,150.515,b17a,2226.76
2005-06-05,-67.846,150.515,b17a,2176.28
2005-06-06,-67.844,150.515,b17a,2232.09
2005-06-07,-67.841,150.517,b17a,2281.39
2005-06-08,-67.836,150.519,b17a,2337.35
2005-06-09,-67.831,150.521,b17a,2442.57
2005-06-10,-67.826,150.524,b17a,2497.72
2005-06-11,-67.822,150.527,b17a,2546.84
2005-06-12,-67.821,150.53,b17a,2599.5
2005-06-13,-67.822,150.532,b17a,2702.15
2005-06-14,-67.826,150.536,b17a,2800.69
2005-06-15,-67.831,150.54,b17a,2849.17
2005-06-16,-67.836,150.544,b17a,2958.79
2005-06-17,-67.841,150.547,b17a,3003.04
2005-06-18,-67.844,150.549,b17a,3050.55
2005-06-19,-67.846,150.55,b17a,3096.27
2005-06-20,-67.846,150.548,b17a,3141.69
2005-06-21,-67.846,150.543,b17a,3185.85
2005-06-22,-67.846,150.536,b17a,3229.9
2005-06-23,-67.846,150.528,b17a,3272.52
2005-06-24,-67.846,150.521,b17a,3313.33
2005-06-25,-67.846,150.517,b17a,3345.79
2005-06-26,-67.846,150.515,b17a,3369.71
2005-06-27,-67.972,150.229,b17a,3396.63
2005-06-28,-67.972,150.229,b17a,3408.81
2005-06-29,-67.972,150.229,b17a,3423.73
2005-06-30,-67.972,150.229,b17a,3433.43
2005-07-01,-67.972,150.229,b17a,3443.54
2005-07-02,-67.972,150.229,b17a,3452.29
2005-07-03,-67.972,150.229,b17a,3458.72
2005-07-04,-67.972,150.229,b17a,3461.31
2005-07-05,-67.972,150.229,b17a,3463.2
2005-07-06,-67.972,150.229,b17a,3466.69
2005-07-07,-67.972,150.229,b17a,3463.56
2005-07-08,-67.972,150.229,b17a,3465.19
2005-07-09,-67.972,150.229,b17a,3478.51
2005-07-10,-67.972,150.229,b17a,3468.14
2005-07-11,-67.972,150.229,b17a,3453.86
2005-07-12,-67.972,150.229,b17a,3436.72
2005-07-13,-67.972,150.229,b17a,3422.12
2005-07-14,-67.972,150.229,b17a,3411.62
2005-07-15,-67.972,150.229,b17a,3401.78
2005-07-16,-67.972,150.229,b17a,3400.56
2005-07-17,-67.846,150.515,b17a,3386.17
2005-07-18,-67.972,150.229,b17a,3378.45
2005-07-19,-67.972,150.229,b17a,3378.41
2005-07-20,-67.972,150.229,b17a,3401.22
2005-07-21,-67.972,150.229,b17a,3423.26
2005-07-22,-67.972,150.229,b17a,3451.7
2005-07-23,-67.972,150.229,b17a,3475.5
2005-07-24,-67.972,150.229,b17a,3499.48
2005-07-25,-67.972,150.229,b17a,3528.73
2005-07-26,-67.972,150.229,b17a,3555.43
2005-07-27,-67.972,150.229,b17a,3581.99
2005-07-28,-67.972,150.229,b17a,3607.64
2005-07-29,-67.972,150.229,b17a,3633.99
2005-07-30,-67.972,150.229,b17a,3669.98
2005-07-31,-67.846,150.515,b17a,3698.95
2005-08-01,-67.846,150.515,b17a,3714.27
2005-08-02,-67.846,150.515,b17a,3702.54
2005-08-03,-67.846,150.515,b17a,3690.01
2005-08-04,-67.846,150.515,b17a,3680.69
2005-08-05,-67.846,150.515,b17a,3675.73
2005-08-06,-67.846,150.515,b17a,3672.49
2005-08-07,-67.846,150.515,b17a,3663.69
2005-08-08,-67.846,150.516,b17a,3651.58
2005-08-09,-67.846,150.52,b17a,3635.4
2005-08-10,-67.846,150.524,b17a,3608.95
2005-08-11,-67.846,150.53,b17a,3594.69
2005-08-12,-67.846,150.535,b17a,3575.82
2005-08-13,-67.846,150.538,b17a,3543.27
2005-08-14,-67.846,150.54,b17a,3499.17
2005-08-15,-67.847,150.538,b17a,3453.12
2005-08-16,-67.849,150.535,b17a,3380.08
2005-08-17,-67.852,150.53,b17a,3313.76
2005-08-18,-67.855,150.524,b17a,3242.56
2005-08-19,-67.858,150.52,b17a,3181.58
2005-08-20,-67.86,150.516,b17a,3121.4
2005-08-21,-67.861,150.515,b17a,3047.68
2005-08-22,-67.861,150.515,b17a,2974.78
2005-08-23,-67.861,150.516,b17a,2899.02
2005-08-24,-67.861,150.517,b17a,2824.67
2005-08-25,-67.861,150.519,b17a,2757.58
2005-08-26,-67.861,150.521,b17a,2695.59
2005-08-27,-67.861,150.523,b17a,2664.13
2005-08-28,-67.861,150.525,b17a,2620.56
2005-08-29,-67.861,150.526,b17a,2591.88
2005-08-30,-67.863,150.528,b17a,2552.15
2005-08-31,-67.865,150.53,b17a,2520.31
2005-09-01,-67.867,150.532,b17a,2488.55
2005-09-02,-67.869,150.534,b17a,2461.27
2005-09-03,-67.87,150.537,b17a,2434.97
2005-09-04,-67.871,150.54,b17a,2409.66
2005-09-05,-67.871,150.543,b17a,2386.91
2005-09-06,-67.87,150.548,b17a,2363.07
2005-09-07,-67.868,150.554,b17a,2345.54
2005-09-08,-67.866,150.56,b17a,2326.66
2005-09-09,-67.865,150.566,b17a,2311.75
2005-09-10,-67.863,150.571,b17a,2316.25
2005-09-11,-67.861,150.575,b17a,2320.07
2005-09-12,-67.859,150.578,b17a,2328.05
2005-09-13,-67.856,150.581,b17a,2325.77
2005-09-14,-67.853,150.583,b17a,2324.88
2005-09-15,-67.851,150.586,b17a,2330.03
2005-09-16,-67.848,150.588,b17a,2341.24
2005-09-17,-67.846,150.589,b17a,2359.17
2005-09-18,-67.846,150.59,b17a,2389.7
2005-09-19,-67.846,150.589,b17a,2419.7
2005-09-20,-67.846,150.586,b17a,2457.7
2005-09-21,-67.846,150.583,b17a,2483.86
2005-09-22,-67.846,150.578,b17a,2521.86
2005-09-23,-67.846,150.574,b17a,2554.01
2005-09-24,-67.846,150.569,b17a,2594.97
2005-09-25,-67.846,150.565,b17a,2612.53
2005-09-26,-67.846,150.56,b17a,2631.46
2005-09-27,-67.846,150.553,b17a,2647.36
2005-09-28,-67.846,150.547,b17a,2664.61
2005-09-29,-67.846,150.54,b17a,2683.31
2005-09-30,-67.846,150.535,b17a,2699.92
2005-10-01,-67.846,150.531,b17a,2697.68
2005-10-02,-67.846,150.53,b17a,2690.03
2005-10-03,-67.847,150.53,b17a,2681.83
2005-10-04,-67.849,150.531,b17a,2676.62
2005-10-05,-67.852,150.532,b17a,2674.89
2005-10-06,-67.855,150.533,b17a,2670.85
2005-10-07,-67.858,150.535,b17a,2665.4
2005-10-08,-67.86,150.537,b17a,2653.4
2005-10-09,-67.861,150.54,b17a,2645.18
2005-10-10,-67.859,150.543,b17a,2666.22
2005-10-11,-67.854,150.549,b17a,2686.85
2005-10-12,-67.848,150.556,b17a,2698.63
2005-10-13,-67.841,150.562,b17a,2686.05
2005-10-14,-67.834,150.569,b17a,2675.52
2005-10-15,-67.829,150.573,b17a,2664.15
2005-10-16,-67.826,150.575,b17a,2665.85
2005-10-17,-67.825,150.573,b17a,2669.31
2005-10-18,-67.824,150.57,b17a,2666.38
2005-10-19,-67.823,150.565,b17a,2655.64
2005-10-20,-67.822,150.559,b17a,2674.84
2005-10-21,-67.821,150.555,b17a,2695.44
2005-10-22,-67.821,150.551,b17a,2713.0
2005-10-23,-67.821,150.55,b17a,2733.35
2005-10-24,-67.972,150.229,b17a,2756.65
2005-10-25,-67.972,150.229,b17a,2780.45
2005-10-26,-67.972,150.229,b17a,2815.74
2005-10-27,-67.972,150.229,b17a,2860.52
2005-10-28,-67.972,150.229,b17a,2904.38
2005-10-29,-67.972,150.229,b17a,2944.14
2005-10-30,-67.972,150.229,b17a,2982.84
2005-10-31,-67.972,150.229,b17a,3023.18
2005-11-01,-67.972,150.229,b17a,3062.16
2005-11-02,-67.972,150.229,b17a,3102.5
2005-11-03,-67.972,150.229,b17a,3138.98
2005-11-04,-67.972,150.229,b17a,3152.71
2005-11-05,-67.972,150.229,b17a,3156.91
2005-11-06,-67.821,150.55,b17a,3165.62
2005-11-07,-67.808,150.548,b17a,3179.04
2005-11-08,-67.774,150.544,b17a,3194.29
2005-11-09,-67.728,150.539,b17a,3211.31
2005-11-10,-67.678,150.533,b17a,3220.83
2005-11-11,-67.632,150.528,b17a,3224.58
2005-11-12,-67.599,150.524,b17a,3228.86
2005-11-13,-67.586,150.522,b17a,3241.39
2005-11-14,-67.972,150.229,b17a,3246.81
2005-11-15,-67.972,150.229,b17a,3260.03
2005-11-16,-67.972,150.229,b17a,3277.05
2005-11-17,-67.972,150.229,b17a,3299.73
2005-11-18,-67.972,150.229,b17a,3317.2
2005-11-19,-67.972,150.229,b17a,3298.68
2005-11-20,-67.972,150.229,b17a,3287.27
2005-11-21,-67.972,150.229,b17a,3269.82
2005-11-22,-67.972,150.229,b17a,3254.17
2005-11-23,-67.972,150.229,b17a,3229.13
2005-11-24,-67.972,150.229,b17a,3210.68
2005-11-25,-67.972,150.229,b17a,3190.85
2005-11-26,-67.972,150.229,b17a,3165.13
2005-11-27,-67.972,150.229,b17a,3139.08
2005-11-28,-68.003,150.443,b17a,3119.16
2005-11-29,-68.003,150.443,b17a,3094.77
2005-11-30,-68.003,150.443,b17a,3062.25
2005-12-01,-68.003,150.443,b17a,3039.2
2005-12-02,-68.003,150.443,b17a,3011.98
2005-12-03,-68.003,150.443,b17a,2978.68
2005-12-04,-67.801,150.756,b17a,2939.52
2005-12-05,-67.804,150.753,b17a,2895.75
2005-12-06,-67.806,150.743,b17a,2852.3
2005-12-07,-67.807,150.729,b17a,2807.36
2005-12-08,-67.809,150.714,b17a,2762.92
2005-12-09,-67.81,150.7,b17a,2711.52
2005-12-10,-67.811,150.69,b17a,2648.4
2005-12-11,-67.811,150.686,b17a,2585.41
2005-12-12,-67.811,150.686,b17a,2515.02
2005-12-13,-67.81,150.686,b17a,2443.32
2005-12-14,-67.808,150.686,b17a,2410.85
2005-12-15,-67.806,150.686,b17a,2379.83
2005-12-16,-67.804,150.686,b17a,2350.94
2005-12-17,-67.802,150.686,b17a,2320.45
2005-12-18,-67.801,150.686,b17a,2303.24
2005-12-19,-68.003,150.443,b17a,2278.93
2005-12-20,-68.003,150.443,b17a,2255.43
2005-12-21,-68.003,150.443,b17a,2242.41
2005-12-22,-68.003,150.443,b17a,2230.55
2005-12-23,-68.003,150.443,b17a,2212.58
2005-12-24,-68.003,150.443,b17a,2201.81
2005-12-25,-68.003,150.443,b17a,2202.73
2005-12-26,-68.003,150.443,b17a,2193.56
2005-12-27,-68.003,150.443,b17a,2183.7
2005-12-28,-68.003,150.443,b17a,2177.04
2005-12-29,-68.003,150.443,b17a,2178.46
2005-12-30,-68.003,150.443,b17a,2181.42
2005-12-31,-68.003,150.443,b17a,2201.47
2006-01-01,-68.003,150.443,b17a,2208.7
2006-01-02,-68.003,150.443,b17a,2235.52
2006-01-03,-68.003,150.443,b17a,2265.59
2006-01-04,-68.003,150.443,b17a,2276.76
2006-01-05,-68.003,150.443,b17a,2293.79
2006-01-06,-68.003,150.443,b17a,2313.33
2006-01-07,-68.003,150.443,b17a,2337.84
2006-01-08,-68.003,150.443,b17a,2373.76
2006-01-09,-68.003,150.443,b17a,2409.74
2006-01-10,-68.003,150.443,b17a,2439.12
2006-01-11,-68.003,150.443,b17a,2466.65
2006-01-12,-68.003,150.443,b17a,2490.57
2006-01-13,-68.003,150.443,b17a,2529.79
2006-01-14,-68.003,150.443,b17a,2567.82
2006-01-15,-67.791,150.646,b17a,2597.38
2006-01-16,-67.791,150.646,b17a,2647.9
2006-01-17,-67.791,150.646,b17a,2694.39
2006-01-18,-67.791,150.646,b17a,2741.83
2006-01-19,-67.791,150.646,b17a,2800.07
2006-01-20,-67.791,150.646,b17a,2862.84
2006-01-21,-67.791,150.646,b17a,2931.04
2006-01-22,-67.791,150.646,b17a,3002.65
2006-01-23,-67.791,150.646,b17a,3077.03
2006-01-24,-67.791,150.646,b17a,3147.38
2006-01-25,-67.791,150.646,b17a,3196.43
2006-01-26,-67.791,150.646,b17a,3267.31
2006-01-27,-67.791,150.646,b17a,3272.48
2006-01-28,-67.791,150.646,b17a,3273.38
2006-01-29,-67.791,150.646,b17a,3289.37
2006-01-30,-67.791,150.646,b17a,3298.19
2006-01-31,-67.791,150.646,b17a,3304.11
2006-02-01,-67.791,150.646,b17a,3303.96
2006-02-02,-67.791,150.646,b17a,3285.34
2006-02-03,-67.791,150.646,b17a,3265.9
2006-02-04,-67.791,150.646,b17a,3259.07
2006-02-05,-67.791,150.646,b17a,3258.59
2006-02-06,-67.791,150.646,b17a,3226.25
2006-02-07,-67.791,150.646,b17a,3201.97
2006-02-08,-67.791,150.646,b17a,3142.61
2006-02-09,-67.791,150.646,b17a,3051.63
2006-02-10,-67.791,150.646,b17a,2936.27
2006-02-11,-67.791,150.646,b17a,2846.93
2006-02-12,-67.791,150.646,b17a,2751.38
2006-02-13,-67.791,150.646,b17a,2640.03
2006-02-14,-67.791,150.646,b17a,2521.25
2006-02-15,-67.791,150.646,b17a,2394.42
2006-02-16,-67.791,150.646,b17a,2246.12
2006-02-17,-67.791,150.646,b17a,2089.9
2006-02-18,-67.791,150.646,b17a,1937.88
2006-02-19,-67.791,150.646,b17a,1788.69
2006-02-20,-67.791,150.646,b17a,1649.51
2006-02-21,-67.791,150.646,b17a,1539.21
2006-02-22,-67.791,150.646,b17a,1429.79
2006-02-23,-67.791,150.646,b17a,1344.89
2006-02-24,-67.791,150.646,b17a,1262.26
2006-02-25,-67.791,150.646,b17a,1180.29
2006-02-26,-67.791,150.646,b17a,1102.64
2006-02-27,-67.791,150.646,b17a,1027.35
2006-02-28,-67.791,150.646,b17a,954.67
2006-03-01,-67.791,150.646,b17a,874.74
2006-03-02,-67.791,150.646,b17a,791.11
2006-03-03,-67.791,150.646,b17a,739.56
2006-03-04,-67.791,150.646,b17a,664.83
2006-03-05,-67.791,150.646,b17a,625.95
2006-03-06,-67.791,150.646,b17a,627.24
2006-03-07,-67.791,150.646,b17a,614.45
2006-03-08,-67.791,150.646,b17a,598.86
2006-03-09,-67.791,150.646,b17a,626.95
2006-03-10,-67.791,150.646,b17a,622.94
2006-03-11,-67.791,150.646,b17a,648.07
2006-03-12,-67.791,150.646,b17a,669.57
2006-03-13,-67.791,150.646,b17a,708.34
2006-03-14,-67.791,150.646,b17a,753.25
2006-03-15,-67.791,150.646,b17a,798.84
2006-03-16,-67.791,150.646,b17a,848.95
2006-03-17,-67.791,150.646,b17a,883.65
2006-03-18,-67.791,150.646,b17a,934.35
2006-03-19,-67.791,150.646,b17a,982.48
2006-03-20,-67.79,150.647,b17a,1015.2
2006-03-21,-67.786,150.648,b17a,1046.35
2006-03-22,-67.781,150.649,b17a,1077.58
2006-03-23,-67.776,150.65,b17a,1109.02
2006-03-24,-67.771,150.652,b17a,1140.25
2006-03-25,-67.768,150.654,b17a,1170.63
2006-03-26,-67.766,150.656,b17a,1202.98
2006-03-27,-67.766,150.659,b17a,1236.96
2006-03-28,-67.766,150.663,b17a,1270.68
2006-03-29,-67.766,150.668,b17a,1307.9
2006-03-30,-67.766,150.673,b17a,1342.72
2006-03-31,-67.766,150.677,b17a,1379.83
2006-04-01,-67.766,150.68,b17a,1433.59
2006-04-02,-67.766,150.681,b17a,1469.02
2006-04-03,-67.766,150.681,b17a,1478.17
2006-04-04,-67.766,150.681,b17a,1514.27
2006-04-05,-67.766,150.681,b17a,1537.59
2006-04-06,-67.766,150.681,b17a,1560.37
2006-04-07,-67.766,150.681,b17a,1593.34
2006-04-08,-67.766,150.681,b17a,1621.01
2006-04-09,-67.766,150.681,b17a,1664.56
2006-04-10,-67.765,150.679,b17a,1705.18
2006-04-11,-67.763,150.673,b17a,1743.82
2006-04-12,-67.76,150.664,b17a,1787.34
2006-04-13,-67.757,150.654,b17a,1835.49
2006-04-14,-67.754,150.645,b17a,1879.28
2006-04-15,-67.752,150.639,b17a,1923.67
2006-04-16,-67.751,150.636,b17a,1967.87
2006-04-17,-67.751,150.636,b17a,2011.25
2006-04-18,-67.751,150.636,b17a,2053.58
2006-04-19,-67.751,150.636,b17a,2094.16
2006-04-20,-67.751,150.636,b17a,2076.5
2006-04-21,-67.751,150.636,b17a,2114.46
2006-04-22,-67.751,150.636,b17a,2149.71
2006-04-23,-67.751,150.636,b17a,2253.21
2006-04-24,-67.751,150.636,b17a,2352.57
2006-04-25,-67.751,150.636,b17a,2450.03
2006-04-26,-67.751,150.636,b17a,2545.98
2006-04-27,-67.751,150.636,b17a,2639.39
2006-04-28,-67.751,150.636,b17a,2645.03
2006-04-29,-67.751,150.636,b17a,2693.3
2006-04-30,-67.751,150.636,b17a,2725.4
2006-05-01,-67.751,150.636,b17a,2728.8
2006-05-02,-67.751,150.636,b17a,2754.02
2006-05-03,-67.751,150.636,b17a,2746.75
2006-05-04,-67.751,150.636,b17a,2719.6
2006-05-05,-67.751,150.636,b17a,2693.46
2006-05-06,-67.751,150.636,b17a,2669.24
2006-05-07,-67.751,150.636,b17a,2639.63
2006-05-08,-67.751,150.636,b17a,2605.94
2006-05-09,-67.751,150.636,b17a,2569.3
2006-05-10,-67.751,150.636,b17a,2528.61
2006-05-11,-67.751,150.636,b17a,2448.94
2006-05-12,-67.751,150.636,b17a,2399.64
2006-05-13,-67.751,150.636,b17a,2313.29
2006-05-14,-67.751,150.636,b17a,2232.2
2006-05-15,-67.751,150.636,b17a,2228.52
2006-05-16,-67.751,150.636,b17a,2138.82
2006-05-17,-67.751,150.636,b17a,2054.53
2006-05-18,-67.751,150.636,b17a,1912.82
2006-05-19,-67.751,150.636,b17a,1774.92
2006-05-20,-67.751,150.636,b17a,1633.61
2006-05-21,-67.751,150.636,b17a,1477.52
2006-05-22,-67.751,150.636,b17a,1337.87
2006-05-23,-67.751,150.636,b17a,1274.07
2006-05-24,-67.751,150.636,b17a,1177.99
2006-05-25,-67.751,150.636,b17a,1085.04
2006-05-26,-67.751,150.636,b17a,1029.84
2006-05-27,-67.751,150.636,b17a,944.98
2006-05-28,-67.751,150.636,b17a,895.89
2006-05-29,-67.751,150.636,b17a,834.65
2006-05-30,-67.751,150.636,b17a,778.82
2006-05-31,-67.751,150.636,b17a,738.35
2006-06-01,-67.751,150.636,b17a,679.42
2006-06-02,-67.751,150.636,b17a,646.9
2006-06-03,-67.751,150.636,b17a,595.93
2006-06-04,-67.751,150.636,b17a,614.35
2006-06-05,-67.752,150.638,b17a,630.91
2006-06-06,-67.753,150.64,b17a,633.63
2006-06-07,-67.755,150.644,b17a,661.62
2006-06-08,-67.757,150.649,b17a,701.85
2006-06-09,-67.759,150.652,b17a,722.05
2006-06-10,-67.761,150.655,b17a,768.06
2006-06-11,-67.761,150.656,b17a,813.25
2006-06-12,-67.761,150.656,b17a,830.17
2006-06-13,-67.761,150.656,b17a,861.12
2006-06-14,-67.761,150.656,b17a,883.93
2006-06-15,-67.761,150.656,b17a,933.99
2006-06-16,-67.761,150.656,b17a,970.69
2006-06-17,-67.761,150.656,b17a,996.1
2006-06-18,-67.761,150.656,b17a,1031.71
2006-06-19,-67.761,150.656,b17a,1057.75
2006-06-20,-67.761,150.656,b17a,1086.55
2006-06-21,-67.761,150.656,b17a,1130.72
2006-06-22,-67.761,150.656,b17a,1152.7
2006-06-23,-67.761,150.656,b17a,1186.76
2006-06-24,-67.761,150.656,b17a,1218.02
2006-06-25,-67.761,150.656,b17a,1230.52
2006-06-26,-67.761,150.656,b17a,1261.67
2006-06-27,-67.761,150.656,b17a,1267.22
2006-06-28,-67.761,150.656,b17a,1268.18
2006-06-29,-67.761,150.656,b17a,1224.64
2006-06-30,-67.761,150.656,b17a,1218.14
2006-07-01,-67.761,150.656,b17a,1192.2
2006-07-02,-67.761,150.656,b17a,1177.19
2006-07-03,-67.761,150.656,b17a,1125.0
2006-07-04,-67.761,150.656,b17a,1086.46
2006-07-05,-67.761,150.656,b17a,1049.08
2006-07-06,-67.761,150.656,b17a,1006.19
2006-07-07,-67.761,150.656,b17a,974.57
2006-07-08,-67.761,150.656,b17a,929.89
2006-07-09,-67.761,150.656,b17a,894.6
2006-07-10,-67.761,150.656,b17a,847.12
2006-07-11,-67.761,150.656,b17a,798.44
2006-07-12,-67.761,150.656,b17a,760.19
2006-07-13,-67.761,150.656,b17a,711.85
2006-07-14,-67.761,150.656,b17a,674.78
2006-07-15,-67.761,150.656,b17a,625.79
2006-07-16,-67.761,150.656,b17a,571.78
2006-07-17,-67.761,150.656,b17a,527.2
2006-07-18,-67.761,150.656,b17a,502.18
2006-07-19,-67.761,150.656,b17a,462.85
2006-07-20,-67.761,150.656,b17a,426.24
2006-07-21,-67.761,150.656,b17a,410.84
2006-07-22,-67.761,150.656,b17a,379.7
2006-07-23,-67.761,150.656,b17a,396.64
2006-07-24,-67.76,150.655,b17a,372.04
2006-07-25,-67.757,150.652,b17a,352.12
2006-07-26,-67.753,150.649,b17a,332.55
2006-07-27,-67.749,150.644,b17a,336.21
2006-07-28,-67.745,150.64,b17a,362.91
2006-07-29,-67.742,150.638,b17a,352.35
2006-07-30,-67.741,150.636,b17a,366.93
2006-07-31,-67.741,150.636,b17a,385.49
2006-08-01,-67.741,150.636,b17a,405.33
2006-08-02,-67.741,150.636,b17a,471.05
2006-08-03,-67.741,150.636,b17a,545.82
2006-08-04,-67.741,150.636,b17a,615.96
2006-08-05,-67.741,150.636,b17a,679.93
2006-08-06,-67.741,150.636,b17a,741.39
2006-08-07,-68.003,150.443,b17a,814.84
2006-08-08,-68.003,150.443,b17a,894.24
2006-08-09,-68.003,150.443,b17a,930.84
2006-08-10,-68.003,150.443,b17a,988.43
2006-08-11,-68.003,150.443,b17a,997.79
2006-08-12,-68.003,150.443,b17a,1024.35
2006-08-13,-68.003,150.443,b17a,1066.82
2006-08-14,-68.003,150.443,b17a,1110.27
2006-08-15,-68.003,150.443,b17a,1137.39
2006-08-16,-68.003,150.443,b17a,1183.89
2006-08-17,-68.003,150.443,b17a,1211.16
2006-08-18,-68.003,150.443,b17a,1251.87
2006-08-19,-68.003,150.443,b17a,1298.91
2006-08-20,-67.741,150.636,b17a,1347.9
2006-08-21,-67.741,150.636,b17a,1373.54
2006-08-22,-67.741,150.636,b17a,1393.38
2006-08-23,-67.741,150.636,b17a,1433.17
2006-08-24,-67.741,150.636,b17a,1456.52
2006-08-25,-67.741,150.636,b17a,1478.97
2006-08-26,-67.741,150.636,b17a,1460.36
2006-08-27,-67.741,150.636,b17a,1436.54
2006-08-28,-67.741,150.638,b17a,1401.49
2006-08-29,-67.74,150.641,b17a,1370.82
2006-08-30,-67.739,150.646,b17a,1353.4
2006-08-31,-67.738,150.652,b17a,1336.09
2006-09-01,-67.737,150.656,b17a,1324.45
2006-09-02,-67.737,150.66,b17a,1296.66
2006-09-03,-67.736,150.661,b17a,1314.82
2006-09-04,-67.736,150.661,b17a,1295.76
2006-09-05,-67.736,150.661,b17a,1323.98
2006-09-06,-67.736,150.661,b17a,1345.36
2006-09-07,-67.736,150.661,b17a,1374.58
2006-09-08,-67.736,150.661,b17a,1366.16
2006-09-09,-67.736,150.661,b17a,1355.14
2006-09-10,-67.736,150.661,b17a,1341.76
2006-09-11,-67.736,150.661,b17a,1327.37
2006-09-12,-67.734,150.66,b17a,1318.32
2006-09-13,-67.732,150.659,b17a,1301.71
2006-09-14,-67.73,150.658,b17a,1283.86
2006-09-15,-67.728,150.657,b17a,1244.78
2006-09-16,-67.727,150.657,b17a,1230.68
2006-09-17,-67.726,150.656,b17a,1190.72
2006-09-18,-67.727,150.659,b17a,1149.13
2006-09-19,-67.728,150.666,b17a,1125.34
2006-09-20,-67.73,150.676,b17a,1117.7
2006-09-21,-67.732,150.687,b17a,1091.21
2006-09-22,-67.734,150.697,b17a,1064.75
2006-09-23,-67.736,150.704,b17a,1022.17
2006-09-24,-67.736,150.706,b17a,985.36
2006-09-25,-67.736,150.706,b17a,948.55
2006-09-26,-67.736,150.706,b17a,893.47
2006-09-27,-67.736,150.706,b17a,849.04
2006-09-28,-67.736,150.706,b17a,809.49
2006-09-29,-67.736,150.706,b17a,774.94
2006-09-30,-67.736,150.706,b17a,756.02
2006-10-01,-67.736,150.706,b17a,713.04
2006-10-02,-67.736,150.706,b17a,664.19
2006-10-03,-67.736,150.706,b17a,630.39
2006-10-04,-67.736,150.706,b17a,596.84
2006-10-05,-67.736,150.706,b17a,594.29
2006-10-06,-67.736,150.706,b17a,565.82
2006-10-07,-67.736,150.706,b17a,571.51
2006-10-08,-67.736,150.706,b17a,580.59
2006-10-09,-67.736,150.706,b17a,593.69
2006-10-10,-67.736,150.706,b17a,634.04
2006-10-11,-67.736,150.706,b17a,655.37
2006-10-12,-67.736,150.706,b17a,701.86
2006-10-13,-67.736,150.706,b17a,752.23
2006-10-14,-67.736,150.706,b17a,785.05
2006-10-15,-67.736,150.706,b17a,847.42
2006-10-16,-67.736,150.702,b17a,933.9
2006-10-17,-67.734,150.692,b17a,1013.73
2006-10-18,-67.732,150.677,b17a,1082.93
2006-10-19,-67.73,150.661,b17a,1165.77
2006-10-20,-67.728,150.646,b17a,1240.73
2006-10-21,-67.727,150.636,b17a,1318.12
2006-10-22,-67.726,150.631,b17a,1387.62
2006-10-23,-67.726,150.631,b17a,1459.67
2006-10-24,-67.726,150.631,b17a,1539.2
2006-10-25,-67.726,150.631,b17a,1607.9
2006-10-26,-67.728,150.627,b17a,1672.55
2006-10-27,-67.728,150.627,b17a,1735.74
2006-10-28,-67.728,150.627,b17a,1814.01
2006-10-29,-67.46,150.743,b17a,1900.39
2006-10-30,-67.46,150.743,b17a,1958.32
2006-10-31,-67.46,150.743,b17a,2033.09
2006-11-01,-67.46,150.743,b17a,2077.37
2006-11-02,-67.46,150.743,b17a,2134.99
2006-11-03,-67.46,150.743,b17a,2189.59
2006-11-04,-67.46,150.743,b17a,2249.56
2006-11-05,-67.46,150.743,b17a,2286.87
2006-11-06,-67.46,150.743,b17a,2341.0
2006-11-07,-67.46,150.743,b17a,2373.51
2006-11-08,-67.46,150.743,b17a,2405.83
2006-11-09,-67.46,150.743,b17a,2434.03
2006-11-10,-67.46,150.743,b17a,2417.85
2006-11-11,-67.46,150.743,b17a,2411.12
2006-11-12,-67.46,150.743,b17a,2432.13
2006-11-13,-67.46,150.743,b17a,2425.83
2006-11-14,-67.46,150.743,b17a,2429.0
2006-11-15,-67.46,150.743,b17a,2430.32
2006-11-16,-67.46,150.743,b17a,2437.21
2006-11-17,-67.46,150.743,b17a,2442.87
2006-11-18,-67.46,150.743,b17a,2439.39
2006-11-19,-67.46,150.743,b17a,2442.07
2006-11-20,-67.46,150.745,b17a,2447.82
2006-11-21,-67.46,150.748,b17a,2450.06
2006-11-22,-67.46,150.753,b17a,2455.25
2006-11-23,-67.46,150.759,b17a,2453.28
2006-11-24,-67.46,150.764,b17a,2449.9
2006-11-25,-67.46,150.767,b17a,2453.62
2006-11-26,-67.46,150.769,b17a,2454.33
2006-11-27,-67.469,150.667,b17a,2437.84
2006-11-28,-67.469,150.667,b17a,2420.91
2006-11-29,-67.469,150.667,b17a,2399.16
2006-11-30,-67.469,150.667,b17a,2391.62
2006-12-01,-67.469,150.667,b17a,2370.43
2006-12-02,-67.469,150.667,b17a,2361.24
2006-12-03,-67.469,150.667,b17a,2348.36
2006-12-04,-67.469,150.667,b17a,2337.8
2006-12-05,-67.469,150.667,b17a,2330.4
2006-12-06,-67.469,150.667,b17a,2318.87
2006-12-07,-67.469,150.667,b17a,2310.55
2006-12-08,-67.469,150.667,b17a,2303.81
2006-12-09,-67.469,150.667,b17a,2299.91
2006-12-10,-67.469,150.667,b17a,2299.28
2006-12-11,-67.469,150.667,b17a,2289.57
2006-12-12,-67.469,150.667,b17a,2272.15
2006-12-13,-67.469,150.667,b17a,2261.24
2006-12-14,-67.469,150.667,b17a,2241.62
2006-12-15,-67.469,150.667,b17a,2219.04
2006-12-16,-67.469,150.667,b17a,2182.06
2006-12-17,-67.47,150.749,b17a,2143.47
2006-12-18,-67.469,150.667,b17a,2107.73
2006-12-19,-67.469,150.667,b17a,2069.09
2006-12-20,-67.469,150.667,b17a,2031.8
2006-12-21,-67.469,150.667,b17a,1989.83
2006-12-22,-67.469,150.667,b17a,1950.23
2006-12-23,-67.469,150.667,b17a,1911.73
2006-12-24,-67.469,150.667,b17a,1870.09
2006-12-25,-67.469,150.667,b17a,1832.05
2006-12-26,-67.469,150.667,b17a,1792.12
2006-12-27,-67.398,150.86,b17a,1757.68
2006-12-28,-67.398,150.86,b17a,1721.73
2006-12-29,-67.398,150.86,b17a,1685.5
2006-12-30,-67.398,150.86,b17a,1647.88
2006-12-31,-67.398,150.86,b17a,1614.64
2007-01-01,-67.427,150.97,b17a,1576.67
2007-01-02,-67.427,150.97,b17a,1537.2
2007-01-03,-67.427,150.97,b17a,1494.76
2007-01-04,-67.427,150.97,b17a,1448.18
2007-01-05,-67.427,150.97,b17a,1410.6
2007-01-06,-67.427,150.97,b17a,1379.36
2007-01-07,-67.439,150.96,b17a,1345.46
2007-01-08,-67.439,151.016,b17a,1322.14
2007-01-09,-67.441,151.016,b17a,1300.02
2007-01-10,-67.444,150.963,b17a,1292.57
2007-01-11,-67.446,150.961,b17a,1289.15
2007-01-12,-67.448,150.959,b17a,1283.14
2007-01-13,-67.45,150.957,b17a,1278.94
2007-01-14,-67.45,150.955,b17a,1274.69
2007-01-15,-67.45,150.952,b17a,1275.47
2007-01-16,-67.448,150.948,b17a,1274.76
2007-01-17,-67.446,150.943,b17a,1272.19
2007-01-18,-67.444,150.938,b17a,1270.91
2007-01-19,-67.442,150.933,b17a,1268.41
2007-01-20,-67.441,150.928,b17a,1271.12
2007-01-21,-67.44,150.925,b17a,1266.39
2007-01-22,-67.451,150.834,b17a,1267.05
2007-01-23,-67.452,150.832,b17a,1265.51
2007-01-24,-67.454,150.83,b17a,1262.46
2007-01-25,-67.457,150.828,b17a,1258.8
2007-01-26,-67.458,150.827,b17a,1257.44
2007-01-27,-67.46,150.826,b17a,1264.42
2007-01-28,-67.46,150.826,b17a,1262.05
2007-01-29,-67.46,150.826,b17a,1273.15
2007-01-30,-67.46,150.826,b17a,1282.65
2007-01-31,-67.46,150.826,b17a,1291.16
2007-02-01,-67.46,150.826,b17a,1296.63
2007-02-02,-67.46,150.826,b17a,1302.87
2007-02-03,-67.46,150.826,b17a,1308.69
2007-02-04,-67.46,150.826,b17a,1314.96
2007-02-05,-67.46,150.826,b17a,1322.38
2007-02-06,-67.46,150.824,b17a,1316.31
2007-02-07,-67.46,150.822,b17a,1310.21
2007-02-08,-67.46,150.82,b17a,1304.97
2007-02-09,-67.46,150.818,b17a,1299.37
2007-02-10,-67.46,150.817,b17a,1293.45
2007-02-11,-67.46,150.816,b17a,1289.34
2007-02-12,-67.459,150.819,b17a,1284.39
2007-02-13,-67.457,150.825,b17a,1281.91
2007-02-14,-67.453,150.834,b17a,1276.3
2007-02-15,-67.448,150.843,b17a,1273.39
2007-02-16,-67.444,150.852,b17a,1269.29
2007-02-17,-67.442,150.859,b17a,1263.51
2007-02-18,-67.44,150.861,b17a,1255.82
2007-02-19,-67.441,150.86,b17a,1243.73
2007-02-20,-67.442,150.857,b17a,1228.32
2007-02-21,-67.444,150.852,b17a,1200.6
2007-02-22,-67.447,150.846,b17a,1179.23
2007-02-23,-67.448,150.839,b17a,1139.88
2007-02-24,-67.449,150.863,b17a,1099.35
2007-02-25,-67.45,150.85,b17a,1057.44
2007-02-26,-67.448,150.836,b17a,1014.71
2007-02-27,-67.444,150.818,b17a,973.07
2007-02-28,-67.438,150.799,b17a,934.53
2007-03-01,-67.432,150.781,b17a,905.39
2007-03-02,-67.426,150.765,b17a,877.95
2007-03-03,-67.422,150.754,b17a,877.29
2007-03-04,-67.42,150.75,b17a,882.61
2007-03-05,-67.42,150.75,b17a,899.95
2007-03-06,-67.42,150.75,b17a,921.74
2007-03-07,-67.42,150.75,b17a,954.47
2007-03-08,-67.42,150.75,b17a,990.4
2007-03-09,-67.42,150.75,b17a,1036.83
2007-03-10,-67.42,150.75,b17a,1086.52
2007-03-11,-67.42,150.75,b17a,1137.52
2007-03-12,-67.42,150.75,b17a,1190.62
2007-03-13,-67.42,150.75,b17a,1244.68
2007-03-14,-67.42,150.75,b17a,1301.44
2007-03-15,-67.42,150.75,b17a,1359.28
2007-03-16,-67.42,150.75,b17a,1422.39
2007-03-17,-67.42,150.75,b17a,1487.66
2007-03-18,-67.42,150.75,b17a,1557.32
2007-03-19,-67.42,150.75,b17a,1628.89
2007-03-20,-67.42,150.75,b17a,1705.84
2007-03-21,-67.42,150.75,b17a,1785.73
2007-03-22,-67.42,150.75,b17a,1875.07
2007-03-23,-67.42,150.75,b17a,1963.84
2007-03-24,-67.42,150.75,b17a,2055.44
2007-03-25,-67.42,150.75,b17a,2144.4
2007-03-26,-67.413,150.749,b17a,2226.76
2007-03-27,-67.396,150.746,b17a,2304.76
2007-03-28,-67.412,150.772,b17a,2367.67
2007-03-29,-67.399,150.77,b17a,2425.54
2007-03-30,-67.384,150.77,b17a,2459.42
2007-03-31,-67.367,150.772,b17a,2506.12
2007-04-01,-67.352,150.778,b17a,2526.11
2007-04-02,-67.339,150.785,b17a,2541.65
2007-04-03,-67.329,150.794,b17a,2546.54
2007-04-04,-67.322,150.802,b17a,2548.84
2007-04-05,-67.321,150.808,b17a,2549.97
2007-04-06,-67.323,150.812,b17a,2550.11
2007-04-07,-67.324,150.814,b17a,2550.31
2007-04-08,-67.325,150.816,b17a,2550.08
2007-04-09,-67.325,150.816,b17a,2550.33
2007-04-10,-67.325,150.816,b17a,2549.97
2007-04-11,-67.325,150.816,b17a,2548.88
2007-04-12,-67.325,150.816,b17a,2546.82
2007-04-13,-67.325,150.816,b17a,2544.8
2007-04-14,-67.325,150.816,b17a,2529.59
2007-04-15,-67.325,150.816,b17a,2513.1
2007-04-16,-67.32,150.77,b17a,2477.31
2007-04-17,-67.32,150.77,b17a,2440.95
2007-04-18,-67.32,150.77,b17a,2386.79
2007-04-19,-67.32,150.77,b17a,2331.61
2007-04-20,-67.32,150.77,b17a,2261.17
2007-04-21,-67.32,150.77,b17a,2188.91
2007-04-22,-67.32,150.77,b17a,2104.21
2007-04-23,-67.313,150.771,b17a,2016.24
2007-04-24,-67.296,150.772,b17a,1934.89
2007-04-25,-67.273,150.774,b17a,1840.5
2007-04-26,-67.247,150.776,b17a,1768.51
2007-04-27,-67.224,150.778,b17a,1700.8
2007-04-28,-67.207,150.779,b17a,1642.32
2007-04-29,-67.2,150.78,b17a,1585.22
2007-04-30,-67.2,150.78,b17a,1537.4
2007-05-01,-67.2,150.78,b17a,1491.01
2007-05-02,-67.2,150.78,b17a,1454.04
2007-05-03,-67.2,150.78,b17a,1418.59
2007-05-04,-67.2,150.78,b17a,1392.82
2007-05-05,-67.2,150.78,b17a,1369.07
2007-05-06,-67.2,150.78,b17a,1347.87
2007-05-07,-67.2,150.78,b17a,1328.54
2007-05-08,-67.2,150.78,b17a,1310.87
2007-05-09,-67.2,150.78,b17a,1306.87
2007-05-10,-67.2,150.78,b17a,1303.84
2007-05-11,-67.2,150.78,b17a,1314.03
2007-05-12,-67.2,150.78,b17a,1324.92
2007-05-13,-67.2,150.78,b17a,1348.62
2007-05-14,-67.199,150.778,b17a,1372.76
2007-05-15,-67.196,150.774,b17a,1409.55
2007-05-16,-67.192,150.768,b17a,1450.58
2007-05-17,-67.188,150.762,b17a,1504.53
2007-05-18,-67.184,150.756,b17a,1565.45
2007-05-19,-67.181,150.752,b17a,1631.28
2007-05-20,-67.18,150.75,b17a,1682.38
2007-05-21,-67.18,150.75,b17a,1736.16
2007-05-22,-67.18,150.75,b17a,1791.42
2007-05-23,-67.18,150.75,b17a,1828.27
2007-05-24,-67.18,150.75,b17a,1862.99
2007-05-25,-67.18,150.75,b17a,1885.69
2007-05-26,-67.18,150.75,b17a,1898.41
2007-05-27,-67.18,150.75,b17a,1909.03
2007-06-05,-67.329,150.861,b17a,1914.87
2007-06-06,-67.329,150.861,b17a,1910.64
2007-06-07,-67.329,150.861,b17a,1899.53
2007-06-08,-67.329,150.861,b17a,1887.15
2007-06-09,-67.329,150.861,b17a,1873.66
2007-06-10,-67.255,150.806,b17a,1859.26
2007-06-11,-67.255,150.806,b17a,1844.31
2007-06-12,-67.255,150.806,b17a,1823.24
2007-06-13,-67.255,150.806,b17a,1807.82
2007-06-14,-67.255,150.806,b17a,1786.06
2007-06-15,-67.201,150.733,b17a,1763.22
2007-06-16,-67.201,150.733,b17a,1742.38
2007-06-17,-67.201,150.733,b17a,1722.88
2007-06-18,-67.201,150.733,b17a,1700.87
2007-06-19,-67.201,150.733,b17a,1678.13
2007-06-20,-67.201,150.733,b17a,1650.62
2007-06-21,-67.201,150.733,b17a,1623.08
2007-06-22,-67.201,150.733,b17a,1605.64
2007-06-23,-67.201,150.733,b17a,1578.61
2007-06-24,-67.201,150.733,b17a,1546.42
2007-06-25,-67.201,150.733,b17a,1524.43
2007-06-26,-67.201,150.733,b17a,1501.69
2007-06-27,-67.201,150.733,b17a,1481.59
2007-06-28,-67.201,150.733,b17a,1469.15
2007-06-29,-67.201,150.733,b17a,1449.43
2007-06-30,-67.153,150.779,b17a,1432.43
2007-07-01,-67.153,150.779,b17a,1416.04
2007-07-02,-67.151,150.779,b17a,1404.9
2007-07-03,-67.143,150.777,b17a,1393.75
2007-07-04,-67.133,150.776,b17a,1384.26
2007-07-05,-67.12,150.773,b17a,1373.92
2007-07-06,-67.108,150.771,b17a,1363.19
2007-07-07,-67.097,150.767,b17a,1358.92
2007-07-08,-67.088,150.764,b17a,1349.06
2007-07-09,-67.02,150.816,b17a,1346.35
2007-07-10,-67.015,150.806,b17a,1345.09
2007-07-11,-67.01,150.795,b17a,1343.24
2007-07-12,-67.005,150.782,b17a,1339.37
2007-07-13,-67.0,150.77,b17a,1337.07
2007-07-14,-66.96,150.66,b17a,1335.34
2007-07-15,-66.956,150.653,b17a,1333.79
2007-07-16,-66.952,150.648,b17a,1331.91
2007-07-17,-66.949,150.645,b17a,1330.88
2007-07-18,-66.946,150.642,b17a,1330.08
2007-07-19,-66.943,150.639,b17a,1327.13
2007-07-20,-66.939,150.636,b17a,1324.58
2007-07-21,-66.935,150.633,b17a,1323.34
2007-07-22,-66.931,150.628,b17a,1321.98
2007-07-23,-66.923,150.619,b17a,1320.73
2007-07-24,-66.913,150.604,b17a,1319.67
2007-07-25,-66.849,150.487,b17a,1318.12
2007-07-26,-66.837,150.469,b17a,1317.74
2007-07-27,-66.826,150.453,b17a,1318.69
2007-07-28,-66.818,150.442,b17a,1317.69
2007-07-29,-66.764,150.444,b17a,1314.3
2007-07-30,-66.764,150.444,b17a,1313.42
2007-07-31,-66.764,150.444,b17a,1317.13
2007-08-01,-66.764,150.444,b17a,1317.09
2007-08-02,-66.764,150.444,b17a,1314.61
2007-08-03,-66.764,150.444,b17a,1311.6
2007-08-04,-66.764,150.444,b17a,1308.66
2007-08-05,-66.764,150.444,b17a,1304.62
2007-08-06,-66.763,150.444,b17a,1301.45
2007-08-07,-66.761,150.442,b17a,1297.22
2007-08-08,-66.758,150.441,b17a,1292.82
2007-08-09,-66.754,150.438,b17a,1288.17
2007-08-10,-66.749,150.436,b17a,1282.82
2007-08-11,-66.744,150.432,b17a,1276.64
2007-08-12,-66.739,150.429,b17a,1270.44
2007-08-13,-66.733,150.423,b17a,1265.88
2007-08-14,-66.726,150.413,b17a,1260.1
2007-08-15,-66.69,150.321,b17a,1253.68
2007-08-16,-66.681,150.307,b17a,1246.72
2007-08-17,-66.67,150.294,b17a,1240.4
2007-08-18,-66.659,150.282,b17a,1233.2
2007-08-19,-66.647,150.275,b17a,1225.87
2007-08-20,-66.633,150.27,b17a,1217.12
2007-08-21,-66.555,150.226,b17a,1207.28
2007-08-22,-66.537,150.223,b17a,1199.13
2007-08-23,-66.518,150.221,b17a,1192.24
2007-08-24,-66.431,150.171,b17a,1184.42
2007-08-25,-66.413,150.168,b17a,1171.9
2007-08-26,-66.397,150.163,b17a,1161.85
2007-08-27,-66.383,150.158,b17a,1153.83
2007-08-28,-66.37,150.152,b17a,1144.17
2007-08-29,-66.357,150.145,b17a,1134.26
2007-08-30,-66.3,150.136,b17a,1124.61
2007-08-31,-66.254,150.074,b17a,1118.08
2007-09-01,-66.242,150.063,b17a,1108.27
2007-09-02,-66.228,150.049,b17a,1099.75
2007-09-03,-66.213,150.026,b17a,1090.68
2007-09-04,-66.196,149.99,b17a,1082.97
2007-09-05,-66.119,149.884,b17a,1077.46
2007-09-06,-66.102,149.83,b17a,1072.85
2007-09-07,-66.036,149.703,b17a,1067.1
2007-09-08,-65.997,149.537,b17a,1061.1
2007-09-09,-65.985,149.481,b17a,1057.57
2007-09-10,-65.977,149.431,b17a,1054.01
2007-09-11,-65.951,149.183,b17a,1051.23
2007-09-12,-65.973,148.932,b17a,1049.82
2007-09-13,-65.94,148.721,b17a,1049.38
2007-09-14,-65.92,148.499,b17a,1047.17
2007-09-15,-65.863,148.566,b17a,1044.37
2007-09-16,-65.863,148.566,b17a,1043.03
2007-09-17,-65.83,148.47,b17a,1040.47
2007-09-18,-65.801,148.253,b17a,1037.67
2007-09-19,-65.809,147.959,b17a,1035.61
2007-09-20,-65.853,147.578,b17a,1034.8
2007-09-21,-65.851,147.269,b17a,1036.02
2007-09-22,-65.805,147.206,b17a,1038.43
2007-09-23,-65.768,147.15,b17a,1039.57
2007-09-24,-65.739,147.082,b17a,1040.98
2007-09-25,-65.74,146.995,b17a,1039.51
2007-09-26,-65.74,146.995,b17a,1041.66
2007-09-27,-65.74,146.995,b17a,1042.75
2007-09-28,-65.74,146.995,b17a,1045.19
2007-09-29,-65.712,146.895,b17a,1047.04
2007-09-30,-65.681,146.788,b17a,1046.98
2007-10-01,-65.657,146.657,b17a,1045.37
2007-10-02,-65.653,146.492,b17a,1044.23
2007-10-03,-65.655,146.35,b17a,1043.08
2007-10-04,-65.693,146.103,b17a,1039.67
2007-10-05,-65.735,145.852,b17a,1036.97
2007-10-06,-65.767,145.635,b17a,1032.93
2007-10-07,-65.785,145.478,b17a,1028.28
2007-10-08,-65.798,145.264,b17a,1023.29
2007-10-09,-65.805,145.057,b17a,1020.9
2007-10-10,-65.803,144.942,b17a,1019.29
2007-10-11,-65.788,144.853,b17a,1015.59
2007-10-12,-65.782,144.803,b17a,1012.52
2007-10-13,-65.775,144.77,b17a,1010.65
2007-10-14,-65.755,144.69,b17a,1007.14
2007-10-15,-65.747,144.713,b17a,1004.39
2007-10-16,-65.724,144.709,b17a,999.86
2007-10-17,-65.712,144.705,b17a,995.11
2007-10-18,-65.695,144.738,b17a,991.46
2007-10-19,-65.676,144.769,b17a,987.88
2007-10-20,-65.657,144.767,b17a,984.2
2007-10-21,-65.638,144.716,b17a,980.51
2007-10-22,-65.625,144.587,b17a,976.82
2007-10-23,-65.634,144.284,b17a,972.95
2007-10-24,-65.644,143.921,b17a,968.86
2007-10-25,-65.654,143.533,b17a,964.81
2007-10-26,-65.657,143.166,b17a,960.0
2007-10-27,-65.656,142.86,b17a,957.46
2007-10-28,-65.647,142.639,b17a,953.05
2007-10-29,-65.653,142.508,b17a,949.18
2007-10-30,-65.68,142.37,b17a,945.43
2007-10-31,-65.696,142.126,b17a,941.43
2007-11-01,-65.694,142.108,b17a,935.19
2007-11-02,-65.692,142.094,b17a,932.21
2007-11-03,-65.69,142.086,b17a,926.41
2007-11-04,-65.69,142.083,b17a,922.48
2007-11-05,-65.662,142.07,b17a,918.81
2007-11-06,-65.694,142.072,b17a,912.29
2007-11-07,-65.699,142.076,b17a,905.59
2007-11-08,-65.705,142.08,b17a,901.6
2007-11-09,-65.71,142.084,b17a,896.17
2007-11-10,-65.714,142.087,b17a,889.76
2007-11-11,-65.716,142.088,b17a,883.83
2007-11-12,-65.696,142.066,b17a,879.59
2007-11-13,-65.696,142.066,b17a,875.27
2007-11-14,-65.739,142.329,b17a,870.63
2007-11-15,-65.739,142.329,b17a,866.28
2007-11-16,-65.739,142.329,b17a,862.2
2007-11-17,-65.703,142.127,b17a,858.29
2007-11-18,-65.703,142.127,b17a,854.63
2007-11-19,-65.703,142.127,b17a,851.17
2007-11-20,-65.703,142.127,b17a,848.82
2007-11-21,-65.734,141.986,b17a,845.74
2007-11-22,-65.734,141.986,b17a,844.78
2007-11-23,-65.734,141.986,b17a,843.46
2007-11-24,-65.699,142.054,b17a,843.39
2007-11-25,-65.69,141.952,b17a,845.51
2007-11-26,-65.686,141.95,b17a,846.99
2007-11-27,-65.68,141.948,b17a,847.25
2007-11-28,-65.643,141.862,b17a,850.07
2007-11-29,-65.636,141.861,b17a,849.53
2007-11-30,-65.623,141.8,b17a,849.62
2007-12-01,-65.617,141.799,b17a,852.83
2007-12-02,-65.612,141.799,b17a,856.39
2007-12-03,-65.608,141.8,b17a,858.86
2007-12-04,-65.603,141.803,b17a,861.0
2007-12-05,-65.599,141.807,b17a,869.54
2007-12-06,-65.57,141.877,b17a,881.11
2007-12-07,-65.567,141.881,b17a,885.91
2007-12-08,-65.564,141.884,b17a,891.34
2007-12-09,-65.562,141.885,b17a,895.89
2007-12-10,-65.56,141.876,b17a,905.18
2007-12-11,-65.559,141.853,b17a,919.64
2007-12-12,-65.557,141.822,b17a,927.04
2007-12-13,-65.556,141.788,b17a,938.1
2007-12-14,-65.524,141.736,b17a,946.81
2007-12-15,-65.523,141.713,b17a,953.91
2007-12-16,-65.521,141.704,b17a,964.49
2007-12-17,-65.514,141.605,b17a,975.67
2007-12-18,-65.51,141.605,b17a,985.16
2007-12-19,-65.505,141.605,b17a,993.3
2007-12-20,-65.501,141.605,b17a,999.55
2007-12-21,-65.497,141.605,b17a,1008.86
2007-12-22,-65.493,141.605,b17a,1016.3
2007-12-23,-65.491,141.602,b17a,1023.91
2007-12-24,-65.488,141.592,b17a,1031.49
2007-12-25,-65.484,141.574,b17a,1039.46
2007-12-26,-65.479,141.549,b17a,1047.87
2007-12-27,-65.475,141.52,b17a,1055.43
2007-12-28,-65.469,141.488,b17a,1062.19
2007-12-29,-65.464,141.453,b17a,1068.31
2007-12-30,-65.46,141.418,b17a,1069.95
2007-12-31,-65.456,141.383,b17a,1068.39
2008-01-01,-65.451,141.336,b17a,1071.72
2008-01-02,-65.45,141.31,b17a,1075.32
2008-01-03,-65.448,141.273,b17a,1079.8
2008-01-04,-65.445,141.22,b17a,1078.36
2008-01-05,-65.415,141.087,b17a,1071.17
2008-01-06,-65.412,141.045,b17a,1070.89
2008-01-07,-65.411,141.014,b17a,1066.32
2008-01-08,-65.412,140.856,b17a,1063.93
2008-01-09,-65.41,140.828,b17a,1062.84
2008-01-10,-65.409,140.803,b17a,1057.73
2008-01-11,-65.407,140.784,b17a,1051.9
2008-01-12,-65.407,140.771,b17a,1047.48
2008-01-13,-65.413,140.696,b17a,1042.36
2008-01-14,-65.414,140.706,b17a,1037.16
2008-01-15,-65.416,140.733,b17a,1032.64
2008-01-16,-65.437,140.707,b17a,1027.92
2008-01-17,-65.441,140.746,b17a,1022.87
2008-01-18,-65.445,140.782,b17a,1018.22
2008-01-19,-65.448,140.874,b17a,1012.01
2008-01-20,-65.45,140.884,b17a,1005.95
2008-01-21,-65.447,140.963,b17a,999.25
2008-01-22,-65.447,140.906,b17a,993.16
2008-01-23,-65.448,140.827,b17a,988.78
2008-01-24,-65.433,140.67,b17a,983.25
2008-01-25,-65.434,140.59,b17a,978.64
2008-01-26,-65.446,140.463,b17a,974.17
2008-01-27,-65.468,140.313,b17a,968.79
2008-01-28,-65.481,140.242,b17a,963.7
2008-01-29,-65.483,140.24,b17a,959.1
2008-01-30,-65.485,140.238,b17a,954.88
2008-01-31,-65.475,140.124,b17a,950.51
2008-02-01,-65.476,140.123,b17a,946.38
2008-02-02,-65.477,140.121,b17a,942.01
2008-02-03,-65.478,140.118,b17a,937.45
2008-02-04,-65.477,140.112,b17a,933.22
2008-02-05,-65.476,140.103,b17a,929.59
2008-02-06,-65.474,140.092,b17a,925.81
2008-02-07,-65.471,140.079,b17a,923.67
2008-02-08,-65.475,140.011,b17a,922.23
2008-02-09,-65.472,139.998,b17a,920.51
2008-02-10,-65.469,139.988,b17a,918.92
2008-02-11,-65.467,139.979,b17a,917.64
2008-02-12,-65.465,139.972,b17a,916.8
2008-02-13,-65.462,139.966,b17a,917.54
2008-02-14,-65.46,139.959,b17a,918.44
2008-02-15,-65.457,139.951,b17a,919.65
2008-02-16,-65.453,139.941,b17a,921.3
2008-02-17,-65.437,139.955,b17a,922.98
2008-02-18,-65.416,139.86,b17a,925.06
2008-02-19,-65.397,139.741,b17a,927.0
2008-02-20,-65.361,139.602,b17a,930.09
2008-02-21,-65.351,139.525,b17a,933.24
2008-02-22,-65.323,139.374,b17a,936.91
2008-02-23,-65.32,139.194,b17a,941.13
2008-02-24,-65.314,139.06,b17a,945.55
2008-02-25,-65.311,138.992,b17a,950.21
2008-02-26,-65.31,138.922,b17a,955.34
2008-02-27,-65.312,138.755,b17a,961.2
2008-02-28,-65.311,138.685,b17a,967.89
2008-02-29,-65.297,138.567,b17a,974.34
2008-03-01,-65.295,138.443,b17a,979.81
2008-03-02,-65.296,138.279,b17a,985.32
2008-03-03,-65.282,138.164,b17a,990.41
2008-03-04,-65.264,138.025,b17a,994.79
2008-03-05,-65.267,137.842,b17a,998.71
2008-03-06,-65.248,137.683,b17a,1002.59
2008-03-07,-65.232,137.568,b17a,1007.0
2008-03-08,-65.221,137.513,b17a,1011.06
2008-03-09,-65.209,137.396,b17a,1014.36
2008-03-10,-65.189,137.259,b17a,1018.58
2008-03-11,-65.165,137.129,b17a,1020.84
2008-03-12,-65.145,136.988,b17a,1021.04
2008-03-13,-65.113,136.799,b17a,1019.21
2008-03-14,-65.072,136.622,b17a,1017.07
2008-03-15,-65.044,136.523,b17a,1014.55
2008-03-16,-64.989,136.328,b17a,1010.68
2008-03-17,-64.937,136.033,b17a,1006.3
2008-03-18,-64.891,135.739,b17a,1003.46
2008-03-19,-64.837,135.371,b17a,998.68
2008-03-20,-64.783,134.832,b17a,993.43
2008-03-21,-64.722,134.495,b17a,988.46
2008-03-22,-64.673,134.265,b17a,983.24
2008-03-23,-64.619,134.063,b17a,977.31
2008-03-24,-64.6,133.865,b17a,971.06
2008-03-25,-64.592,133.724,b17a,964.92
2008-03-26,-64.591,133.686,b17a,959.12
2008-03-27,-64.578,133.582,b17a,953.5
2008-03-28,-64.573,133.442,b17a,947.5
2008-03-29,-64.571,133.342,b17a,941.69
2008-03-30,-64.565,133.24,b17a,935.75
2008-03-31,-64.554,133.117,b17a,929.89
2008-04-01,-64.548,132.914,b17a,923.69
2008-04-02,-64.552,132.8,b17a,917.63
2008-04-03,-64.527,132.7,b17a,911.98
2008-04-04,-64.514,132.559,b17a,904.91
2008-04-05,-64.507,132.457,b17a,900.66
2008-04-06,-64.505,132.407,b17a,897.45
2008-04-07,-64.499,132.295,b17a,896.23
2008-04-08,-64.539,132.184,b17a,895.15
2008-04-09,-64.56,132.151,b17a,894.4
2008-04-10,-64.6,132.014,b17a,895.81
2008-04-11,-64.633,131.95,b17a,896.05
2008-04-12,-64.696,131.89,b17a,894.36
2008-04-13,-64.709,131.871,b17a,895.75
2008-04-14,-64.74,131.829,b17a,897.23
2008-04-15,-64.748,131.818,b17a,897.69
2008-04-16,-64.775,131.825,b17a,899.21
2008-04-17,-64.781,131.816,b17a,901.58
2008-04-18,-64.786,131.806,b17a,903.42
2008-04-19,-64.79,131.793,b17a,905.74
2008-04-20,-64.818,131.685,b17a,908.09
2008-04-21,-64.833,131.62,b17a,910.41
2008-04-22,-64.834,131.564,b17a,912.67
2008-04-23,-64.822,131.434,b17a,919.85
2008-04-24,-64.833,131.274,b17a,924.71
2008-04-25,-64.834,131.184,b17a,929.21
2008-04-26,-64.816,130.946,b17a,935.7
2008-04-27,-64.834,130.737,b17a,945.07
2008-04-28,-64.869,130.611,b17a,949.13
2008-04-29,-64.875,130.506,b17a,952.48
2008-04-30,-64.884,130.396,b17a,953.45
2008-05-01,-64.901,130.26,b17a,956.36
2008-05-02,-64.924,130.095,b17a,957.97
2008-05-03,-64.951,129.905,b17a,959.9
2008-05-04,-64.981,129.697,b17a,961.77
2008-05-05,-65.017,129.464,b17a,962.2
2008-05-06,-65.084,129.173,b17a,962.05
2008-05-07,-65.117,128.884,b17a,961.48
2008-05-08,-65.182,128.606,b17a,959.55
2008-05-09,-65.218,128.23,b17a,958.29
2008-05-10,-65.23,128.045,b17a,957.36
2008-05-11,-65.275,127.827,b17a,955.05
2008-05-12,-65.29,127.621,b17a,951.89
2008-05-13,-65.311,127.504,b17a,949.33
2008-05-14,-65.317,127.451,b17a,946.1
2008-05-15,-65.335,127.14,b17a,942.71
2008-05-16,-65.355,127.024,b17a,939.26
2008-05-17,-65.357,127.001,b17a,935.72
2008-05-18,-65.358,126.993,b17a,927.1
2008-05-19,-65.357,126.993,b17a,920.52
2008-05-20,-65.355,126.995,b17a,914.13
2008-05-21,-65.352,126.997,b17a,905.5
2008-05-22,-65.349,126.999,b17a,893.6
2008-05-23,-65.346,127.001,b17a,886.85
2008-05-24,-65.343,127.002,b17a,880.94
2008-05-25,-65.343,127.003,b17a,876.36
2008-05-26,-65.343,127.003,b17a,870.38
2008-05-27,-65.343,127.003,b17a,865.07
2008-05-28,-65.343,127.003,b17a,859.01
2008-05-29,-65.343,127.003,b17a,852.88
2008-05-30,-65.343,127.003,b17a,846.41
2008-05-31,-65.343,127.003,b17a,842.01
2008-06-01,-65.343,127.003,b17a,838.22
2008-06-02,-65.343,127.003,b17a,834.39
2008-06-03,-65.343,127.003,b17a,830.06
2008-06-04,-65.343,127.003,b17a,826.02
2008-06-05,-65.343,127.003,b17a,822.41
2008-06-06,-65.343,127.003,b17a,819.01
2008-06-07,-65.343,127.003,b17a,815.4
2008-06-08,-65.343,127.003,b17a,811.81
2008-06-09,-65.343,127.003,b17a,808.49
2008-06-10,-65.343,127.003,b17a,804.55
2008-06-11,-65.343,127.003,b17a,801.5
2008-06-12,-65.343,127.003,b17a,798.52
2008-06-13,-65.343,127.003,b17a,795.0
2008-06-14,-65.343,127.003,b17a,791.78
2008-06-15,-65.343,127.003,b17a,788.99
2008-06-16,-65.343,127.006,b17a,786.67
2008-06-17,-65.343,127.013,b17a,784.38
2008-06-18,-65.343,127.023,b17a,781.91
2008-06-19,-65.343,127.033,b17a,779.44
2008-06-20,-65.343,127.043,b17a,776.96
2008-06-21,-65.343,127.05,b17a,775.12
2008-06-22,-65.343,127.053,b17a,774.11
2008-06-23,-65.343,127.05,b17a,773.5
2008-06-24,-65.343,127.041,b17a,773.08
2008-06-25,-65.343,127.029,b17a,773.5
2008-06-26,-65.343,127.017,b17a,773.33
2008-06-27,-65.343,127.005,b17a,773.29
2008-06-28,-65.343,126.996,b17a,773.3
2008-06-29,-65.343,126.993,b17a,772.89
2008-06-30,-65.343,126.993,b17a,772.85
2008-07-01,-65.343,126.993,b17a,773.49
2008-07-02,-65.343,126.993,b17a,773.26
2008-07-03,-65.343,126.993,b17a,774.0
2008-07-04,-65.343,126.993,b17a,774.48
2008-07-05,-65.343,126.993,b17a,775.85
2008-07-06,-65.343,126.993,b17a,776.05
2008-07-07,-65.343,126.994,b17a,776.05
2008-07-08,-65.345,126.998,b17a,776.85
2008-07-09,-65.347,127.003,b17a,776.99
2008-07-10,-65.349,127.008,b17a,776.97
2008-07-11,-65.351,127.013,b17a,776.84
2008-07-12,-65.352,127.017,b17a,776.83
2008-07-13,-65.353,127.018,b17a,777.09
2008-07-14,-65.352,127.016,b17a,777.44
2008-07-15,-65.351,127.011,b17a,777.76
2008-07-16,-65.349,127.004,b17a,778.14
2008-07-17,-65.333,127.041,b17a,778.12
2008-07-18,-65.331,127.034,b17a,777.73
2008-07-19,-65.33,127.029,b17a,777.53
2008-07-20,-65.329,127.027,b17a,776.53
2008-07-21,-65.331,127.028,b17a,776.1
2008-07-22,-65.334,127.032,b17a,775.81
2008-07-23,-65.339,127.037,b17a,775.58
2008-07-24,-65.345,127.042,b17a,775.98
2008-07-25,-65.349,127.047,b17a,776.05
2008-07-26,-65.353,127.05,b17a,775.45
2008-07-27,-65.354,127.052,b17a,776.17
2008-07-28,-65.354,127.052,b17a,776.31
2008-07-29,-65.354,127.052,b17a,776.96
2008-07-30,-65.354,127.052,b17a,777.49
2008-07-31,-65.354,127.052,b17a,779.09
2008-08-01,-65.354,127.052,b17a,781.12
2008-08-02,-65.354,127.052,b17a,783.33
2008-08-03,-65.354,127.052,b17a,786.25
2008-08-04,-65.353,127.051,b17a,789.06
2008-08-05,-65.349,127.049,b17a,791.97
2008-08-06,-65.345,127.046,b17a,795.36
2008-08-07,-65.339,127.043,b17a,799.61
2008-08-08,-65.334,127.04,b17a,803.93
2008-08-09,-65.331,127.038,b17a,808.38
2008-08-10,-65.329,127.037,b17a,814.83
2008-08-11,-65.329,127.039,b17a,821.6
2008-08-12,-65.329,127.045,b17a,827.81
2008-08-13,-65.329,127.053,b17a,833.91
2008-08-14,-65.329,127.061,b17a,840.27
2008-08-15,-65.329,127.069,b17a,846.54
2008-08-16,-65.329,127.075,b17a,852.71
2008-08-17,-65.329,127.077,b17a,858.55
2008-08-18,-65.329,127.076,b17a,864.11
2008-08-19,-65.327,127.072,b17a,869.87
2008-08-20,-65.325,127.067,b17a,875.35
2008-08-21,-65.323,127.062,b17a,880.28
2008-08-22,-65.321,127.057,b17a,885.52
2008-08-23,-65.32,127.053,b17a,890.12
2008-08-24,-65.319,127.052,b17a,894.59
2008-08-25,-65.322,127.052,b17a,898.28
2008-08-26,-65.328,127.052,b17a,901.79
2008-08-27,-65.337,127.052,b17a,904.64
2008-08-28,-65.347,127.052,b17a,906.37
2008-08-29,-65.355,127.052,b17a,907.53
2008-08-30,-65.362,127.052,b17a,909.06
2008-08-31,-65.364,127.052,b17a,909.95
2008-09-01,-65.363,127.051,b17a,909.58
2008-09-02,-65.359,127.049,b17a,908.68
2008-09-03,-65.355,127.046,b17a,906.59
2008-09-04,-65.349,127.043,b17a,901.99
2008-09-05,-65.344,127.04,b17a,897.55
2008-09-06,-65.341,127.038,b17a,893.72
2008-09-07,-65.339,127.037,b17a,889.49
2008-09-08,-65.339,127.037,b17a,884.96
2008-09-09,-65.339,127.037,b17a,880.39
2008-09-10,-65.339,127.037,b17a,875.6
2008-09-11,-65.339,127.037,b17a,871.27
2008-09-12,-65.339,127.037,b17a,867.03
2008-09-13,-65.339,127.037,b17a,862.25
2008-09-14,-65.339,127.037,b17a,857.42
2008-09-15,-65.339,127.037,b17a,852.79
2008-09-16,-65.339,127.037,b17a,847.64
2008-09-17,-65.339,127.037,b17a,843.12
2008-09-18,-65.339,127.037,b17a,838.77
2008-09-19,-65.339,127.037,b17a,834.5
2008-09-20,-65.339,127.037,b17a,830.18
2008-09-21,-65.339,127.037,b17a,826.43
2008-09-22,-65.339,127.037,b17a,823.59
2008-09-23,-65.339,127.037,b17a,821.12
2008-09-24,-65.339,127.037,b17a,818.34
2008-09-25,-65.339,127.037,b17a,815.64
2008-09-26,-65.339,127.037,b17a,813.3
2008-09-27,-65.339,127.037,b17a,811.32
2008-09-28,-65.339,127.037,b17a,810.42
2008-09-29,-65.338,127.037,b17a,810.03
2008-09-30,-65.335,127.038,b17a,809.14
2008-10-01,-65.332,127.039,b17a,808.25
2008-10-02,-65.327,127.041,b17a,807.74
2008-10-03,-65.323,127.043,b17a,807.26
2008-10-04,-65.32,127.045,b17a,807.04
2008-10-05,-65.319,127.047,b17a,806.51
2008-10-06,-65.345,127.051,b17a,805.8
2008-10-07,-65.413,127.057,b17a,805.38
2008-10-08,-65.504,127.065,b17a,804.24
2008-10-09,-65.604,127.073,b17a,803.57
2008-10-10,-65.696,127.08,b17a,802.98
2008-10-11,-65.763,127.085,b17a,802.85
2008-10-12,-65.789,127.087,b17a,802.01
2008-10-13,-65.736,127.082,b17a,801.15
2008-10-14,-65.663,127.076,b17a,800.44
2008-10-15,-65.556,127.115,b17a,799.62
2008-10-16,-65.446,127.104,b17a,799.13
2008-10-17,-65.328,127.165,b17a,798.84
2008-10-18,-65.265,127.171,b17a,798.46
2008-10-19,-65.233,127.158,b17a,798.05
2008-10-20,-65.239,127.291,b17a,798.91
2008-10-21,-65.246,127.028,b17a,800.71
2008-10-22,-65.246,127.028,b17a,803.2
2008-10-23,-65.246,127.028,b17a,805.89
2008-10-24,-65.246,127.028,b17a,809.01
2008-10-25,-65.208,126.912,b17a,810.75
2008-10-26,-65.194,126.766,b17a,814.53
2008-10-27,-65.151,126.665,b17a,818.71
2008-10-28,-65.121,126.402,b17a,822.78
2008-10-29,-65.107,126.053,b17a,826.7
2008-10-30,-65.104,125.915,b17a,831.06
2008-10-31,-65.117,125.672,b17a,835.51
2008-11-01,-65.115,125.351,b17a,839.82
2008-11-02,-65.138,125.8,b17a,845.38
2008-11-03,-65.127,125.604,b17a,850.86
2008-11-04,-65.119,125.319,b17a,856.53
2008-11-05,-65.097,124.938,b17a,862.06
2008-11-06,-65.1,124.548,b17a,868.16
2008-11-07,-65.102,124.215,b17a,874.17
2008-11-08,-65.118,123.955,b17a,880.22
2008-11-09,-65.158,123.776,b17a,886.52
2008-11-10,-65.21,123.748,b17a,892.57
2008-11-11,-65.27,123.674,b17a,898.48
2008-11-12,-65.32,123.618,b17a,905.44
2008-11-13,-65.367,123.56,b17a,911.57
2008-11-14,-65.405,123.523,b17a,916.53
2008-11-15,-65.419,123.542,b17a,920.78
2008-11-16,-65.428,123.557,b17a,924.45
2008-11-17,-65.429,123.484,b17a,928.13
2008-11-18,-65.429,123.484,b17a,931.31
2008-11-19,-65.429,123.484,b17a,936.09
2008-11-20,-65.429,123.484,b17a,938.92
2008-11-21,-65.429,123.484,b17a,941.2
2008-11-22,-65.429,123.484,b17a,943.55
2008-11-23,-65.448,123.732,b17a,946.06
2008-11-24,-65.421,123.856,b17a,948.67
2008-11-25,-65.431,123.954,b17a,951.08
2008-11-26,-65.408,124.06,b17a,953.58
2008-11-27,-65.356,124.175,b17a,955.97
2008-11-28,-65.304,124.266,b17a,958.16
2008-11-29,-65.28,124.303,b17a,960.33
2008-11-30,-65.28,124.466,b17a,962.06
2008-12-01,-65.282,124.501,b17a,963.45
2008-12-02,-65.249,124.611,b17a,964.69
2008-12-03,-65.256,124.647,b17a,965.74
2008-12-04,-65.298,124.76,b17a,966.73
2008-12-05,-65.305,124.788,b17a,967.92
2008-12-06,-65.307,124.74,b17a,968.77
2008-12-07,-65.309,124.747,b17a,968.63
2008-12-08,-65.281,124.727,b17a,968.75
2008-12-09,-65.247,124.659,b17a,969.73
2008-12-10,-65.229,124.567,b17a,969.74
2008-12-11,-65.172,124.514,b17a,969.99
2008-12-12,-65.128,124.453,b17a,969.78
2008-12-13,-65.096,124.393,b17a,969.35
2008-12-14,-65.061,124.333,b17a,968.74
2008-12-15,-65.266,124.155,b17a,967.53
2008-12-16,-65.2,124.298,b17a,966.51
2008-12-17,-65.2,124.298,b17a,966.78
2008-12-18,-65.147,124.227,b17a,964.73
2008-12-19,-65.147,124.227,b17a,962.45
2008-12-20,-65.11,124.02,b17a,961.39
2008-12-21,-65.052,123.759,b17a,961.43
2008-12-22,-65.052,123.759,b17a,959.46
2008-12-23,-64.912,123.84,b17a,960.18
2008-12-24,-64.912,123.84,b17a,956.97
2008-12-25,-65.064,123.36,b17a,958.8
2008-12-26,-65.064,123.36,b17a,963.71
2008-12-27,-65.106,123.256,b17a,967.54
2008-12-28,-65.106,123.256,b17a,966.66
2008-12-29,-65.106,123.256,b17a,965.95
2008-12-30,-65.106,123.256,b17a,972.31
2008-12-31,-65.118,123.342,b17a,973.93
2009-01-01,-65.122,123.254,b17a,974.93
2009-01-02,-65.144,123.211,b17a,976.5
2009-01-03,-65.138,123.201,b17a,977.84
2009-01-04,-65.096,123.201,b17a,980.31
2009-01-05,-65.109,123.135,b17a,983.34
2009-01-06,-65.117,123.168,b17a,972.01
2009-01-07,-65.13,123.144,b17a,994.17
2009-01-08,-65.138,123.178,b17a,999.19
2009-01-09,-65.137,123.176,b17a,1024.96
2009-01-10,-65.135,123.151,b17a,1047.53
2009-01-11,-65.142,123.163,b17a,1062.01
2009-01-12,-65.177,123.151,b17a,1078.01
2009-01-13,-65.19,123.037,b17a,1086.11
2009-01-14,-65.182,122.979,b17a,1097.19
2009-01-15,-65.223,123.053,b17a,1104.97
2009-01-16,-65.214,123.127,b17a,1115.46
2009-01-17,-65.314,122.975,b17a,1124.78
2009-01-18,-65.269,123.212,b17a,1138.29
2009-01-19,-65.269,123.212,b17a,1147.28
2009-01-20,-65.269,123.212,b17a,1153.16
2009-01-21,-65.258,123.153,b17a,1162.1
2009-01-22,-65.295,123.088,b17a,1174.75
2009-01-23,-65.204,122.924,b17a,1187.72
2009-01-24,-65.252,122.91,b17a,1195.31
2009-01-25,-65.309,122.909,b17a,1208.13
2009-01-26,-65.249,122.859,b17a,1226.92
2009-01-27,-65.208,122.72,b17a,1240.42
2009-01-28,-65.226,122.714,b17a,1253.13
2009-01-29,-65.234,122.647,b17a,1265.65
2009-01-30,-65.21,122.643,b17a,1276.44
2009-01-31,-65.236,122.552,b17a,1307.74
2009-02-01,-65.313,122.294,b17a,1301.28
2009-02-02,-65.362,122.265,b17a,1311.48
2009-02-03,-65.404,121.996,b17a,1299.11
2009-02-04,-65.455,121.74,b17a,1289.43
2009-02-05,-65.428,121.236,b17a,1285.54
2009-02-06,-65.436,121.09,b17a,1282.0
2009-02-07,-65.441,120.78,b17a,1286.77
2009-02-08,-65.444,120.39,b17a,1287.25
2009-02-09,-65.423,119.762,b17a,1289.85
2009-02-10,-65.465,119.61,b17a,1291.09
2009-02-11,-65.481,119.716,b17a,1290.85
2009-02-12,-65.413,119.348,b17a,1289.98
2009-02-13,-65.391,119.344,b17a,1287.99
2009-02-14,-65.323,119.295,b17a,1285.53
2009-02-15,-65.304,119.366,b17a,1276.73
2009-02-16,-65.234,119.316,b17a,1270.04
2009-02-17,-65.212,119.34,b17a,1262.51
2009-02-18,-65.25,119.359,b17a,1251.69
2009-02-19,-65.248,119.453,b17a,1241.01
2009-02-20,-65.246,119.557,b17a,1224.39
2009-02-21,-65.278,119.688,b17a,1213.14
2009-02-22,-65.256,119.723,b17a,1204.87
2009-02-23,-65.237,119.708,b17a,1193.18
2009-02-24,-65.216,119.734,b17a,1182.74
2009-02-25,-65.204,119.717,b17a,1166.34
2009-02-26,-65.241,119.875,b17a,1154.24
2009-02-27,-65.239,119.894,b17a,1142.62
2009-02-28,-65.231,120.032,b17a,1132.59
2009-03-01,-65.239,120.056,b17a,1123.35
2009-03-02,-65.188,120.092,b17a,1114.31
2009-03-03,-65.176,120.12,b17a,1106.0
2009-03-04,-65.122,120.142,b17a,1096.5
2009-03-05,-65.147,120.156,b17a,1087.64
2009-03-06,-65.072,120.117,b17a,1077.65
2009-03-07,-65.033,120.075,b17a,1067.49
2009-03-08,-65.039,119.998,b17a,1056.35
2009-03-09,-65.022,120.037,b17a,1045.83
2009-03-10,-64.972,120.013,b17a,1034.9
2009-03-11,-64.957,120.056,b17a,1024.69
2009-03-12,-64.959,120.016,b17a,1018.99
2009-03-13,-64.948,120.033,b17a,1011.77
2009-03-14,-64.92,120.08,b17a,1004.93
2009-03-15,-64.916,120.139,b17a,998.41
2009-03-16,-64.952,120.284,b17a,992.58
2009-03-17,-64.989,120.507,b17a,986.8
2009-03-18,-65.016,120.535,b17a,981.42
2009-03-19,-65.073,120.529,b17a,972.59
2009-03-20,-65.118,120.526,b17a,967.65
2009-03-21,-65.187,120.397,b17a,962.23
2009-03-22,-65.163,120.384,b17a,956.43
2009-03-23,-65.126,120.246,b17a,951.05
2009-03-24,-65.112,120.258,b17a,946.42
2009-03-25,-65.129,120.219,b17a,942.08
2009-03-26,-65.074,120.279,b17a,937.03
2009-03-27,-65.057,120.162,b17a,933.15
2009-03-28,-65.039,120.116,b17a,928.76
2009-03-29,-65.021,119.964,b17a,926.35
2009-03-30,-65.025,119.871,b17a,922.81
2009-03-31,-64.982,119.644,b17a,921.14
2009-04-01,-65.005,119.62,b17a,920.53
2009-04-02,-64.996,119.617,b17a,921.21
2009-04-03,-65.004,119.586,b17a,921.58
2009-04-04,-64.965,119.576,b17a,923.04
2009-04-05,-65.034,119.711,b17a,924.9
2009-04-06,-65.062,119.633,b17a,926.99
2009-04-07,-65.117,119.6,b17a,930.09
2009-04-08,-65.138,119.459,b17a,934.09
2009-04-09,-65.136,119.338,b17a,938.3
2009-04-10,-65.126,119.112,b17a,942.03
2009-04-11,-65.101,118.76,b17a,946.24
2009-04-12,-65.105,118.678,b17a,950.09
2009-04-13,-65.067,118.21,b17a,954.34
2009-04-14,-65.036,117.978,b17a,957.97
2009-04-15,-64.973,117.648,b17a,962.52
2009-04-16,-64.968,117.682,b17a,967.22
2009-04-17,-64.897,117.388,b17a,972.04
2009-04-18,-64.858,117.256,b17a,976.08
2009-04-19,-64.808,117.144,b17a,980.39
2009-04-20,-64.767,117.104,b17a,984.81
2009-04-21,-64.701,117.066,b17a,989.04
2009-04-22,-64.615,116.832,b17a,993.08
2009-04-23,-64.594,116.757,b17a,995.92
2009-04-24,-64.586,116.594,b17a,999.77
2009-04-25,-64.545,116.616,b17a,1002.0
2009-04-26,-64.511,116.417,b17a,1003.74
2009-04-27,-64.515,116.358,b17a,1005.22
2009-04-28,-64.469,116.276,b17a,1009.06
2009-04-29,-64.45,116.134,b17a,1012.36
2009-04-30,-64.443,116.154,b17a,1013.25
2009-05-01,-64.444,116.225,b17a,1013.88
2009-05-02,-64.384,116.089,b17a,1013.67
2009-05-03,-64.348,116.217,b17a,1011.81
2009-05-04,-64.329,116.048,b17a,1011.25
2009-05-05,-64.322,116.147,b17a,1010.02
2009-05-06,-64.279,116.08,b17a,1008.97
2009-05-07,-64.263,116.141,b17a,1007.85
2009-05-08,-64.228,116.162,b17a,1006.64
2009-05-09,-64.249,116.216,b17a,1005.69
2009-05-10,-64.248,116.176,b17a,1003.82
2009-05-11,-64.193,116.212,b17a,1001.79
2009-05-12,-64.184,116.282,b17a,999.02
2009-05-13,-64.151,116.354,b17a,998.14
2009-05-14,-64.125,116.227,b17a,994.74
2009-05-15,-64.111,116.17,b17a,993.34
2009-05-16,-64.122,116.163,b17a,991.22
2009-05-17,-64.183,116.163,b17a,988.64
2009-05-18,-64.123,116.163,b17a,988.63
2009-05-19,-64.124,115.998,b17a,986.7
2009-05-20,-64.078,115.935,b17a,986.94
2009-05-21,-64.089,115.947,b17a,987.21
2009-05-22,-64.034,115.866,b17a,987.53
2009-05-23,-63.992,115.83,b17a,984.63
2009-05-24,-63.987,115.805,b17a,982.7
2009-05-25,-63.987,115.805,b17a,982.3
2009-05-26,-63.976,115.675,b17a,983.38
2009-05-27,-64.01,115.418,b17a,983.76
2009-05-28,-64.047,115.435,b17a,984.38
2009-05-29,-64.09,115.511,b17a,984.85
2009-05-30,-64.113,115.488,b17a,984.13
2009-05-31,-64.113,115.488,b17a,983.26
2009-06-01,-64.113,115.439,b17a,981.65
2009-06-02,-64.13,115.329,b17a,979.69
2009-06-03,-64.155,115.208,b17a,975.52
2009-06-04,-64.128,115.148,b17a,972.67
2009-06-05,-64.128,115.148,b17a,969.4
2009-06-06,-64.128,115.148,b17a,966.13
2009-06-07,-64.174,115.059,b17a,956.97
2009-06-08,-64.2,114.998,b17a,958.65
2009-06-09,-64.2,114.998,b17a,948.22
2009-06-10,-64.296,114.746,b17a,942.76
2009-06-11,-64.327,114.569,b17a,931.38
2009-06-12,-64.366,114.49,b17a,916.44
2009-06-13,-64.421,114.36,b17a,909.81
2009-06-14,-64.513,114.158,b17a,893.87
2009-06-15,-64.55,114.016,b17a,880.7
2009-06-16,-64.51,113.904,b17a,866.74
2009-06-17,-64.552,113.71,b17a,853.75
2009-06-18,-64.514,113.572,b17a,835.87
2009-06-19,-64.496,113.454,b17a,819.71
2009-06-20,-64.495,113.433,b17a,805.56
2009-06-21,-64.54,113.193,b17a,793.01
2009-06-22,-64.486,112.941,b17a,772.22
2009-06-23,-64.512,112.848,b17a,760.46
2009-06-24,-64.564,112.858,b17a,738.38
2009-06-25,-64.536,112.684,b17a,716.4
2009-06-26,-64.599,112.538,b17a,694.23
2009-06-27,-64.614,112.433,b17a,671.91
2009-06-28,-64.676,112.297,b17a,650.64
2009-06-29,-64.722,112.241,b17a,627.42
2009-06-30,-64.791,111.913,b17a,604.13
2009-07-01,-64.838,111.894,b17a,580.43
2009-07-02,-64.958,111.751,b17a,559.85
2009-07-03,-65.034,111.435,b17a,530.34
2009-07-04,-65.007,111.267,b17a,506.46
2009-07-05,-65.033,111.132,b17a,480.96
2009-07-06,-65.002,111.043,b17a,461.6
2009-07-07,-64.983,110.76,b17a,442.07
2009-07-08,-65.013,110.696,b17a,415.5
2009-07-09,-65.038,110.482,b17a,395.46
2009-07-10,-65.112,110.162,b17a,372.55
2009-07-11,-65.145,109.891,b17a,349.67
2009-07-12,-65.197,109.894,b17a,324.59
2009-07-13,-65.242,109.461,b17a,305.17
2009-07-14,-65.279,109.27,b17a,284.35
2009-07-15,-65.364,109.044,b17a,259.67
2009-07-16,-65.397,108.989,b17a,233.86
2009-07-17,-65.469,108.79,b17a,218.99
2009-07-18,-65.508,108.909,b17a,197.29
2009-07-19,-65.545,108.88,b17a,188.37
2009-07-20,-65.545,108.88,b17a,177.02
2009-07-21,-65.545,108.88,b17a,174.62
2009-07-22,-65.545,108.88,b17a,175.21
2009-07-23,-65.545,108.88,b17a,178.36
2009-07-24,-65.558,108.93,b17a,184.02
2009-07-25,-65.534,108.881,b17a,191.56
2009-07-26,-65.546,108.752,b17a,202.18
2009-07-27,-65.557,108.848,b17a,214.69
2009-07-28,-65.557,108.848,b17a,230.15
2009-07-29,-65.557,108.848,b17a,251.0
2009-07-30,-65.531,108.65,b17a,270.91
2009-07-31,-65.558,108.531,b17a,291.35
2009-08-01,-65.558,108.531,b17a,313.06
2009-08-02,-65.565,108.427,b17a,335.16
2009-08-03,-65.542,108.486,b17a,361.68
2009-08-04,-65.564,108.446,b17a,396.88
2009-08-05,-65.553,108.515,b17a,432.68
2009-08-06,-65.566,108.526,b17a,464.13
2009-08-07,-65.553,108.555,b17a,495.84
2009-08-08,-65.539,108.614,b17a,530.26
2009-08-09,-65.561,108.404,b17a,566.11
2009-08-10,-65.506,108.418,b17a,602.57
2009-08-11,-65.49,108.415,b17a,637.08
2009-08-12,-65.48,108.388,b17a,670.2
2009-08-13,-65.439,108.197,b17a,703.04
2009-08-14,-65.384,107.662,b17a,738.61
2009-08-15,-65.351,107.427,b17a,766.17
2009-08-16,-65.339,107.27,b17a,791.17
2009-08-17,-65.248,107.074,b17a,814.56
2009-08-18,-65.21,106.697,b17a,838.33
2009-08-19,-65.186,106.464,b17a,861.15
2009-08-20,-65.1,106.306,b17a,882.89
2009-08-21,-65.08,106.061,b17a,904.34
2009-08-22,-64.97,105.67,b17a,924.04
2009-08-23,-64.93,105.792,b17a,943.73
2009-08-24,-64.925,105.477,b17a,962.08
2009-08-25,-64.826,105.362,b17a,980.99
2009-08-26,-64.749,105.095,b17a,1000.76
2009-08-27,-64.772,105.089,b17a,1029.25
2009-08-28,-64.735,104.887,b17a,1057.49
2009-08-29,-64.766,104.66,b17a,1070.33
2009-08-30,-64.786,104.21,b17a,1084.01
2009-08-31,-64.844,104.23,b17a,1105.98
2009-09-01,-64.898,104.083,b17a,1123.85
2009-09-02,-64.98,103.846,b17a,1140.4
2009-09-03,-64.964,103.739,b17a,1157.29
2009-09-04,-64.957,103.638,b17a,1172.0
2009-09-05,-64.952,103.539,b17a,1188.02
2009-09-06,-64.945,103.445,b17a,1202.87
2009-09-07,-64.93,103.358,b17a,1215.37
2009-09-08,-64.886,103.305,b17a,1228.02
2009-09-09,-64.894,103.187,b17a,1239.68
2009-09-10,-64.894,103.187,b17a,1252.31
2009-09-11,-64.894,103.187,b17a,1262.47
2009-09-12,-64.894,103.187,b17a,1269.5
2009-09-13,-64.863,103.057,b17a,1273.89
2009-09-14,-64.84,103.052,b17a,1276.96
2009-09-15,-64.84,103.052,b17a,1277.66
2009-09-16,-64.84,103.052,b17a,1277.63
2009-09-17,-64.84,103.052,b17a,1274.51
2009-09-18,-64.84,103.052,b17a,1270.13
2009-09-19,-64.84,103.052,b17a,1264.98
2009-09-20,-64.82,103.041,b17a,1259.06
2009-09-21,-64.82,103.041,b17a,1244.4
2009-09-22,-64.82,103.041,b17a,1225.79
2009-09-23,-64.82,103.041,b17a,1214.58
2009-09-24,-64.82,103.041,b17a,1203.05
2009-09-25,-64.82,103.041,b17a,1189.01
2009-09-26,-64.82,103.041,b17a,1177.59
2009-09-27,-64.82,103.041,b17a,1165.17
2009-09-28,-64.82,103.041,b17a,1151.32
2009-09-29,-64.781,103.02,b17a,1139.14
2009-09-30,-64.781,103.02,b17a,1125.66
2009-10-01,-64.753,102.967,b17a,1112.15
2009-10-02,-64.753,102.967,b17a,1099.95
2009-10-03,-64.753,102.967,b17a,1087.48
2009-10-04,-64.753,102.967,b17a,1075.64
2009-10-05,-64.758,102.858,b17a,1062.83
2009-10-06,-64.736,102.724,b17a,1053.09
2009-10-07,-64.722,102.586,b17a,1043.76
2009-10-08,-64.722,102.586,b17a,1037.89
2009-10-09,-64.707,102.474,b17a,1030.96
2009-10-10,-64.723,102.556,b17a,1025.6
2009-10-11,-64.736,102.554,b17a,1020.86
2009-10-12,-64.758,102.528,b17a,1019.97
2009-10-13,-64.711,102.475,b17a,1018.99
2009-10-14,-64.674,102.308,b17a,1016.82
2009-10-15,-64.602,102.122,b17a,1017.1
2009-10-16,-64.62,102.083,b17a,1017.34
2009-10-17,-64.644,101.956,b17a,1018.67
2009-10-18,-64.701,101.806,b17a,1020.1
2009-10-19,-64.676,101.7,b17a,1022.5
2009-10-20,-64.667,101.602,b17a,1024.77
2009-10-21,-64.659,101.542,b17a,1026.34
2009-10-22,-64.659,101.542,b17a,1027.84
2009-10-23,-64.646,101.545,b17a,1030.02
2009-10-24,-64.632,101.464,b17a,1036.89
2009-10-25,-64.605,101.534,b17a,1041.34
2009-10-26,-64.566,101.424,b17a,1043.62
2009-10-27,-64.593,101.418,b17a,1046.11
2009-10-28,-64.566,101.542,b17a,1053.44
2009-10-29,-64.562,101.514,b17a,1064.32
2009-10-30,-64.504,101.45,b17a,1073.47
2009-10-31,-64.522,101.467,b17a,1076.83
2009-11-01,-64.506,101.386,b17a,1081.25
2009-11-02,-64.441,101.319,b17a,1086.21
2009-11-03,-64.462,101.402,b17a,1093.83
2009-11-04,-64.456,101.353,b17a,1099.08
2009-11-05,-64.41,101.322,b17a,1104.46
2009-11-06,-64.39,101.258,b17a,1105.76
2009-11-07,-64.349,101.084,b17a,1110.38
2009-11-08,-64.343,100.953,b17a,1116.11
2009-11-09,-64.4,100.813,b17a,1120.11
2009-11-10,-64.37,100.525,b17a,1123.97
2009-11-11,-64.439,100.351,b17a,1126.45
2009-11-12,-64.463,100.068,b17a,1129.3
2009-11-13,-64.443,99.956,b17a,1130.51
2009-11-14,-64.432,99.641,b17a,1132.05
2009-11-15,-64.456,99.547,b17a,1133.99
2009-11-16,-64.482,99.465,b17a,1135.29
2009-11-17,-64.45,99.397,b17a,1135.41
2009-11-18,-64.48,99.417,b17a,1130.89
2009-11-19,-64.466,99.375,b17a,1127.89
2009-11-20,-64.455,99.144,b17a,1124.68
2009-11-21,-64.408,99.024,b17a,1119.49
2009-11-22,-64.408,99.024,b17a,1104.88
2009-11-23,-64.408,99.024,b17a,1085.11
2010-01-24,-65.63,87.4,b17a,1062.94
2010-01-25,-65.627,87.276,b17a,1044.01
2010-01-26,-65.62,87.145,b17a,1020.44
2010-01-27,-65.61,87.008,b17a,993.85
2010-01-28,-65.6,86.862,b17a,961.61
2010-01-29,-65.59,86.708,b17a,930.16
2010-01-30,-65.583,86.544,b17a,894.12
2010-01-31,-65.58,86.37,b17a,859.35
2010-02-14,-65.75,82.87,b17a,818.03
2010-02-15,-65.737,82.697,b17a,775.43
2010-02-16,-65.704,82.537,b17a,730.12
2010-02-17,-65.66,82.388,b17a,684.88
2010-02-18,-65.611,82.246,b17a,641.09
2010-02-19,-65.566,82.108,b17a,596.29
2010-02-20,-65.533,81.97,b17a,551.84
2010-02-21,-65.52,81.83,b17a,507.69
2010-02-22,-65.535,81.691,b17a,463.9
2010-02-23,-65.576,81.556,b17a,420.44
2010-02-24,-65.633,81.424,b17a,377.57
2010-02-25,-65.699,81.292,b17a,335.07
2010-02-26,-65.766,81.157,b17a,293.16
2010-02-27,-65.826,81.017,b17a,253.66
2010-02-28,-65.87,80.87,b17a,216.1
2010-03-01,-65.901,80.709,b17a,182.95
2010-03-02,-65.929,80.535,b17a,151.74
2010-03-03,-65.953,80.354,b17a,124.95
2010-03-04,-65.976,80.172,b17a,100.02
2010-03-05,-65.999,79.995,b17a,79.29
2010-03-06,-66.023,79.829,b17a,60.23
2010-03-07,-66.05,79.68,b17a,45.36
2010-03-08,-66.079,79.551,b17a,32.16
2010-03-09,-66.109,79.434,b17a,23.12
2010-03-10,-66.141,79.326,b17a,15.52
2010-03-11,-66.173,79.221,b17a,12.04
2010-03-12,-66.207,79.113,b17a,0.0
2010-03-13,-66.243,78.998,b17a,0.0
2010-03-14,-66.28,78.87,b17a,0.0
2010-03-15,-66.322,78.729,b17a,0.0
2010-03-16,-66.368,78.577,b17a,0.0
2010-03-17,-66.418,78.417,b17a,0.0
2010-03-18,-66.468,78.249,b17a,0.0
2010-03-19,-66.516,78.076,b17a,0.0
2010-03-20,-66.561,77.899,b17a,0.0
2010-03-21,-66.6,77.72,b17a,0.0
2010-03-22,-66.637,77.531,b17a,0.0
2010-03-23,-66.676,77.328,b17a,0.0
2010-03-24,-66.713,77.117,b17a,0.0
2010-03-25,-66.747,76.906,b17a,0.0
2010-03-26,-66.775,76.7,b17a,0.0
2010-03-27,-66.793,76.506,b17a,0.0
2010-03-28,-66.8,76.33,b17a,0.0
2010-03-29,-66.799,76.177,b17a,0.0
2010-03-30,-66.797,76.042,b17a,0.0
2010-03-31,-66.795,75.917,b17a,0.0
2010-04-01,-66.791,75.793,b17a,0.0
2010-04-02,-66.788,75.662,b17a,0.0
2010-04-03,-66.784,75.517,b17a,0.0
2010-04-04,-66.78,75.35,b17a,0.0
2010-04-05,-66.777,75.134,b17a,0.0
2010-04-06,-66.774,74.866,b17a,0.0
2010-04-07,-66.77,74.568,b17a,0.0
2010-04-08,-66.767,74.263,b17a,0.0
2010-04-09,-66.762,73.977,b17a,0.0
2010-04-10,-66.757,73.731,b17a,0.0
2010-04-11,-66.75,73.55,b17a,0.0
2010-04-12,-66.735,73.422,b17a,0.0
2010-04-13,-66.707,73.317,b17a,0.0
2010-04-14,-66.672,73.226,b17a,0.0
2010-04-15,-66.635,73.144,b17a,0.0
2010-04-16,-66.603,73.061,b17a,0.0
2010-04-17,-66.579,72.973,b17a,0.0
2010-04-18,-66.57,72.87,b17a,0.0
2010-04-19,-66.57,72.758,b17a,0.0
2010-04-20,-66.57,72.644,b17a,0.0
2010-04-21,-66.57,72.526,b17a,0.0
2010-04-22,-66.57,72.4,b17a,0.0
2010-04-23,-66.57,72.263,b17a,0.0
2010-04-24,-66.57,72.114,b17a,0.0
2010-04-25,-66.57,71.95,b17a,0.0
2010-04-26,-66.574,71.754,b17a,0.0
2010-04-27,-66.586,71.52,b17a,0.0
2010-04-28,-66.604,71.259,b17a,0.0
2010-04-29,-66.626,70.983,b17a,0.0
2010-04-30,-66.65,70.704,b17a,0.0
2010-05-01,-66.676,70.432,b17a,0.0
2010-05-02,-66.7,70.18,b17a,0.0
2010-05-03,-66.729,69.944,b17a,0.0
2010-05-04,-66.767,69.714,b17a,0.0
2010-05-05,-66.81,69.487,b17a,0.0
2010-05-06,-66.851,69.264,b17a,0.0
2010-05-07,-66.886,69.042,b17a,0.0
2010-05-08,-66.911,68.821,b17a,0.0
2010-05-09,-66.92,68.6,b17a,0.0
2010-05-10,-66.919,68.384,b17a,0.0
2010-05-11,-66.916,68.175,b17a,0.0
2010-05-12,-66.912,67.969,b17a,0.0
2010-05-13,-66.906,67.76,b17a,0.0
2010-05-14,-66.898,67.546,b17a,0.0
2010-05-15,-66.89,67.321,b17a,0.0
2010-05-16,-66.88,67.08,b17a,0.0
2010-05-17,-66.857,66.819,b17a,0.0
2010-05-18,-66.814,66.539,b17a,0.0
2010-05-19,-66.76,66.245,b17a,0.0
2010-05-20,-66.703,65.941,b17a,0.0
2010-05-21,-66.651,65.632,b17a,0.0
2010-05-22,-66.614,65.324,b17a,0.0
2010-05-23,-66.6,65.02,b17a,0.0
2010-05-24,-66.603,64.701,b17a,0.0
2010-05-25,-66.61,64.355,b17a,0.0
2010-05-26,-66.62,64.001,b17a,0.0
2010-05-27,-66.63,63.657,b17a,0.0
2010-05-28,-66.64,63.344,b17a,0.0
2010-05-29,-66.647,63.078,b17a,0.0
2010-05-30,-66.65,62.88,b17a,0.0
2010-05-31,-66.645,62.736,b17a,0.0
2010-06-01,-66.63,62.618,b17a,0.0
2010-06-02,-66.611,62.517,b17a,0.0
2010-06-03,-66.589,62.425,b17a,0.0
2010-06-04,-66.57,62.335,b17a,0.0
2010-06-05,-66.556,62.239,b17a,0.0
2010-06-06,-66.55,62.13,b17a,0.0
2010-06-07,-66.551,61.991,b17a,0.0
2010-06-08,-66.552,61.825,b17a,0.0
2010-06-09,-66.554,61.648,b17a,0.0
2010-06-10,-66.557,61.479,b17a,0.0
2010-06-11,-66.561,61.336,b17a,0.0
2010-06-12,-66.565,61.237,b17a,0.0
2010-06-13,-66.57,61.2,b17a,0.0
2010-06-14,-66.582,61.207,b17a,0.0
2010-06-15,-66.605,61.224,b17a,0.0
2010-06-16,-66.634,61.247,b17a,0.0
2010-06-17,-66.665,61.273,b17a,0.0
2010-06-18,-66.692,61.296,b17a,0.0
2010-06-19,-66.712,61.313,b17a,0.0
2010-06-20,-66.72,61.32,b17a,0.0
2010-06-21,-66.708,61.207,b17a,0.0
2010-06-22,-66.677,60.912,b17a,0.0
2010-06-23,-66.634,60.504,b17a,0.0
2010-06-24,-66.586,60.048,b17a,0.0
2010-06-25,-66.54,59.615,b17a,0.0
2010-06-26,-66.502,59.269,b17a,0.0
2010-06-27,-66.48,59.08,b17a,0.0
2010-06-28,-66.469,58.995,b17a,0.0
2010-06-29,-66.461,58.918,b17a,0.0
2010-06-30,-66.454,58.852,b17a,0.0
2010-07-01,-66.448,58.797,b17a,0.0
2010-07-02,-66.442,58.755,b17a,0.0
2010-07-03,-66.437,58.729,b17a,0.0
2010-07-04,-66.43,58.72,b17a,0.0
2010-07-05,-66.422,58.72,b17a,0.0
2010-07-06,-66.413,58.72,b17a,0.0
2010-07-07,-66.403,58.72,b17a,0.0
2010-07-08,-66.394,58.72,b17a,0.0
2010-07-09,-66.387,58.72,b17a,0.0
2010-07-10,-66.382,58.72,b17a,0.0
2010-07-11,-66.38,58.72,b17a,0.0
2010-07-25,-66.38,58.67,b17a,0.0
2010-07-26,-66.38,58.671,b17a,0.0
2010-07-27,-66.379,58.672,b17a,0.0
2010-07-28,-66.378,58.674,b17a,0.0
2010-07-29,-66.376,58.676,b17a,0.0
2010-07-30,-66.374,58.678,b17a,0.0
2010-07-31,-66.372,58.679,b17a,0.0
2010-08-01,-66.37,58.68,b17a,0.0
2010-08-02,-66.368,58.678,b17a,0.0
2010-08-03,-66.364,58.674,b17a,0.0
2010-08-04,-66.36,58.668,b17a,0.0
2010-08-05,-66.357,58.662,b17a,0.0
2010-08-06,-66.353,58.656,b17a,0.0
2010-08-07,-66.351,58.652,b17a,0.0
2010-08-08,-66.35,58.65,b17a,0.0
2010-08-09,-66.351,58.651,b17a,0.0
2010-08-10,-66.354,58.654,b17a,0.0
2010-08-11,-66.358,58.658,b17a,0.0
2010-08-12,-66.362,58.662,b17a,0.0
2010-08-13,-66.366,58.666,b17a,0.0
2010-08-14,-66.369,58.669,b17a,0.0
2010-08-15,-66.37,58.67,b17a,0.0
2010-08-16,-66.369,58.67,b17a,0.0
2010-08-17,-66.365,58.668,b17a,0.0
2010-08-18,-66.359,58.666,b17a,0.0
2010-08-19,-66.352,58.662,b17a,0.0
2010-08-20,-66.344,58.659,b17a,0.0
2010-08-21,-66.337,58.655,b17a,0.0
2010-08-22,-66.33,58.65,b17a,0.0
2010-08-23,-66.324,58.643,b17a,0.0
2010-08-24,-66.318,58.631,b17a,0.0
2010-08-25,-66.311,58.617,b17a,0.0
2010-08-26,-66.304,58.603,b17a,0.0
2010-08-27,-66.297,58.589,b17a,0.0
2010-08-28,-66.289,58.577,b17a,0.0
2010-08-29,-66.28,58.57,b17a,0.0
2010-08-30,-66.269,58.566,b17a,0.0
2010-08-31,-66.257,58.563,b17a,0.0
2010-09-01,-66.242,58.561,b17a,0.0
2010-09-02,-66.227,58.56,b17a,0.0
2010-09-03,-66.211,58.557,b17a,0.0
2010-09-04,-66.195,58.554,b17a,0.0
2010-09-05,-66.18,58.55,b17a,0.0
2010-09-06,-66.166,58.542,b17a,0.0
2010-09-07,-66.152,58.528,b17a,0.0
2010-09-08,-66.138,58.51,b17a,0.0
2010-09-09,-66.124,58.487,b17a,0.0
2010-09-10,-66.108,58.461,b17a,0.0
2010-09-11,-66.09,58.431,b17a,0.0
2010-09-12,-66.07,58.4,b17a,0.0
2010-09-26,-65.5,57.17,b17a,0.0
2010-09-27,-65.462,57.011,b17a,0.0
2010-09-28,-65.421,56.813,b17a,0.0
2010-09-29,-65.379,56.581,b17a,0.0
2010-09-30,-65.341,56.32,b17a,0.0
2010-10-01,-65.309,56.038,b17a,0.0
2010-10-02,-65.288,55.739,b17a,0.0
2010-10-03,-65.28,55.43,b17a,0.0
2010-10-04,-65.299,55.037,b17a,0.0
2010-10-05,-65.349,54.526,b17a,0.0
2010-10-06,-65.418,53.963,b17a,0.0
2010-10-07,-65.492,53.411,b17a,0.0
2010-10-08,-65.561,52.937,b17a,0.0
2010-10-09,-65.611,52.605,b17a,0.0
2010-10-10,-65.63,52.48,b17a,0.0
2010-10-11,-65.618,52.582,b17a,0.0
2010-10-12,-65.587,52.845,b17a,0.0
2010-10-13,-65.543,53.204,b17a,0.0
2010-10-14,-65.493,53.596,b17a,0.0
2010-10-15,-65.443,53.955,b17a,0.0
2010-10-16,-65.4,54.218,b17a,0.0
2010-10-17,-65.37,54.32,b17a,0.0
2010-10-18,-65.349,54.318,b17a,0.0
2010-10-19,-65.329,54.313,b17a,0.0
2010-10-20,-65.31,54.306,b17a,0.0
2010-10-21,-65.294,54.295,b17a,0.0
2010-10-22,-65.281,54.282,b17a,0.0
2010-10-23,-65.273,54.267,b17a,0.0
2010-10-24,-65.27,54.25,b17a,0.0
2010-10-25,-65.274,54.216,b17a,0.0
2010-10-26,-65.285,54.155,b17a,0.0
2010-10-27,-65.301,54.073,b17a,0.0
2010-10-28,-65.321,53.976,b17a,0.0
2010-10-29,-65.342,53.873,b17a,0.0
2010-10-30,-65.362,53.768,b17a,0.0
2010-10-31,-65.38,53.67,b17a,0.0
2010-11-01,-65.397,53.576,b17a,0.0
2010-11-02,-65.415,53.48,b17a,0.0
2010-11-03,-65.434,53.381,b17a,0.0
2010-11-04,-65.452,53.277,b17a,0.0
2010-11-05,-65.47,53.168,b17a,0.0
2010-11-06,-65.486,53.053,b17a,0.0
2010-11-07,-65.5,52.93,b17a,0.0
2010-11-08,-65.513,52.776,b17a,0.0
2010-11-09,-65.527,52.583,b17a,0.0
2010-11-10,-65.54,52.373,b17a,0.0
2010-11-11,-65.552,52.17,b17a,0.0
2010-11-12,-65.561,51.997,b17a,0.0
2010-11-13,-65.568,51.876,b17a,0.0
2010-11-14,-65.57,51.83,b17a,0.0
2010-11-15,-65.57,51.83,b17a,0.0
2010-11-16,-65.57,51.83,b17a,0.0
2010-11-17,-65.57,51.83,b17a,0.0
2010-11-18,-65.57,51.83,b17a,0.0
2010-11-19,-65.57,51.83,b17a,0.0
2010-11-20,-65.57,51.83,b17a,0.0
2010-11-21,-65.57,51.83,b17a,0.0
2010-11-22,-65.593,51.747,b17a,0.0
2010-11-23,-65.653,51.531,b17a,0.0
2010-11-24,-65.735,51.23,b17a,0.0
2010-11-25,-65.825,50.892,b17a,0.0
2010-11-26,-65.907,50.568,b17a,0.0
2010-11-27,-65.967,50.304,b17a,0.0
2010-11-28,-65.99,50.15,b17a,0.0
2010-11-29,-65.981,50.079,b17a,0.0
2010-11-30,-65.958,50.025,b17a,0.0
2010-12-01,-65.927,49.984,b17a,0.0
2010-12-02,-65.893,49.947,b17a,0.0
2010-12-03,-65.862,49.909,b17a,0.0
2010-12-04,-65.839,49.862,b17a,0.0
2010-12-05,-65.83,49.8,b17a,0.0
2010-12-06,-65.844,49.708,b17a,0.0
2010-12-07,-65.879,49.583,b17a,0.0
2010-12-08,-65.928,49.438,b17a,0.0
2010-12-09,-65.983,49.287,b17a,0.0
2010-12-10,-66.033,49.141,b17a,0.0
2010-12-11,-66.072,49.015,b17a,0.0
2010-12-12,-66.09,48.92,b17a,0.0
2010-12-13,-66.095,48.847,b17a,0.0
2010-12-14,-66.099,48.778,b17a,0.0
2010-12-15,-66.102,48.715,b17a,0.0
2010-12-16,-66.104,48.659,b17a,0.0
2010-12-17,-66.106,48.612,b17a,0.0
2010-12-18,-66.108,48.575,b17a,0.0
2010-12-19,-66.11,48.55,b17a,0.0
2010-12-20,-66.112,48.534,b17a,0.0
2010-12-21,-66.113,48.524,b17a,0.0
2010-12-22,-66.114,48.516,b17a,0.0
2010-12-23,-66.115,48.508,b17a,0.0
2010-12-24,-66.116,48.5,b17a,0.0
2010-12-25,-66.118,48.488,b17a,0.0
2010-12-26,-66.12,48.47,b17a,0.0
2010-12-27,-66.133,48.421,b17a,0.0
2010-12-28,-66.162,48.323,b17a,0.0
2010-12-29,-66.205,48.188,b17a,0.0
2010-12-30,-66.256,48.028,b17a,0.0
2010-12-31,-66.311,47.854,b17a,0.0
2011-01-01,-66.393,47.595,b17a,0.0
2011-01-02,-66.44,47.44,b17a,0.0
2011-01-03,-66.482,47.303,b17a,0.0
2011-01-04,-66.522,47.172,b17a,0.0
2011-01-05,-66.562,47.043,b17a,0.0
2011-01-06,-66.603,46.907,b17a,0.0
2011-01-07,-66.645,46.759,b17a,0.0
2011-01-08,-66.691,46.592,b17a,0.0
2011-01-09,-66.74,46.4,b17a,0.0
2011-01-10,-66.798,46.147,b17a,0.0
2011-01-11,-66.867,45.82,b17a,0.0
2011-01-12,-66.941,45.446,b17a,0.0
2011-01-13,-67.015,45.053,b17a,0.0
2011-01-14,-67.087,44.668,b17a,0.0
2011-01-15,-67.15,44.317,b17a,0.0
2011-01-16,-67.2,44.03,b17a,0.0
2011-01-17,-67.239,43.796,b17a,0.0
2011-01-18,-67.273,43.583,b17a,0.0
2011-01-19,-67.302,43.387,b17a,0.0
2011-01-20,-67.33,43.203,b17a,0.0
2011-01-21,-67.358,43.026,b17a,0.0
2011-01-22,-67.387,42.85,b17a,0.0
2011-01-23,-67.42,42.67,b17a,0.0
2011-01-24,-67.461,42.481,b17a,0.0
2011-01-25,-67.511,42.286,b17a,0.0
2011-01-26,-67.565,42.091,b17a,0.0
2011-01-27,-67.616,41.904,b17a,0.0
2011-01-28,-67.659,41.731,b17a,0.0
2011-01-29,-67.689,41.581,b17a,0.0
2011-01-30,-67.7,41.46,b17a,0.0
2011-01-31,-67.699,41.363,b17a,0.0
2011-02-01,-67.696,41.279,b17a,0.0
2011-02-02,-67.692,41.204,b17a,0.0
2011-02-03,-67.688,41.135,b17a,0.0
2011-02-04,-67.684,41.07,b17a,0.0
2011-02-05,-67.681,41.006,b17a,0.0
2011-02-06,-67.68,40.94,b17a,0.0
2011-02-07,-67.684,40.876,b17a,0.0
2011-02-08,-67.695,40.817,b17a,0.0
2011-02-09,-67.712,40.76,b17a,0.0
2011-02-10,-67.731,40.703,b17a,0.0
2011-02-11,-67.752,40.643,b17a,0.0
2011-02-12,-67.772,40.576,b17a,0.0
2011-02-13,-67.79,40.5,b17a,0.0
2011-02-14,-67.807,40.415,b17a,0.0
2011-02-15,-67.826,40.321,b17a,0.0
2011-02-16,-67.845,40.218,b17a,0.0
2011-02-17,-67.864,40.104,b17a,0.0
2011-02-18,-67.88,39.979,b17a,0.0
2011-02-19,-67.892,39.841,b17a,0.0
2011-02-20,-67.9,39.69,b17a,0.0
2011-02-21,-67.905,39.497,b17a,0.0
2011-02-22,-67.909,39.249,b17a,0.0
2011-02-23,-67.913,38.968,b17a,0.0
2011-02-24,-67.916,38.674,b17a,0.0
2011-02-25,-67.918,38.389,b17a,0.0
2011-02-26,-67.92,38.134,b17a,0.0
2011-02-27,-67.92,37.93,b17a,0.0
2011-02-28,-67.902,37.775,b17a,0.0
2011-03-01,-67.857,37.646,b17a,0.0
2011-03-02,-67.794,37.531,b17a,0.0
2011-03-03,-67.726,37.422,b17a,0.0
2011-03-04,-67.663,37.307,b17a,0.0
2011-03-05,-67.618,37.177,b17a,0.0
2011-03-06,-67.6,37.02,b17a,0.0
2011-03-07,-67.611,36.825,b17a,0.0
2011-03-08,-67.639,36.592,b17a,0.0
2011-03-09,-67.68,36.332,b17a,0.0
2011-03-10,-67.727,36.053,b17a,0.0
2011-03-11,-67.774,35.765,b17a,0.0
2011-03-12,-67.817,35.478,b17a,0.0
2011-03-13,-67.85,35.2,b17a,0.0
2011-03-14,-67.872,34.916,b17a,0.0
2011-03-15,-67.89,34.613,b17a,0.0
2011-03-16,-67.905,34.303,b17a,0.0
2011-03-17,-67.92,33.997,b17a,0.0
2011-03-18,-67.938,33.71,b17a,0.0
2011-03-19,-67.96,33.454,b17a,0.0
2011-03-20,-67.99,33.24,b17a,0.0
2011-03-21,-68.058,33.047,b17a,0.0
2011-03-22,-68.18,32.852,b17a,0.0
2011-03-23,-68.332,32.666,b17a,0.0
2011-03-24,-68.493,32.502,b17a,0.0
2011-03-25,-68.64,32.37,b17a,0.0
2011-03-26,-68.749,32.282,b17a,0.0
2011-03-27,-68.8,32.25,b17a,0.0
2011-03-28,-68.812,32.273,b17a,0.0
2011-03-29,-68.82,32.333,b17a,0.0
2011-03-30,-68.827,32.415,b17a,0.0
2011-03-31,-68.832,32.505,b17a,0.0
2011-04-01,-68.837,32.587,b17a,0.0
2011-04-02,-68.843,32.647,b17a,0.0
2011-04-03,-68.85,32.67,b17a,0.0
2011-04-17,-69.01,29.51,b17a,0.0
2011-04-18,-69.06,29.17,b17a,0.0
2011-04-19,-69.154,28.742,b17a,0.0
2011-04-20,-69.272,28.279,b17a,0.0
2011-04-21,-69.396,27.831,b17a,0.0
2011-04-22,-69.508,27.447,b17a,0.0
2011-04-23,-69.589,27.18,b17a,0.0
2011-04-24,-69.62,27.08,b17a,0.0
2011-04-25,-69.62,27.08,b17a,0.0
2011-04-26,-69.62,27.08,b17a,0.0
2011-04-27,-69.62,27.08,b17a,0.0
2011-04-28,-69.62,27.08,b17a,0.0
2011-04-29,-69.62,27.08,b17a,0.0
2011-04-30,-69.62,27.08,b17a,0.0
2011-05-01,-69.62,27.08,b17a,0.0
2011-05-02,-69.62,27.08,b17a,0.0
2011-05-03,-69.62,27.08,b17a,0.0
2011-05-04,-69.62,27.08,b17a,0.0
2011-05-05,-69.62,27.08,b17a,0.0
2011-05-06,-69.62,27.08,b17a,0.0
2011-05-07,-69.62,27.08,b17a,0.0
2011-05-08,-69.62,27.08,b17a,0.0
2011-05-09,-69.62,27.08,b17a,0.0
2011-05-10,-69.62,27.08,b17a,0.0
2011-05-11,-69.62,27.08,b17a,0.0
2011-05-12,-69.62,27.08,b17a,0.0
2011-05-13,-69.62,27.08,b17a,0.0
2011-05-14,-69.62,27.08,b17a,0.0
2011-05-15,-69.62,27.08,b17a,0.0
2011-05-16,-69.62,27.08,b17a,0.0
2011-05-17,-69.62,27.08,b17a,0.0
2011-05-18,-69.62,27.08,b17a,0.0
2011-05-19,-69.62,27.08,b17a,0.0
2011-05-20,-69.62,27.08,b17a,0.0
2011-05-21,-69.62,27.08,b17a,0.0
2011-05-22,-69.62,27.08,b17a,0.0
2011-05-23,-69.62,27.08,b17a,0.0
2011-05-24,-69.62,27.08,b17a,0.0
2011-05-25,-69.62,27.08,b17a,0.0
2011-05-26,-69.62,27.08,b17a,0.0
2011-05-27,-69.62,27.08,b17a,0.0
2011-05-28,-69.62,27.08,b17a,0.0
2011-05-29,-69.62,27.08,b17a,0.0
2011-05-30,-69.62,27.081,b17a,0.0
2011-05-31,-69.62,27.082,b17a,0.0
2011-06-01,-69.62,27.084,b17a,0.0
2011-06-02,-69.62,27.086,b17a,0.0
2011-06-03,-69.62,27.088,b17a,0.0
2011-06-04,-69.62,27.089,b17a,0.0
2011-06-05,-69.62,27.09,b17a,0.0
2011-06-06,-69.62,27.09,b17a,0.0
2011-06-07,-69.62,27.09,b17a,0.0
2011-06-08,-69.62,27.09,b17a,0.0
2011-06-09,-69.62,27.09,b17a,0.0
2011-06-10,-69.62,27.09,b17a,0.0
2011-06-11,-69.62,27.09,b17a,0.0
2011-06-12,-69.62,27.09,b17a,0.0
2011-06-13,-69.62,27.09,b17a,0.0
2011-06-14,-69.62,27.09,b17a,0.0
2011-06-15,-69.62,27.09,b17a,0.0
2011-06-16,-69.62,27.09,b17a,0.0
2011-06-17,-69.62,27.09,b17a,0.0
2011-06-18,-69.62,27.09,b17a,0.0
2011-06-19,-69.62,27.09,b17a,0.0
2011-06-20,-69.62,27.09,b17a,0.0
2011-06-21,-69.62,27.09,b17a,0.0
2011-06-22,-69.62,27.09,b17a,0.0
2011-06-23,-69.62,27.09,b17a,0.0
2011-06-24,-69.62,27.09,b17a,0.0
2011-06-25,-69.62,27.09,b17a,0.0
2011-06-26,-69.62,27.09,b17a,0.0
2011-06-27,-69.62,27.09,b17a,0.0
2011-06-28,-69.62,27.09,b17a,0.0
2011-06-29,-69.62,27.09,b17a,0.0
2011-06-30,-69.62,27.09,b17a,0.0
2011-07-01,-69.62,27.09,b17a,0.0
2011-07-02,-69.62,27.09,b17a,0.0
2011-07-03,-69.62,27.09,b17a,0.0
2011-07-04,-69.62,27.09,b17a,0.0
2011-07-05,-69.62,27.09,b17a,0.0
2011-07-06,-69.62,27.09,b17a,0.0
2011-07-07,-69.62,27.09,b17a,0.0
2011-07-08,-69.62,27.09,b17a,0.0
2011-07-09,-69.62,27.09,b17a,0.0
2011-07-10,-69.62,27.09,b17a,0.0
2011-07-11,-69.62,27.09,b17a,0.0
2011-07-12,-69.62,27.09,b17a,0.0
2011-07-13,-69.62,27.09,b17a,0.0
2011-07-14,-69.62,27.09,b17a,0.0
2011-07-15,-69.62,27.09,b17a,0.0
2011-07-16,-69.62,27.09,b17a,0.0
2011-07-17,-69.62,27.09,b17a,0.0
2011-07-18,-69.62,27.09,b17a,0.0
2011-07-19,-69.62,27.09,b17a,0.0
2011-07-20,-69.62,27.09,b17a,0.0
2011-07-21,-69.62,27.09,b17a,0.0
2011-07-22,-69.62,27.09,b17a,0.0
2011-07-23,-69.62,27.09,b17a,0.0
2011-07-24,-69.62,27.09,b17a,0.0
2011-07-25,-69.62,27.09,b17a,0.0
2011-07-26,-69.62,27.09,b17a,0.0
2011-07-27,-69.62,27.09,b17a,0.0
2011-07-28,-69.62,27.09,b17a,0.0
2011-07-29,-69.62,27.09,b17a,0.0
2011-07-30,-69.62,27.09,b17a,0.0
2011-07-31,-69.62,27.09,b17a,0.0
2011-08-01,-69.62,27.09,b17a,0.0
2011-08-02,-69.62,27.09,b17a,0.0
2011-08-03,-69.62,27.09,b17a,0.0
2011-08-04,-69.62,27.09,b17a,0.0
2011-08-05,-69.62,27.09,b17a,0.0
2011-08-06,-69.62,27.09,b17a,0.0
2011-08-07,-69.62,27.09,b17a,0.0
2011-08-08,-69.62,27.091,b17a,0.0
2011-08-09,-69.621,27.095,b17a,0.0
2011-08-10,-69.622,27.1,b17a,0.0
2011-08-11,-69.624,27.106,b17a,0.0
2011-08-12,-69.626,27.114,b17a,0.0
2011-08-13,-69.628,27.122,b17a,0.0
2011-08-14,-69.63,27.13,b17a,0.0
2011-08-15,-69.633,27.142,b17a,0.0
2011-08-16,-69.638,27.16,b17a,0.0
2011-08-17,-69.644,27.182,b17a,0.0
2011-08-18,-69.65,27.203,b17a,0.0
2011-08-19,-69.655,27.222,b17a,0.0
2011-08-20,-69.659,27.235,b17a,0.0
2011-08-21,-69.66,27.24,b17a,0.0
2011-08-22,-69.658,27.233,b17a,0.0
2011-08-23,-69.652,27.216,b17a,0.0
2011-08-24,-69.644,27.193,b17a,0.0
2011-08-25,-69.636,27.167,b17a,0.0
2011-08-26,-69.628,27.144,b17a,0.0
2011-08-27,-69.622,27.127,b17a,0.0
2011-08-28,-69.62,27.12,b17a,0.0
2011-08-29,-69.62,27.12,b17a,0.0
2011-08-30,-69.654,27.05,b17a,0.0
2011-08-31,-69.629,27.078,b17a,0.0
2011-09-01,-69.629,27.077,b17a,0.0
2011-09-02,-69.629,27.074,b17a,0.0
2011-09-03,-69.629,27.07,b17a,0.0
2011-09-04,-69.629,27.065,b17a,0.0
2011-09-05,-69.629,27.061,b17a,0.0
2011-09-06,-69.63,27.056,b17a,0.0
2011-09-07,-69.63,27.053,b17a,0.0
2011-09-08,-69.643,27.114,b17a,0.0
2011-09-09,-69.641,27.023,b17a,0.0
2011-09-10,-69.644,27.134,b17a,0.0
2011-09-11,-69.621,27.078,b17a,0.0
2011-09-12,-69.632,27.051,b17a,0.0
2011-09-13,-69.621,27.078,b17a,0.0
2011-09-14,-69.632,27.051,b17a,0.0
2011-09-15,-69.629,27.068,b17a,0.0
2011-09-16,-69.62,27.119,b17a,0.0
2011-09-17,-69.619,27.096,b17a,0.0
2011-09-18,-69.636,27.099,b17a,0.0
2011-09-19,-69.613,27.087,b17a,0.0
2011-09-20,-69.626,27.085,b17a,0.0
2011-09-21,-69.638,27.017,b17a,0.0
2011-09-22,-69.642,27.006,b17a,0.0
2011-09-23,-69.643,27.002,b17a,0.0
2011-09-24,-69.635,27.076,b17a,0.0
2011-09-25,-69.62,27.076,b17a,0.0
2011-09-26,-69.606,27.077,b17a,0.0
2011-09-27,-69.61,27.104,b17a,0.0
2011-09-28,-69.628,27.087,b17a,0.0
2011-09-29,-69.626,27.106,b17a,0.0
2011-09-30,-69.636,27.142,b17a,0.0
2011-10-01,-69.621,27.077,b17a,0.0
2011-10-02,-69.621,27.078,b17a,0.0
2011-10-03,-69.587,26.921,b17a,0.0
2011-10-04,-69.614,27.025,b17a,0.0
2011-10-05,-69.619,26.968,b17a,0.0
2011-10-06,-69.637,26.951,b17a,0.0
2011-10-07,-69.632,26.986,b17a,0.0
2011-10-08,-69.612,27.193,b17a,0.0
2011-10-09,-69.628,27.002,b17a,0.0
2011-10-10,-69.633,26.988,b17a,0.0
2011-10-11,-69.645,27.091,b17a,0.0
2011-10-12,-69.634,27.053,b17a,0.0
2011-10-13,-69.632,27.093,b17a,0.0
2011-10-14,-69.619,27.117,b17a,0.0
2011-10-15,-69.615,27.047,b17a,0.0
2011-10-16,-69.632,27.093,b17a,0.0
2011-10-17,-69.633,27.009,b17a,0.0
2011-10-18,-69.62,27.076,b17a,0.0
2011-10-19,-69.614,27.068,b17a,0.0
2011-10-20,-69.624,27.017,b17a,0.0
2011-10-21,-69.625,27.019,b17a,0.0
2011-10-22,-69.629,27.025,b17a,0.0
2011-10-23,-69.613,27.066,b17a,0.0
2011-10-24,-69.638,27.167,b17a,0.0
2011-10-25,-69.618,27.094,b17a,0.0
2011-10-26,-69.616,27.113,b17a,0.0
2011-10-27,-69.616,27.113,b17a,0.0
2011-10-28,-69.616,27.113,b17a,0.0
2011-10-29,-69.616,27.113,b17a,0.0
2011-10-30,-69.616,27.113,b17a,0.0
2011-10-31,-69.616,27.113,b17a,0.0
2011-11-01,-69.616,27.113,b17a,0.0
2011-11-02,-69.616,27.113,b17a,0.0
2011-11-03,-69.616,27.113,b17a,0.0
2011-11-04,-69.616,27.113,b17a,0.0
2011-11-05,-69.616,27.113,b17a,0.0
2011-11-06,-69.616,27.113,b17a,0.0
2011-11-07,-69.616,27.113,b17a,0.0
2011-11-08,-69.616,27.113,b17a,0.0
2011-11-09,-69.616,27.113,b17a,0.0
2011-11-10,-69.616,27.113,b17a,0.0
2011-11-11,-69.616,27.113,b17a,0.0
2011-11-12,-69.616,27.113,b17a,0.0
2011-11-13,-69.616,27.113,b17a,0.0
2011-11-14,-69.617,27.114,b17a,0.0
2011-11-15,-69.62,27.115,b17a,0.0
2011-11-16,-69.623,27.117,b17a,0.0
2011-11-17,-69.626,27.119,b17a,0.0
2011-11-18,-69.63,27.121,b17a,0.0
2011-11-19,-69.632,27.123,b17a,0.0
2011-11-20,-69.633,27.123,b17a,0.0
2011-11-21,-69.632,27.123,b17a,0.0
2011-11-22,-69.631,27.123,b17a,0.0
2011-11-23,-69.628,27.123,b17a,0.0
2011-11-24,-69.626,27.123,b17a,0.0
2011-11-25,-69.632,27.137,b17a,0.0
2011-11-26,-69.626,27.088,b17a,0.0
2011-11-27,-69.633,27.078,b17a,0.0
2011-11-28,-69.632,27.078,b17a,0.0
2011-11-29,-69.634,27.06,b17a,0.0
2011-11-30,-69.62,27.145,b17a,0.0
2011-12-01,-69.619,27.144,b17a,0.0
2011-12-02,-69.619,27.143,b17a,0.0
2011-12-03,-69.619,27.142,b17a,0.0
2011-12-04,-69.619,27.141,b17a,0.0
2011-12-05,-69.632,27.14,b17a,0.0
2011-12-06,-69.624,27.149,b17a,0.0
2011-12-07,-69.638,27.062,b17a,0.0
2011-12-08,-69.621,27.081,b17a,0.0
2011-12-09,-69.646,26.988,b17a,0.0
2011-12-10,-69.634,27.121,b17a,0.0
2011-12-11,-69.617,27.075,b17a,0.0
2011-12-12,-69.63,27.094,b17a,0.0
2011-12-13,-69.614,27.027,b17a,0.0
2011-12-14,-69.643,27.114,b17a,0.0
2011-12-15,-69.641,27.089,b17a,0.0
2011-12-16,-69.632,27.076,b17a,0.0
2011-12-17,-69.622,27.036,b17a,0.0
2011-12-18,-69.613,26.983,b17a,0.0
2011-12-19,-69.608,26.955,b17a,0.0
2011-12-20,-69.607,27.082,b17a,0.0
2011-12-21,-69.616,27.055,b17a,0.0
2011-12-22,-69.631,27.004,b17a,0.0
2011-12-23,-69.639,26.977,b17a,0.0
2011-12-24,-69.626,27.042,b17a,0.0
2011-12-25,-69.621,27.034,b17a,0.0
2011-12-26,-69.622,27.035,b17a,0.0
2011-12-27,-69.623,27.101,b17a,0.0
2011-12-28,-69.628,27.085,b17a,0.0
2011-12-29,-69.627,27.106,b17a,0.0
2011-12-30,-69.617,27.025,b17a,0.0
2011-12-31,-69.626,27.082,b17a,0.0
2012-01-01,-69.628,27.079,b17a,0.0
2012-01-02,-69.628,27.074,b17a,0.0
2012-01-03,-69.629,27.066,b17a,0.0
2012-01-04,-69.636,26.992,b17a,0.0
2012-01-05,-69.633,27.01,b17a,0.0
2012-01-06,-69.633,27.012,b17a,0.0
2012-01-07,-69.649,26.929,b17a,0.0
2012-01-08,-69.649,27.015,b17a,0.0
2012-01-09,-69.637,27.148,b17a,0.0
2012-01-10,-69.636,27.081,b17a,0.0
2012-01-11,-69.641,27.089,b17a,0.0
2012-01-12,-69.64,27.066,b17a,0.0
2012-01-13,-69.646,27.097,b17a,0.0
2012-01-14,-69.64,27.087,b17a,0.0
2012-01-15,-69.634,27.057,b17a,0.0
2012-01-16,-69.647,27.034,b17a,0.0
2012-01-17,-69.609,27.065,b17a,0.0
2012-01-18,-69.625,27.068,b17a,0.0
2012-01-19,-69.604,27.103,b17a,0.0
2012-01-20,-69.602,27.08,b17a,0.0
2012-01-21,-69.607,27.11,b17a,0.0
2012-01-22,-69.589,27.105,b17a,0.0
2012-01-23,-69.612,27.095,b17a,0.0
2012-01-24,-69.623,27.025,b17a,0.0
2012-01-25,-69.613,26.988,b17a,0.0
2012-01-26,-69.649,27.103,b17a,0.0
2012-01-27,-69.664,27.037,b17a,0.0
2012-01-28,-69.647,27.099,b17a,0.0
2012-01-29,-69.629,27.201,b17a,0.0
2012-01-30,-69.65,27.123,b17a,0.0
2012-01-31,-69.647,27.14,b17a,0.0
2012-02-01,-69.639,27.148,b17a,0.0
2012-02-02,-69.618,27.117,b17a,0.0
2012-02-03,-69.614,27.154,b17a,0.0
2012-02-04,-69.633,27.16,b17a,0.0
2012-02-05,-69.647,27.137,b17a,0.0
2012-02-06,-69.632,27.072,b17a,0.0
2012-02-07,-69.62,27.055,b17a,0.0
2012-02-08,-69.635,27.035,b17a,0.0
2012-02-09,-69.631,26.987,b17a,0.0
2012-02-10,-69.623,27.062,b17a,0.0
2012-02-11,-69.638,27.02,b17a,0.0
2012-02-12,-69.625,27.13,b17a,0.0
2012-02-13,-69.606,27.209,b17a,0.0
2012-02-14,-69.603,27.182,b17a,0.0
2012-02-15,-69.629,27.07,b17a,0.0
2012-02-16,-69.635,27.077,b17a,0.0
2012-02-17,-69.627,27.13,b17a,0.0
2012-02-18,-69.612,27.064,b17a,0.0
2012-02-19,-69.617,27.065,b17a,0.0
2012-02-20,-69.628,27.068,b17a,0.0
2012-02-21,-69.633,27.074,b17a,0.0
2012-02-22,-69.63,27.112,b17a,0.0
2012-02-23,-69.616,27.113,b17a,0.0
2012-02-24,-69.615,27.111,b17a,0.0
2012-02-25,-69.623,27.102,b17a,0.0
2012-02-26,-69.612,27.128,b17a,0.0
2012-02-27,-69.619,27.161,b17a,0.0
2012-02-28,-69.625,27.062,b17a,0.0
2012-02-29,-69.629,27.077,b17a,0.0
2012-03-01,-69.632,27.093,b17a,0.0
2012-03-02,-69.633,27.095,b17a,0.0
2012-03-03,-69.634,27.161,b17a,0.0
2012-03-04,-69.639,27.104,b17a,0.0
2012-03-05,-69.633,27.095,b17a,0.0
2012-03-06,-69.632,27.137,b17a,0.0
2012-03-07,-69.64,27.127,b17a,0.0
2012-03-08,-69.626,27.106,b17a,0.0
2012-03-09,-69.625,27.062,b17a,0.0
2012-03-10,-69.631,27.135,b17a,0.0
2012-03-11,-69.632,27.137,b17a,0.0
2012-03-12,-69.636,27.078,b17a,0.0
2012-03-13,-69.653,27.168,b17a,0.0
2012-03-14,-69.643,27.132,b17a,0.0
2012-03-15,-69.618,27.117,b17a,0.0
2012-03-16,-69.634,27.12,b17a,0.0
2012-03-17,-69.64,27.13,b17a,0.0
2012-03-18,-69.644,27.157,b17a,0.0
2012-03-19,-69.622,27.209,b17a,0.0
2012-03-20,-69.63,27.281,b17a,0.0
2012-03-21,-69.627,27.334,b17a,0.0
2012-03-22,-69.63,27.224,b17a,0.0
2012-03-23,-69.639,27.254,b17a,0.0
2012-03-24,-69.65,27.244,b17a,0.0
2012-03-25,-69.644,27.213,b17a,0.0
2012-03-26,-69.637,27.203,b17a,0.0
2012-03-27,-69.648,27.158,b17a,0.0
2012-03-28,-69.659,27.16,b17a,0.0
2012-03-29,-69.649,27.172,b17a,0.0
2012-03-30,-69.649,27.07,b17a,0.0
2012-03-31,-69.652,27.143,b17a,0.0
2012-04-01,-69.649,27.097,b17a,0.0
2012-04-02,-69.642,27.129,b17a,0.0
2012-04-03,-69.648,27.095,b17a,0.0
2012-04-04,-69.667,27.102,b17a,0.0
2012-04-05,-69.646,27.114,b17a,0.0
2012-04-06,-69.637,27.08,b17a,0.0
2012-04-07,-69.636,27.078,b17a,0.0
2012-04-08,-69.639,27.061,b17a,0.0
2012-04-09,-69.638,27.103,b17a,0.0
2012-04-10,-69.632,27.028,b17a,0.0
2012-04-11,-69.641,27.083,b17a,0.0
2012-04-12,-69.645,27.109,b17a,0.0
2012-04-13,-69.657,27.126,b17a,0.0
2012-04-14,-69.66,27.137,b17a,0.0
2012-04-15,-69.662,27.151,b17a,0.0
2012-04-16,-69.653,27.097,b17a,0.0
2012-04-17,-69.668,26.72,b17a,0.0
2012-04-18,-69.689,26.342,b17a,0.0
2012-04-19,-69.707,25.992,b17a,0.0
2012-04-20,-69.773,25.378,b17a,0.0
2012-04-21,-69.827,24.887,b17a,0.0
2012-04-22,-69.932,24.199,b17a,0.0
2012-04-23,-69.939,24.124,b17a,0.0
2012-04-24,-70.021,23.183,b17a,0.0
2012-04-25,-70.019,22.78,b17a,0.0
2012-04-26,-69.887,21.531,b17a,0.0
2012-04-27,-69.798,21.477,b17a,0.0
2012-04-28,-69.793,20.673,b17a,0.0
2012-04-29,-69.784,20.197,b17a,0.0
2012-04-30,-69.667,19.377,b17a,0.0
2012-05-01,-69.653,19.186,b17a,0.0
2012-05-02,-69.62,18.898,b17a,0.0
2012-05-03,-69.597,18.7,b17a,0.0
2012-05-04,-69.592,18.418,b17a,0.0
2012-05-05,-69.576,18.406,b17a,0.0
2012-05-06,-69.535,18.194,b17a,0.0
2012-05-07,-69.345,16.179,b17a,0.0
2012-05-08,-69.3,15.966,b17a,0.0
2012-05-09,-69.262,15.907,b17a,0.0
2012-05-10,-69.238,15.362,b17a,0.0
2012-05-11,-69.234,15.127,b17a,0.0
2012-05-12,-69.309,14.194,b17a,0.0
2012-05-13,-69.299,13.758,b17a,0.0
2012-05-14,-69.284,13.417,b17a,0.0
2012-05-15,-69.285,13.234,b17a,0.0
2012-05-16,-69.319,13.197,b17a,0.0
2012-05-17,-69.328,13.166,b17a,0.0
2012-05-18,-69.3,12.879,b17a,0.0
2012-05-19,-69.307,12.862,b17a,0.0
2012-05-20,-69.287,12.627,b17a,0.0
2012-05-21,-69.301,12.622,b17a,0.0
2012-05-22,-69.286,12.383,b17a,0.0
2012-05-23,-69.288,12.248,b17a,0.0
2012-05-24,-69.278,12.177,b17a,0.0
2012-05-25,-69.29,12.055,b17a,0.0
2012-05-26,-69.344,11.795,b17a,0.0
2012-05-27,-69.419,11.615,b17a,0.0
2012-05-28,-69.448,11.462,b17a,0.0
2012-05-29,-69.55,11.118,b17a,0.0
2012-05-30,-69.575,10.754,b17a,0.0
2012-05-31,-69.669,10.588,b17a,0.0
2012-06-01,-69.707,10.026,b17a,0.0
2012-06-02,-69.747,9.787,b17a,0.0
2012-06-03,-69.784,9.342,b17a,0.0
2012-06-04,-69.806,8.892,b17a,0.0
2012-06-05,-69.825,8.517,b17a,0.0
2012-06-06,-69.813,8.178,b17a,0.0
2012-06-07,-69.83,7.894,b17a,0.0
2012-06-08,-69.826,7.735,b17a,0.0
2012-06-09,-69.84,7.399,b17a,0.0
2012-06-10,-69.858,7.263,b17a,0.0
2012-06-11,-69.88,6.945,b17a,0.0
2012-06-12,-69.869,6.724,b17a,0.0
2012-06-13,-69.894,6.538,b17a,0.0
2012-06-14,-69.901,6.143,b17a,0.0
2012-06-15,-69.931,5.66,b17a,0.0
2012-06-16,-69.955,5.205,b17a,0.0
2012-06-17,-69.982,4.693,b17a,0.0
2012-06-18,-69.986,4.2,b17a,0.0
2012-06-19,-69.985,3.816,b17a,0.0
2012-06-20,-70.0,3.456,b17a,0.0
2012-06-21,-69.993,3.104,b17a,0.0
2012-06-22,-69.962,2.886,b17a,0.0
2012-06-23,-69.935,2.603,b17a,0.0
2012-06-24,-69.95,2.426,b17a,0.0
2012-06-25,-69.941,2.218,b17a,0.0
2012-06-26,-69.922,2.015,b17a,0.0
2012-06-27,-69.902,1.878,b17a,0.0
2012-06-28,-69.857,1.487,b17a,0.0
2012-06-29,-69.806,1.253,b17a,0.0
2012-06-30,-69.736,1.001,b17a,0.0
2012-07-01,-69.677,0.618,b17a,0.0
2012-07-02,-69.63,0.198,b17a,0.0
2012-07-03,-69.631,-0.207,b17a,0.0
2012-07-04,-69.547,-1.274,b17a,0.0
2012-07-05,-69.816,-1.531,b17a,0.0
2012-07-06,-69.978,-2.594,b17a,0.0
2012-07-07,-70.029,-3.185,b17a,0.0
2012-07-08,-70.028,-3.73,b17a,0.0
2012-07-09,-70.032,-4.045,b17a,0.0
2012-07-10,-70.028,-4.367,b17a,0.0
2012-07-11,-69.985,-4.417,b17a,0.0
2012-07-12,-69.949,-4.64,b17a,0.0
2012-07-13,-69.921,-4.684,b17a,0.0
2012-07-14,-69.857,-4.896,b17a,0.0
2012-07-15,-69.847,-4.909,b17a,0.0
2012-07-16,-69.827,-4.979,b17a,0.0
2012-07-17,-69.805,-5.141,b17a,0.0
2012-07-18,-69.798,-5.21,b17a,0.0
2012-07-19,-69.816,-5.228,b17a,0.0
2012-07-20,-69.769,-5.348,b17a,0.0
2012-07-21,-69.742,-5.42,b17a,0.0
2012-07-22,-69.715,-5.556,b17a,0.0
2012-07-23,-69.721,-5.606,b17a,0.0
2012-07-24,-69.721,-5.815,b17a,0.0
2012-07-25,-69.759,-5.989,b17a,0.0
2012-07-26,-69.776,-6.201,b17a,0.0
2012-07-27,-69.854,-6.598,b17a,0.0
2012-07-28,-69.899,-6.911,b17a,0.0
2012-07-29,-69.962,-7.184,b17a,0.0
2012-07-30,-69.96,-7.386,b17a,0.0
2012-07-31,-69.954,-7.576,b17a,0.0
2012-08-01,-69.945,-7.746,b17a,0.0
2012-08-02,-69.934,-7.889,b17a,0.0
2012-08-03,-69.921,-7.997,b17a,0.0
2012-08-04,-69.908,-8.064,b17a,0.0
2012-08-05,-69.888,-8.107,b17a,0.0
2012-08-06,-69.957,-8.39,b17a,0.0
2012-08-07,-70.036,-8.558,b17a,0.0
2012-08-08,-70.139,-8.915,b17a,0.0
2012-08-09,-70.244,-9.282,b17a,0.0
2012-08-10,-70.308,-9.665,b17a,0.0
2012-08-11,-70.416,-9.893,b17a,0.0
2012-08-12,-70.486,-10.053,b17a,0.0
2012-08-13,-70.503,-10.1,b17a,0.0
2012-08-14,-70.555,-10.114,b17a,0.0
2012-08-15,-70.616,-10.412,b17a,0.0
2012-08-16,-70.652,-10.532,b17a,0.0
2012-08-17,-70.722,-10.779,b17a,0.0
2012-08-18,-70.771,-10.94,b17a,0.0
2012-08-19,-70.829,-11.108,b17a,0.0
2012-08-20,-70.894,-11.358,b17a,0.0
2012-08-21,-70.967,-11.818,b17a,0.0
2012-08-22,-71.096,-12.213,b17a,0.0
2012-08-23,-71.148,-12.767,b17a,0.0
2012-08-24,-71.173,-13.146,b17a,0.0
2012-08-25,-71.277,-14.057,b17a,0.0
2012-08-26,-71.428,-14.478,b17a,0.0
2012-08-27,-71.408,-14.956,b17a,0.0
2012-08-28,-71.489,-15.284,b17a,0.0
2012-08-29,-71.552,-15.351,b17a,0.0
2012-08-30,-71.626,-15.577,b17a,0.0
2012-08-31,-71.661,-15.728,b17a,0.0
2012-09-01,-71.736,-15.835,b17a,0.0
2012-09-02,-71.795,-16.142,b17a,0.0
2012-09-03,-71.834,-16.283,b17a,0.0
2012-09-04,-71.919,-16.541,b17a,0.0
2012-09-05,-72.021,-16.861,b17a,0.0
2012-09-06,-72.103,-17.196,b17a,0.0
2012-09-07,-72.269,-17.593,b17a,0.0
2012-09-08,-72.38,-17.93,b17a,0.0
2012-09-09,-72.502,-18.4,b17a,0.0
2012-09-10,-72.53,-18.854,b17a,0.0
2012-09-11,-72.636,-19.488,b17a,0.0
2012-09-12,-72.743,-20.127,b17a,0.0
2012-09-13,-72.867,-20.526,b17a,0.0
2012-09-14,-72.975,-20.858,b17a,0.0
2012-09-15,-73.063,-21.112,b17a,0.0
2012-09-16,-73.137,-21.416,b17a,0.0
2012-09-17,-73.184,-21.652,b17a,0.0
2012-09-18,-73.252,-21.934,b17a,0.0
2012-09-19,-73.316,-22.084,b17a,0.0
2012-09-20,-73.39,-22.45,b17a,0.0
2012-09-21,-73.44,-22.788,b17a,0.0
2012-09-22,-73.485,-23.075,b17a,0.0
2012-09-23,-73.532,-23.299,b17a,0.0
2012-09-24,-73.582,-23.602,b17a,0.0
2012-09-25,-73.676,-23.895,b17a,0.0
2012-09-26,-73.753,-24.308,b17a,0.0
2012-09-27,-73.789,-24.655,b17a,0.0
2012-09-28,-73.874,-25.098,b17a,0.0
2012-09-29,-73.937,-25.512,b17a,0.0
2012-09-30,-74.018,-26.06,b17a,0.0
2012-10-01,-74.083,-26.158,b17a,0.0
2012-10-02,-74.148,-26.263,b17a,0.0
2012-10-03,-74.211,-26.368,b17a,0.0
2012-10-04,-74.272,-26.449,b17a,0.0
2012-10-05,-74.328,-26.5,b17a,0.0
2012-10-06,-74.374,-26.536,b17a,0.0
2012-10-07,-74.385,-26.626,b17a,0.0
2012-10-08,-74.454,-26.607,b17a,0.0
2012-10-09,-74.485,-26.833,b17a,0.0
2012-10-10,-74.508,-26.853,b17a,0.0
2012-10-11,-74.535,-27.168,b17a,0.0
2012-10-12,-74.592,-27.232,b17a,0.0
2012-10-13,-74.632,-27.413,b17a,0.0
2012-10-14,-74.647,-27.604,b17a,0.0
2012-10-15,-74.658,-27.885,b17a,0.0
2012-10-16,-74.62,-28.108,b17a,0.0
2012-10-17,-74.618,-28.35,b17a,0.0
2012-10-18,-74.592,-28.546,b17a,0.0
2012-10-19,-74.586,-28.809,b17a,0.0
2012-10-20,-74.541,-28.809,b17a,0.0
2012-10-21,-74.548,-28.959,b17a,0.0
2012-10-22,-74.489,-29.105,b17a,0.0
2012-10-23,-74.458,-29.188,b17a,0.0
2012-10-24,-74.451,-29.263,b17a,0.0
2012-10-25,-74.443,-29.36,b17a,0.0
2012-10-26,-74.425,-29.405,b17a,0.0
2012-10-27,-74.419,-29.445,b17a,0.0
2012-10-28,-74.414,-29.545,b17a,0.0
2012-10-29,-74.406,-29.528,b17a,0.0
2012-10-30,-74.391,-29.467,b17a,0.0
2012-10-31,-74.405,-29.527,b17a,0.0
2012-11-01,-74.41,-29.625,b17a,0.0
2012-11-02,-74.412,-29.744,b17a,0.0
2012-11-03,-74.393,-29.817,b17a,0.0
2012-11-04,-74.447,-29.928,b17a,0.0
2012-11-05,-74.438,-29.961,b17a,0.0
2012-11-06,-74.436,-29.924,b17a,0.0
2012-11-07,-74.444,-30.053,b17a,0.0
2012-11-08,-74.429,-30.077,b17a,0.0
2012-11-09,-74.411,-30.126,b17a,0.0
2012-11-10,-74.405,-30.201,b17a,0.0
2012-11-11,-74.369,-30.244,b17a,0.0
2012-11-12,-74.317,-30.285,b17a,0.0
2012-11-13,-74.319,-30.423,b17a,0.0
2012-11-14,-74.28,-30.475,b17a,0.0
2012-11-15,-74.27,-30.564,b17a,0.0
2012-11-16,-74.248,-30.683,b17a,0.0
2012-11-17,-74.219,-30.726,b17a,0.0
2012-11-18,-74.222,-30.802,b17a,0.0
2012-11-19,-74.191,-30.948,b17a,0.0
2012-11-20,-74.189,-31.133,b17a,0.0
2012-11-21,-74.189,-31.211,b17a,0.0
2012-11-22,-74.172,-31.37,b17a,0.0
2012-11-23,-74.129,-31.473,b17a,0.0
2012-11-24,-74.143,-31.638,b17a,0.0
2012-11-25,-74.124,-31.731,b17a,0.0
2012-11-26,-74.162,-31.83,b17a,0.0
2012-11-27,-74.143,-31.973,b17a,0.0
2012-11-28,-74.189,-32.236,b17a,0.0
2012-11-29,-74.146,-32.409,b17a,0.0
2012-11-30,-74.157,-32.533,b17a,0.0
2012-12-01,-74.15,-32.586,b17a,0.0
2012-12-02,-74.138,-32.685,b17a,0.0
2012-12-03,-74.155,-32.795,b17a,0.0
2012-12-04,-74.147,-32.963,b17a,0.0
2012-12-05,-74.159,-33.057,b17a,0.0
2012-12-06,-74.19,-33.164,b17a,0.0
2012-12-07,-74.212,-33.247,b17a,0.0
2012-12-08,-74.204,-33.454,b17a,0.0
2012-12-09,-74.226,-33.4,b17a,0.0
2012-12-10,-74.232,-33.714,b17a,0.0
2012-12-11,-74.236,-33.839,b17a,0.0
2012-12-12,-74.268,-33.881,b17a,0.0
2012-12-13,-74.3,-33.922,b17a,0.0
2012-12-14,-74.294,-34.085,b17a,0.0
2012-12-15,-74.316,-33.93,b17a,0.0
2012-12-16,-74.358,-34.163,b17a,0.0
2012-12-17,-74.321,-34.36,b17a,0.0
2012-12-18,-74.361,-34.425,b17a,0.0
2012-12-19,-74.389,-34.699,b17a,0.0
2012-12-20,-74.349,-34.999,b17a,0.0
2012-12-21,-74.423,-35.455,b17a,0.0
2012-12-22,-74.44,-36.034,b17a,0.0
2012-12-23,-74.442,-36.254,b17a,0.0
2012-12-24,-74.444,-36.562,b17a,0.0
2012-12-25,-74.405,-36.811,b17a,0.0
2012-12-26,-74.379,-37.05,b17a,0.0
2012-12-27,-74.318,-37.151,b17a,0.0
2012-12-28,-74.302,-37.177,b17a,0.0
2012-12-29,-74.285,-37.251,b17a,0.0
2012-12-30,-74.235,-37.52,b17a,0.0
2012-12-31,-74.186,-37.675,b17a,0.0
2013-01-01,-74.155,-37.951,b17a,0.0
2013-01-02,-74.14,-38.067,b17a,0.0
2013-01-03,-74.128,-38.157,b17a,0.0
2013-01-04,-74.1,-38.137,b17a,0.0
2013-01-05,-74.069,-38.266,b17a,0.0
2013-01-06,-74.029,-38.434,b17a,0.0
2013-01-07,-74.034,-38.302,b17a,0.0
2013-01-08,-74.012,-38.334,b17a,0.0
2013-01-09,-74.001,-38.582,b17a,0.0
2013-01-10,-74.015,-38.388,b17a,0.0
2013-01-11,-73.968,-38.486,b17a,0.0
2013-01-12,-73.953,-38.489,b17a,0.0
2013-01-13,-73.919,-38.627,b17a,0.0
2013-01-14,-73.882,-38.797,b17a,0.0
2013-01-15,-73.837,-38.946,b17a,0.0
2013-01-16,-73.801,-38.936,b17a,0.0
2013-01-17,-73.739,-38.943,b17a,0.0
2013-01-18,-73.683,-39.012,b17a,0.0
2013-01-19,-73.7,-39.014,b17a,0.0
2013-01-20,-73.717,-39.138,b17a,0.0
2013-01-21,-73.716,-39.177,b17a,0.0
2013-01-22,-73.715,-39.299,b17a,0.0
2013-01-23,-73.68,-39.315,b17a,0.0
2013-01-24,-73.65,-39.31,b17a,0.0
2013-01-25,-73.597,-39.177,b17a,0.0
2013-01-26,-73.586,-39.045,b17a,0.0
2013-01-27,-73.587,-38.984,b17a,0.0
2013-01-28,-73.616,-39.019,b17a,0.0
2013-01-29,-73.575,-39.203,b17a,0.0
2013-01-30,-73.567,-39.336,b17a,0.0
2013-01-31,-73.582,-39.418,b17a,0.0
2013-02-01,-73.588,-39.536,b17a,0.0
2013-02-02,-73.602,-39.583,b17a,0.0
2013-02-03,-73.62,-39.612,b17a,0.0
2013-02-04,-73.625,-39.642,b17a,0.0
2013-02-05,-73.584,-39.814,b17a,0.0
2013-02-06,-73.55,-40.142,b17a,0.0
2013-02-07,-73.539,-40.164,b17a,0.0
2013-02-08,-73.525,-40.079,b17a,0.0
2013-02-09,-73.54,-39.911,b17a,0.0
2013-02-10,-73.52,-39.842,b17a,0.0
2013-02-11,-73.531,-39.836,b17a,0.0
2013-02-12,-73.545,-39.833,b17a,0.0
2013-02-13,-73.55,-39.825,b17a,0.0
2013-02-14,-73.573,-39.559,b17a,0.0
2013-02-15,-73.555,-39.518,b17a,0.0
2013-02-16,-73.535,-39.506,b17a,0.0
2013-02-17,-73.538,-39.509,b17a,0.0
2013-02-18,-73.566,-39.271,b17a,0.0
2013-02-19,-73.59,-39.132,b17a,0.0
2013-02-20,-73.61,-39.03,b17a,0.0
2013-02-21,-73.622,-39.018,b17a,0.0
2013-02-22,-73.592,-38.704,b17a,0.0
2013-02-23,-73.634,-38.366,b17a,0.0
2013-02-24,-73.749,-38.093,b17a,0.0
2013-02-25,-73.778,-38.039,b17a,0.0
2013-02-26,-73.875,-37.852,b17a,0.0
2013-02-27,-73.825,-37.806,b17a,0.0
2013-02-28,-73.798,-37.684,b17a,0.0
2013-03-01,-73.778,-37.539,b17a,0.0
2013-03-02,-73.754,-37.201,b17a,0.0
2013-03-03,-73.759,-37.221,b17a,0.0
2013-03-04,-73.769,-37.241,b17a,0.0
2013-03-05,-73.784,-37.236,b17a,0.0
2013-03-06,-73.75,-37.462,b17a,0.0
2013-03-07,-73.685,-37.555,b17a,0.0
2013-03-08,-73.573,-37.792,b17a,0.0
2013-03-09,-73.484,-37.952,b17a,0.0
2013-03-10,-73.37,-38.132,b17a,0.0
2013-03-11,-73.346,-38.153,b17a,0.0
2013-03-12,-73.281,-38.377,b17a,0.0
2013-03-13,-73.229,-38.502,b17a,0.0
2013-03-14,-73.2,-38.913,b17a,0.0
2013-03-15,-73.148,-39.17,b17a,0.0
2013-03-16,-73.102,-39.172,b17a,0.0
2013-03-17,-73.025,-39.226,b17a,0.0
2013-03-18,-72.935,-39.241,b17a,0.0
2013-03-19,-72.903,-39.328,b17a,0.0
2013-03-20,-72.876,-39.342,b17a,0.0
2013-03-21,-72.849,-39.386,b17a,0.0
2013-03-22,-72.816,-39.483,b17a,0.0
2013-03-23,-72.764,-39.824,b17a,0.0
2013-03-24,-72.681,-40.075,b17a,0.0
2013-03-25,-72.54,-40.205,b17a,0.0
2013-03-26,-72.485,-39.962,b17a,0.0
2013-03-27,-72.473,-39.993,b17a,0.0
2013-03-28,-72.46,-40.065,b17a,0.0
2013-03-29,-72.387,-40.211,b17a,0.0
2013-03-30,-72.294,-40.427,b17a,0.0
2013-03-31,-72.171,-40.559,b17a,0.0
2013-04-01,-72.026,-40.629,b17a,0.0
2013-04-02,-72.051,-40.481,b17a,0.0
2013-04-03,-72.124,-40.728,b17a,0.0
2013-04-04,-72.148,-41.013,b17a,0.0
2013-04-05,-72.121,-41.413,b17a,0.0
2013-04-06,-72.086,-41.399,b17a,0.0
2013-04-07,-72.118,-41.49,b17a,0.0
2013-04-08,-72.168,-41.459,b17a,0.0
2013-04-09,-72.164,-41.406,b17a,0.0
2013-04-10,-72.149,-41.275,b17a,0.0
2013-04-11,-72.125,-41.12,b17a,0.0
2013-04-12,-72.055,-41.052,b17a,0.0
2013-04-13,-71.976,-40.916,b17a,0.0
2013-04-14,-71.882,-41.037,b17a,0.0
2013-04-15,-71.819,-41.074,b17a,0.0
2013-04-16,-71.748,-40.92,b17a,0.0
2013-04-17,-71.68,-40.858,b17a,0.0
2013-04-18,-71.661,-40.679,b17a,0.0
2013-04-19,-71.642,-40.42,b17a,0.0
2013-04-20,-71.69,-40.55,b17a,0.0
2013-04-21,-71.742,-40.693,b17a,0.0
2013-04-22,-71.73,-40.955,b17a,0.0
2013-04-23,-71.734,-41.307,b17a,0.0
2013-04-24,-71.661,-41.655,b17a,0.0
2013-04-25,-71.563,-41.717,b17a,0.0
2013-04-26,-71.485,-41.709,b17a,0.0
2013-04-27,-71.467,-41.573,b17a,0.0
2013-04-28,-71.47,-41.498,b17a,0.0
2013-04-29,-71.495,-41.653,b17a,0.0
2013-04-30,-71.553,-41.647,b17a,0.0
2013-05-01,-71.623,-41.461,b17a,0.0
2013-05-02,-71.67,-41.55,b17a,0.0
2013-05-03,-71.748,-41.772,b17a,0.0
2013-05-04,-71.756,-42.053,b17a,0.0
2013-05-05,-71.72,-42.252,b17a,0.0
2013-05-06,-71.682,-42.355,b17a,0.0
2013-05-07,-71.667,-42.573,b17a,0.0
2013-05-08,-71.735,-42.903,b17a,0.0
2013-05-09,-71.642,-43.281,b17a,0.0
2013-05-10,-71.53,-43.206,b17a,0.0
2013-05-11,-71.461,-43.263,b17a,0.0
2013-05-12,-71.4,-43.254,b17a,0.0
2013-05-13,-71.362,-43.186,b17a,0.0
2013-05-14,-71.373,-43.047,b17a,0.0
2013-05-15,-71.369,-43.378,b17a,0.0
2013-05-16,-71.293,-43.455,b17a,0.0
2013-05-17,-71.191,-43.456,b17a,0.0
2013-05-18,-71.133,-43.327,b17a,0.0
2013-05-19,-71.173,-43.358,b17a,0.0
2013-05-20,-71.157,-43.269,b17a,0.0
2013-05-21,-71.187,-43.442,b17a,0.0
2013-05-22,-71.152,-43.384,b17a,0.0
2013-05-23,-71.171,-43.824,b17a,0.0
2013-05-24,-71.079,-43.809,b17a,0.0
2013-05-25,-70.935,-43.768,b17a,0.0
2013-05-26,-70.934,-43.595,b17a,0.0
2013-05-27,-70.93,-43.627,b17a,0.0
2013-05-28,-70.89,-43.678,b17a,0.0
2013-05-29,-70.794,-43.737,b17a,0.0
2013-05-30,-70.773,-43.549,b17a,0.0
2013-05-31,-70.819,-43.767,b17a,0.0
2013-06-01,-70.822,-44.07,b17a,0.0
2013-06-02,-70.625,-44.169,b17a,0.0
2013-06-03,-70.59,-43.771,b17a,0.0
2013-06-04,-70.614,-43.716,b17a,0.0
2013-06-05,-70.668,-43.662,b17a,0.0
2013-06-06,-70.654,-43.832,b17a,0.0
2013-06-07,-70.665,-43.738,b17a,0.0
2013-06-08,-70.723,-43.78,b17a,0.0
2013-06-09,-70.789,-43.637,b17a,0.0
2013-06-10,-70.844,-43.46,b17a,0.0
2013-06-11,-70.827,-43.16,b17a,0.0
2013-06-12,-70.885,-43.369,b17a,0.0
2013-06-13,-70.843,-43.67,b17a,0.0
2013-06-14,-70.845,-43.801,b17a,0.0
2013-06-15,-70.773,-43.884,b17a,0.0
2013-06-16,-70.79,-43.935,b17a,0.0
2013-06-17,-70.861,-43.72,b17a,0.0
2013-06-18,-71.042,-43.613,b17a,0.0
2013-06-19,-71.164,-43.587,b17a,0.0
2013-06-20,-71.309,-43.675,b17a,0.0
2013-06-21,-71.404,-43.917,b17a,0.0
2013-06-22,-71.464,-44.585,b17a,0.0
2013-06-23,-71.525,-44.639,b17a,0.0
2013-06-24,-71.193,-45.652,b17a,0.0
2013-06-25,-71.235,-45.95,b17a,0.0
2013-06-26,-71.241,-46.196,b17a,0.0
2013-06-27,-71.196,-46.427,b17a,0.0
2013-06-28,-71.143,-46.665,b17a,0.0
2013-06-29,-71.11,-46.629,b17a,0.0
2013-06-30,-71.063,-46.793,b17a,0.0
2013-07-01,-71.085,-46.819,b17a,0.0
2013-07-02,-71.047,-46.985,b17a,0.0
2013-07-03,-71.01,-46.85,b17a,0.0
2013-07-04,-71.02,-46.933,b17a,0.0
2013-07-05,-71.022,-46.897,b17a,0.0
2013-07-06,-71.037,-47.031,b17a,0.0
2013-07-07,-70.992,-47.058,b17a,0.0
2013-07-08,-71.345,-46.58,b17a,0.0
2013-07-09,-71.287,-46.569,b17a,0.0
2013-07-10,-71.316,-46.847,b17a,0.0
2013-07-11,-71.271,-46.788,b17a,0.0
2013-07-12,-71.292,-46.859,b17a,0.0
2013-07-13,-71.289,-46.802,b17a,0.0
2013-07-14,-71.291,-46.901,b17a,0.0
2013-07-15,-71.221,-47.123,b17a,0.0
2013-07-16,-71.127,-47.355,b17a,0.0
2013-07-17,-70.994,-47.275,b17a,0.0
2013-07-18,-70.999,-47.29,b17a,0.0
2013-07-19,-70.98,-47.23,b17a,0.0
2013-07-20,-70.851,-47.253,b17a,0.0
2013-07-21,-70.386,-47.556,b17a,0.0
2013-07-22,-70.853,-46.722,b17a,0.0
2013-07-23,-70.934,-46.852,b17a,0.0
2013-07-24,-70.914,-47.057,b17a,0.0
2013-07-25,-70.951,-47.044,b17a,0.0
2013-07-26,-70.933,-47.661,b17a,0.0
2013-07-27,-70.906,-47.798,b17a,0.0
2013-07-28,-70.86,-48.327,b17a,0.0
2013-07-29,-70.836,-48.29,b17a,0.0
2013-07-30,-70.767,-48.649,b17a,0.0
2013-07-31,-70.729,-48.516,b17a,0.0
2013-08-01,-70.712,-48.643,b17a,0.0
2013-08-02,-70.699,-48.506,b17a,0.0
2013-08-03,-70.61,-48.476,b17a,0.0
2013-08-04,-70.1,-48.754,b17a,0.0
2013-08-05,-70.584,-48.386,b17a,0.0
2013-08-06,-70.602,-48.311,b17a,0.0
2013-08-07,-70.636,-48.426,b17a,0.0
2013-08-08,-70.685,-48.321,b17a,0.0
2013-08-09,-70.681,-48.582,b17a,0.0
2013-08-10,-70.713,-48.738,b17a,0.0
2013-08-11,-70.695,-48.813,b17a,0.0
2013-08-12,-70.758,-48.799,b17a,0.0
2013-08-13,-70.772,-49.173,b17a,0.0
2013-08-14,-70.798,-49.219,b17a,0.0
2013-08-15,-70.808,-49.486,b17a,0.0
2013-08-16,-70.812,-49.689,b17a,0.0
2013-08-17,-70.84,-49.787,b17a,0.0
2013-08-18,-70.326,-49.941,b17a,0.0
2013-08-19,-70.843,-49.893,b17a,0.0
2013-08-20,-70.834,-49.862,b17a,0.0
2013-08-21,-70.838,-50.02,b17a,0.0
2013-08-22,-70.785,-49.827,b17a,0.0
2013-08-23,-70.709,-49.837,b17a,0.0
2013-08-24,-70.714,-49.666,b17a,0.0
2013-08-25,-70.616,-49.69,b17a,0.0
2013-08-26,-70.629,-49.596,b17a,0.0
2013-08-27,-70.618,-49.65,b17a,0.0
2013-08-28,-70.589,-49.733,b17a,0.0
2013-08-29,-70.502,-49.916,b17a,0.0
2013-08-30,-70.359,-50.171,b17a,0.0
2013-08-31,-70.146,-50.473,b17a,0.0
2013-09-01,-69.457,-50.414,b17a,0.0
2013-09-02,-69.912,-50.424,b17a,0.0
2013-09-03,-69.868,-50.313,b17a,0.0
2013-09-04,-69.866,-50.26,b17a,0.0
2013-09-05,-69.922,-49.912,b17a,0.0
2013-09-06,-69.864,-50.073,b17a,0.0
2013-09-07,-69.82,-49.876,b17a,0.0
2013-09-08,-69.797,-49.932,b17a,0.0
2013-09-09,-69.853,-49.898,b17a,0.0
2013-09-10,-69.802,-49.995,b17a,0.0
2013-09-11,-69.673,-49.908,b17a,0.0
2013-09-12,-69.586,-49.745,b17a,0.0
2013-09-13,-69.512,-49.716,b17a,0.0
2013-09-14,-69.346,-49.992,b17a,0.0
2013-09-15,-68.669,-50.167,b17a,0.0
2013-09-16,-69.234,-50.271,b17a,0.0
2013-09-17,-69.191,-49.95,b17a,0.0
2013-09-18,-69.192,-49.778,b17a,0.0
2013-09-19,-69.235,-49.618,b17a,0.0
2013-09-20,-69.3,-49.356,b17a,0.0
2013-09-21,-69.3,-49.314,b17a,0.0
2013-09-22,-69.312,-49.573,b17a,0.0
2013-09-23,-69.251,-49.98,b17a,0.0
2013-09-24,-69.242,-50.165,b17a,0.0
2013-09-25,-69.237,-50.323,b17a,0.0
2013-09-26,-69.203,-50.384,b17a,0.0
2013-09-27,-69.055,-50.407,b17a,0.0
2013-09-28,-68.96,-50.522,b17a,0.0
2013-09-29,-68.953,-50.369,b17a,0.0
2013-09-30,-68.916,-50.375,b17a,0.0
2013-10-01,-68.948,-50.263,b17a,0.0
2013-10-02,-68.899,-50.144,b17a,0.0
2013-10-03,-68.828,-50.252,b17a,0.0
2013-10-04,-68.767,-50.351,b17a,0.0
2013-10-05,-68.768,-50.438,b17a,0.0
2013-10-06,-68.736,-50.462,b17a,0.0
2013-10-07,-68.733,-50.493,b17a,0.0
2013-10-08,-68.74,-50.476,b17a,0.0
2013-10-09,-68.648,-50.685,b17a,0.0
2013-10-10,-68.631,-50.755,b17a,0.0
2013-10-11,-68.63,-50.795,b17a,0.0
2013-10-12,-68.517,-50.89,b17a,0.0
2013-10-13,-68.397,-50.831,b17a,0.0
2013-10-14,-68.434,-50.867,b17a,0.0
2013-10-15,-68.416,-51.107,b17a,0.0
2013-10-16,-68.298,-50.926,b17a,0.0
2013-10-17,-68.19,-50.993,b17a,0.0
2013-10-18,-67.721,-50.72,b17a,0.0
2013-10-19,-67.645,-50.692,b17a,0.0
2013-10-20,-67.621,-50.64,b17a,0.0
2013-10-21,-67.632,-50.739,b17a,0.0
2013-10-22,-67.572,-50.83,b17a,0.0
2013-10-23,-67.471,-50.872,b17a,0.0
2013-10-24,-67.405,-50.923,b17a,0.0
2013-10-25,-67.379,-50.94,b17a,0.0
2013-10-26,-67.348,-50.961,b17a,0.0
2013-10-27,-67.322,-50.999,b17a,0.0
2013-10-28,-67.32,-51.079,b17a,0.0
2013-10-29,-67.235,-51.228,b17a,0.0
2013-10-30,-67.182,-51.236,b17a,0.0
2013-10-31,-67.164,-51.322,b17a,0.0
2013-11-01,-67.084,-51.327,b17a,0.0
2013-11-02,-67.087,-51.231,b17a,0.0
2013-11-03,-67.036,-51.116,b17a,0.0
2013-11-04,-66.992,-51.107,b17a,0.0
2013-11-05,-66.96,-51.133,b17a,0.0
2013-11-06,-66.849,-51.261,b17a,0.0
2013-11-07,-66.794,-51.326,b17a,0.0
2013-11-08,-66.69,-51.321,b17a,0.0
2013-11-09,-66.639,-51.328,b17a,0.0
2013-11-10,-66.473,-51.384,b17a,0.0
2013-11-11,-66.424,-51.356,b17a,0.0
2013-11-12,-66.369,-51.338,b17a,0.0
2013-11-13,-66.347,-51.343,b17a,0.0
2013-11-14,-66.34,-51.312,b17a,0.0
2013-11-15,-66.282,-51.302,b17a,0.0
2013-11-16,-66.732,-51.09,b17a,0.0
2013-11-17,-66.693,-51.285,b17a,0.0
2013-11-18,-66.715,-51.395,b17a,0.0
2013-11-19,-66.734,-51.293,b17a,0.0
2013-11-20,-66.752,-50.992,b17a,0.0
2013-11-21,-66.726,-50.952,b17a,0.0
2013-11-22,-66.726,-50.832,b17a,0.0
2013-11-23,-66.756,-50.727,b17a,0.0
2013-11-24,-66.77,-50.575,b17a,0.0
2013-11-25,-66.746,-50.619,b17a,0.0
2013-11-26,-66.721,-50.462,b17a,0.0
2013-11-27,-66.758,-50.42,b17a,0.0
2013-11-28,-66.739,-50.44,b17a,0.0
2013-11-29,-66.003,-51.107,b17a,0.0
2013-11-30,-65.982,-51.263,b17a,0.0
2013-12-01,-65.963,-51.423,b17a,0.0
2013-12-02,-65.946,-51.524,b17a,0.0
2013-12-03,-65.93,-51.562,b17a,0.0
2013-12-04,-65.932,-51.633,b17a,0.0
2013-12-05,-65.924,-51.695,b17a,0.0
2013-12-06,-65.877,-51.959,b17a,0.0
2013-12-07,-65.84,-51.987,b17a,0.0
2013-12-08,-65.806,-52.059,b17a,0.0
2013-12-09,-65.754,-52.152,b17a,0.0
2013-12-10,-65.659,-52.215,b17a,0.0
2013-12-11,-65.618,-52.311,b17a,0.0
2013-12-12,-65.547,-52.329,b17a,0.0
2013-12-13,-65.489,-52.344,b17a,0.0
2013-12-14,-65.47,-52.467,b17a,0.0
2013-12-15,-65.404,-52.465,b17a,0.0
2013-12-16,-65.345,-52.4,b17a,0.0
2013-12-17,-65.26,-52.436,b17a,0.0
2013-12-18,-65.131,-52.352,b17a,0.0
2013-12-19,-65.023,-52.566,b17a,0.0
2013-12-20,-64.963,-52.689,b17a,0.0
2013-12-21,-65.405,-52.853,b17a,0.0
2013-12-22,-65.362,-52.951,b17a,0.0
2013-12-23,-65.329,-52.886,b17a,0.0
2013-12-24,-65.282,-52.932,b17a,0.0
2013-12-25,-65.194,-53.005,b17a,0.0
2013-12-26,-65.258,-51.93,b17a,0.0
2013-12-27,-65.277,-51.763,b17a,0.0
2013-12-28,-65.222,-52.091,b17a,0.0
2013-12-29,-65.156,-52.423,b17a,0.0
2013-12-30,-65.105,-52.649,b17a,0.0
2013-12-31,-65.056,-52.852,b17a,0.0
2014-01-01,-64.99,-53.114,b17a,0.0
2014-01-02,-64.956,-53.259,b17a,0.0
2014-01-03,-64.761,-53.092,b17a,0.0
2014-01-04,-64.743,-53.15,b17a,0.0
2014-01-05,-64.741,-53.177,b17a,0.0
2014-01-06,-64.649,-53.163,b17a,0.0
2014-01-07,-64.572,-53.207,b17a,0.0
2014-01-08,-64.465,-53.273,b17a,0.0
2014-01-09,-64.399,-53.258,b17a,0.0
2014-01-10,-64.324,-53.222,b17a,0.0
2014-01-11,-64.371,-53.195,b17a,0.0
2014-01-12,-64.308,-53.14,b17a,0.0
2014-01-13,-64.272,-53.155,b17a,0.0
2014-01-14,-64.248,-53.159,b17a,0.0
2014-01-15,-64.278,-53.122,b17a,0.0
2014-01-16,-64.259,-53.117,b17a,0.0
2014-01-17,-64.243,-53.118,b17a,0.0
2014-01-18,-64.205,-53.13,b17a,0.0
2014-01-19,-64.171,-53.073,b17a,0.0
2014-01-20,-64.161,-53.04,b17a,0.0
2014-01-21,-64.161,-53.064,b17a,0.0
2014-01-22,-64.125,-53.031,b17a,0.0
2014-01-23,-64.092,-53.001,b17a,0.0
2014-01-24,-64.11,-52.975,b17a,0.0
2014-01-25,-64.105,-52.834,b17a,0.0
2014-01-26,-64.096,-52.681,b17a,0.0
2014-01-27,-64.114,-52.589,b17a,0.0
2014-01-28,-64.127,-52.565,b17a,0.0
2014-01-29,-64.025,-52.738,b17a,0.0
2014-01-30,-63.988,-52.819,b17a,0.0
2014-01-31,-63.992,-52.872,b17a,0.0
2014-02-01,-64.0,-52.914,b17a,0.0
2014-02-02,-64.009,-52.946,b17a,0.0
2014-02-03,-64.016,-52.968,b17a,0.0
2014-02-04,-64.017,-52.983,b17a,0.0
2014-02-05,-63.982,-52.991,b17a,0.0
2014-02-06,-63.849,-52.986,b17a,0.0
2014-02-07,-63.686,-53.141,b17a,0.0
2014-02-08,-63.684,-53.139,b17a,0.0
2014-02-09,-63.688,-53.13,b17a,0.0
2014-02-10,-63.744,-52.933,b17a,0.0
2014-02-11,-63.73,-53.002,b17a,0.0
2014-02-12,-63.67,-52.938,b17a,0.0
2014-02-13,-63.658,-52.858,b17a,0.0
2014-02-14,-63.665,-52.784,b17a,0.0
2014-02-15,-63.674,-52.709,b17a,0.0
2014-02-16,-63.767,-52.421,b17a,0.0
2014-02-17,-63.773,-52.277,b17a,0.0
2014-02-18,-63.744,-52.244,b17a,0.0
2014-02-19,-63.744,-52.289,b17a,0.0
2014-02-20,-63.738,-52.266,b17a,0.0
2014-02-21,-63.732,-52.277,b17a,0.0
2014-02-22,-63.793,-52.329,b17a,0.0
2014-02-23,-63.733,-52.384,b17a,0.0
2014-02-24,-63.678,-52.453,b17a,0.0
2014-02-25,-63.479,-52.243,b17a,0.0
2014-02-26,-63.433,-52.237,b17a,0.0
2014-02-27,-63.383,-52.207,b17a,0.0
2014-02-28,-63.313,-52.111,b17a,0.0
2014-03-01,-63.204,-52.001,b17a,0.0
2014-03-02,-63.143,-52.079,b17a,0.0
2014-03-03,-63.128,-52.061,b17a,0.0
2014-03-04,-63.122,-52.061,b17a,0.0
2014-03-05,-63.164,-52.175,b17a,0.0
2014-03-06,-63.193,-52.212,b17a,0.0
2014-03-07,-63.245,-52.068,b17a,0.0
2014-03-08,-63.164,-52.435,b17a,0.0
2014-03-09,-63.236,-51.981,b17a,0.0
2014-03-10,-63.171,-52.558,b17a,0.0
2014-03-11,-63.155,-52.516,b17a,0.0
2014-03-12,-63.135,-52.514,b17a,0.0
2014-03-13,-63.11,-52.516,b17a,0.0
2014-03-14,-63.073,-52.513,b17a,0.0
2014-03-15,-63.039,-52.485,b17a,0.0
2014-03-16,-62.932,-52.512,b17a,0.0
2014-03-17,-62.863,-52.518,b17a,0.0
2014-03-18,-62.816,-52.577,b17a,0.0
2014-03-19,-62.754,-52.682,b17a,0.0
2014-03-20,-62.682,-52.825,b17a,0.0
2014-03-21,-62.618,-52.98,b17a,0.0
2014-03-22,-62.563,-53.134,b17a,0.0
2014-03-23,-62.506,-53.179,b17a,0.0
2014-03-24,-62.447,-53.18,b17a,0.0
2014-03-25,-62.387,-53.194,b17a,0.0
2014-03-26,-62.324,-53.282,b17a,0.0
2014-03-27,-62.265,-53.291,b17a,0.0
2014-03-28,-62.243,-53.287,b17a,0.0
2014-03-29,-62.227,-53.302,b17a,0.0
2014-03-30,-62.163,-53.359,b17a,0.0
2014-03-31,-62.155,-53.287,b17a,0.0
2014-04-01,-62.141,-53.242,b17a,0.0
2014-04-02,-62.106,-53.235,b17a,0.0
2014-04-03,-62.076,-53.223,b17a,0.0
2014-04-04,-62.069,-53.178,b17a,0.0
2014-04-05,-62.038,-53.11,b17a,0.0
2014-04-06,-61.995,-53.022,b17a,0.0
2014-04-07,-61.952,-52.929,b17a,0.0
2014-04-08,-61.88,-52.788,b17a,0.0
2014-04-09,-61.836,-52.67,b17a,0.0
2014-04-10,-61.813,-52.556,b17a,0.0
2014-04-11,-61.788,-52.417,b17a,0.0
2014-04-12,-61.664,-52.284,b17a,0.0
2014-04-13,-61.622,-52.273,b17a,0.0
2014-04-14,-61.598,-52.204,b17a,0.0
2014-04-15,-61.565,-52.144,b17a,0.0
2014-04-16,-61.554,-52.04,b17a,0.0
2014-04-17,-61.544,-52.04,b17a,0.0
2014-04-18,-61.512,-51.947,b17a,0.0
2014-04-19,-61.476,-51.858,b17a,0.0
2014-04-20,-61.443,-51.798,b17a,0.0
2014-04-21,-61.43,-51.84,b17a,0.0
2014-04-22,-61.417,-51.892,b17a,0.0
2014-04-23,-61.297,-51.554,b17a,0.0
2014-04-24,-61.287,-51.601,b17a,0.0
2014-04-25,-61.238,-51.566,b17a,0.0
2014-04-26,-61.466,-51.351,b17a,0.0
2014-04-27,-61.361,-51.186,b17a,0.0
2014-04-28,-61.236,-51.013,b17a,0.0
2014-04-29,-61.208,-51.004,b17a,0.0
2014-04-30,-61.204,-50.93,b17a,0.0
2014-05-01,-61.204,-50.93,b17a,0.0
2014-05-02,-61.204,-50.93,b17a,0.0
2014-05-03,-61.153,-50.233,b17a,0.0
2014-05-04,-60.983,-50.204,b17a,0.0
2014-05-05,-60.918,-50.166,b17a,0.0
2014-05-06,-60.874,-50.127,b17a,0.0
2014-05-07,-60.838,-50.09,b17a,0.0
2014-05-08,-60.804,-50.074,b17a,0.0
2014-05-09,-61.085,-51.933,b17a,0.0
2014-05-10,-61.085,-51.942,b17a,0.0
2014-05-11,-61.085,-51.981,b17a,0.0
2014-05-12,-61.087,-52.054,b17a,0.0
2014-05-13,-61.091,-52.119,b17a,0.0
2014-05-14,-61.103,-52.171,b17a,0.0
2014-05-15,-61.128,-52.223,b17a,0.0
2014-05-16,-61.158,-52.271,b17a,0.0
2014-05-17,-61.174,-52.293,b17a,0.0
2014-05-18,-61.162,-52.273,b17a,0.0
2014-05-19,-61.12,-52.217,b17a,0.0
2014-05-20,-61.063,-52.144,b17a,0.0
2014-05-21,-61.007,-52.076,b17a,0.0
2014-05-22,-60.929,-51.822,b17a,0.0
2014-05-23,-60.895,-51.774,b17a,0.0
2014-05-24,-60.884,-51.857,b17a,0.0
2014-05-25,-60.864,-51.85,b17a,0.0
2014-05-26,-60.845,-51.845,b17a,0.0
2014-05-27,-60.818,-51.733,b17a,0.0
2014-05-28,-60.784,-51.675,b17a,0.0
2014-05-29,-60.748,-51.698,b17a,0.0
2014-05-30,-60.745,-51.697,b17a,0.0
2014-05-31,-60.753,-51.727,b17a,0.0
2014-06-01,-60.864,-52.0,b17a,0.0
2014-06-02,-60.885,-52.135,b17a,0.0
2014-06-03,-60.948,-52.189,b17a,0.0
2014-06-04,-60.943,-52.212,b17a,0.0
2014-06-05,-60.922,-52.23,b17a,0.0
2014-06-06,-60.92,-52.249,b17a,0.0
2014-06-07,-60.899,-52.28,b17a,0.0
2014-06-08,-60.898,-52.225,b17a,0.0
2014-06-09,-60.886,-52.104,b17a,0.0
2014-06-10,-60.871,-51.972,b17a,0.0
2014-06-11,-60.93,-51.887,b17a,0.0
2014-06-12,-60.921,-51.744,b17a,0.0
2014-06-13,-60.87,-51.581,b17a,0.0
2014-06-14,-61.046,-50.469,b17a,0.0
2014-06-15,-61.021,-50.643,b17a,0.0
2014-06-16,-61.011,-50.775,b17a,0.0
2014-06-17,-61.069,-50.825,b17a,0.0
2014-06-18,-61.152,-50.593,b17a,0.0
2014-06-19,-61.083,-50.555,b17a,0.0
2014-06-20,-60.956,-50.533,b17a,0.0
2014-06-21,-60.887,-50.526,b17a,0.0
2014-06-22,-60.915,-50.72,b17a,0.0
2014-06-23,-60.967,-50.715,b17a,0.0
2014-06-24,-61.036,-50.701,b17a,0.0
2014-06-25,-61.097,-50.677,b17a,0.0
2014-06-26,-61.123,-50.644,b17a,0.0
2014-06-27,-60.143,-51.637,b17a,0.0
2014-06-28,-60.128,-51.629,b17a,0.0
2014-06-29,-60.114,-51.611,b17a,0.0
2014-06-30,-60.118,-51.574,b17a,0.0
2014-07-01,-60.167,-51.523,b17a,0.0
2014-07-02,-60.191,-51.346,b17a,0.0
2014-07-03,-60.177,-51.258,b17a,0.0
2014-07-04,-60.132,-51.214,b17a,0.0
2014-07-05,-60.096,-51.217,b17a,0.0
2014-07-06,-60.072,-51.313,b17a,0.0
2014-07-07,-60.047,-51.397,b17a,0.0
2014-07-08,-60.044,-51.605,b17a,0.0
2014-07-09,-60.033,-51.776,b17a,0.0
2014-07-10,-59.987,-51.801,b17a,0.0
2014-07-11,-59.957,-51.929,b17a,0.0
2014-07-12,-60.971,-51.814,b17a,0.0
2014-07-13,-60.981,-52.184,b17a,0.0
2014-07-14,-60.992,-52.419,b17a,0.0
2014-07-15,-60.989,-52.444,b17a,0.0
2014-07-16,-60.962,-52.599,b17a,0.0
2014-07-17,-60.901,-52.524,b17a,0.0
2014-07-18,-60.806,-52.332,b17a,0.0
2014-07-19,-60.691,-52.071,b17a,0.0
2014-07-20,-60.569,-51.789,b17a,0.0
2014-07-21,-60.426,-51.423,b17a,0.0
2014-07-22,-60.341,-51.435,b17a,0.0
2014-07-23,-60.276,-51.471,b17a,0.0
2014-07-24,-60.209,-51.529,b17a,0.0
2014-07-25,-59.445,-51.841,b17a,0.0
2014-07-26,-59.391,-51.867,b17a,0.0
2014-07-27,-59.198,-51.672,b17a,0.0
2014-07-28,-58.984,-51.409,b17a,0.0
2014-07-29,-58.866,-51.218,b17a,0.0
2014-07-30,-58.761,-51.041,b17a,0.0
2014-07-31,-58.657,-50.855,b17a,0.0
2014-08-01,-58.631,-50.826,b17a,0.0
2014-08-02,-58.655,-50.839,b17a,0.0
2014-08-03,-58.524,-50.842,b17a,0.0
2014-08-04,-58.545,-50.973,b17a,0.0
2014-08-05,-58.608,-51.147,b17a,0.0
2014-08-06,-58.788,-51.371,b17a,0.0
2014-08-07,-58.945,-51.515,b17a,0.0
2014-08-08,-58.968,-51.528,b17a,0.0
2014-08-09,-59.027,-51.616,b17a,0.0
2014-08-10,-59.064,-51.47,b17a,0.0
2014-08-11,-59.058,-51.215,b17a,0.0
2014-08-12,-59.046,-50.906,b17a,0.0
2014-08-13,-59.031,-50.626,b17a,0.0
2014-08-14,-58.943,-50.463,b17a,0.0
2014-08-15,-58.88,-50.278,b17a,0.0
2014-08-16,-58.79,-50.113,b17a,0.0
2014-08-17,-58.692,-49.924,b17a,0.0
2014-08-18,-58.645,-49.815,b17a,0.0
2014-08-19,-58.512,-49.729,b17a,0.0
2014-08-20,-58.446,-49.667,b17a,0.0
2014-08-21,-58.354,-49.541,b17a,0.0
2014-08-22,-58.343,-49.457,b17a,0.0
2014-08-23,-58.291,-49.409,b17a,0.0
2014-08-24,-58.204,-49.385,b17a,0.0
2014-08-25,-58.163,-49.336,b17a,0.0
2014-08-26,-58.137,-49.121,b17a,0.0
2014-08-27,-58.102,-49.086,b17a,0.0
2014-08-28,-58.077,-48.987,b17a,0.0
2014-08-29,-58.053,-48.887,b17a,0.0
2014-08-30,-58.058,-48.889,b17a,0.0
2014-08-31,-57.9,-48.704,b17a,0.0
2014-09-01,-57.93,-48.682,b17a,0.0
2014-09-02,-57.927,-48.599,b17a,0.0
2014-09-03,-57.95,-48.645,b17a,0.0
2014-09-04,-57.963,-48.65,b17a,0.0
2014-09-05,-57.968,-48.652,b17a,0.0
2014-09-06,-58.028,-48.633,b17a,0.0
2014-09-07,-58.027,-48.631,b17a,0.0
2014-09-08,-58.06,-48.497,b17a,0.0
2014-09-09,-58.124,-48.251,b17a,0.0
2014-09-10,-58.161,-48.115,b17a,0.0
2014-09-11,-58.163,-48.133,b17a,0.0
2014-09-12,-58.12,-47.985,b17a,0.0
2014-09-13,-58.073,-47.805,b17a,0.0
2014-09-14,-58.06,-47.717,b17a,0.0
2014-09-15,-58.055,-47.254,b17a,0.0
2014-09-16,-58.024,-47.138,b17a,0.0
2014-09-17,-58.0,-46.98,b17a,0.0
2014-09-18,-57.983,-46.883,b17a,0.0
2014-09-19,-57.899,-46.788,b17a,0.0
2014-09-20,-57.824,-46.721,b17a,0.0
2014-09-21,-57.83,-46.703,b17a,0.0
2014-09-22,-57.783,-46.717,b17a,0.0
2014-09-23,-57.718,-46.72,b17a,0.0
2014-09-24,-57.651,-46.665,b17a,0.0
2014-09-25,-57.587,-46.553,b17a,0.0
2014-09-26,-57.559,-46.451,b17a,0.0
2014-09-27,-57.591,-46.371,b17a,0.0
2014-09-28,-57.637,-46.234,b17a,0.0
2014-09-29,-57.602,-46.067,b17a,0.0
2014-09-30,-57.555,-45.887,b17a,0.0
2014-10-01,-57.507,-45.743,b17a,0.0
2014-10-02,-57.489,-45.639,b17a,0.0
2014-10-03,-57.447,-45.567,b17a,0.0
2014-10-04,-57.393,-45.367,b17a,0.0
2014-10-05,-57.325,-45.073,b17a,0.0
2014-10-06,-57.244,-44.798,b17a,0.0
2014-10-07,-57.149,-44.576,b17a,0.0
2014-10-08,-57.037,-44.372,b17a,0.0
2014-10-09,-56.917,-44.193,b17a,0.0
2014-10-10,-56.795,-44.046,b17a,0.0
2014-10-11,-56.66,-43.919,b17a,0.0
2014-10-12,-56.506,-43.787,b17a,0.0
2014-10-13,-56.351,-43.645,b17a,0.0
2014-10-14,-56.251,-43.558,b17a,0.0
2014-10-15,-56.173,-43.49,b17a,0.0
2014-10-16,-56.092,-43.391,b17a,0.0
2014-10-17,-56.058,-43.26,b17a,0.0
2014-10-18,-56.116,-43.221,b17a,0.0
2014-10-19,-56.171,-43.192,b17a,0.0
2014-10-20,-56.227,-43.044,b17a,0.0
2014-10-21,-56.337,-42.964,b17a,0.0
2014-10-22,-56.49,-42.844,b17a,0.0
2014-10-23,-56.51,-42.691,b17a,0.0
2014-10-24,-56.483,-42.501,b17a,0.0
2014-10-25,-56.44,-42.267,b17a,0.0
2014-10-26,-56.417,-42.008,b17a,0.0
2014-10-27,-56.432,-41.748,b17a,0.0
2014-10-28,-56.466,-41.495,b17a,0.0
2014-10-29,-56.485,-41.277,b17a,0.0
2014-10-30,-56.484,-41.102,b17a,0.0
2014-10-31,-56.521,-41.026,b17a,0.0
2014-11-01,-56.554,-40.98,b17a,0.0
2014-11-02,-56.486,-40.936,b17a,0.0
2014-11-03,-56.37,-40.886,b17a,0.0
2014-11-04,-56.3,-40.806,b17a,0.0
2014-11-05,-56.392,-40.606,b17a,0.0
2014-11-06,-56.363,-40.523,b17a,0.0
2014-11-07,-55.18,-36.38,b17a,0.0
2014-11-08,-55.18,-36.378,b17a,0.0
2014-11-09,-55.18,-36.374,b17a,0.0
2014-11-10,-55.18,-36.368,b17a,0.0
2014-11-11,-55.18,-36.362,b17a,0.0
2014-11-12,-55.18,-36.356,b17a,0.0
2014-11-13,-55.18,-36.352,b17a,0.0
2014-11-14,-55.18,-36.35,b17a,0.0
2014-11-15,-55.18,-36.35,b17a,0.0
2014-11-16,-55.18,-36.35,b17a,0.0
2014-11-17,-55.18,-36.35,b17a,0.0
2014-11-18,-55.18,-36.35,b17a,0.0
2014-11-19,-55.18,-36.35,b17a,0.0
2014-11-20,-55.18,-36.35,b17a,0.0
2014-11-21,-55.18,-36.35,b17a,0.0
2014-12-05,-55.18,-36.35,b17a,0.0
2014-12-06,-55.18,-36.35,b17a,0.0
2014-12-07,-55.18,-36.35,b17a,0.0
2014-12-08,-55.18,-36.35,b17a,0.0
2014-12-09,-55.18,-36.35,b17a,0.0
2014-12-10,-55.18,-36.35,b17a,0.0
2014-12-11,-55.18,-36.35,b17a,0.0
2014-12-12,-55.18,-36.35,b17a,0.0
2014-12-13,-55.18,-36.35,b17a,0.0
2014-12-14,-55.18,-36.35,b17a,0.0
2014-12-15,-55.18,-36.35,b17a,0.0
2014-12-16,-55.18,-36.35,b17a,0.0
2014-12-17,-55.18,-36.35,b17a,0.0
2014-12-18,-55.18,-36.35,b17a,0.0
2014-12-19,-55.18,-36.35,b17a,0.0
2014-12-20,-55.18,-36.35,b17a,0.0
2014-12-21,-55.18,-36.35,b17a,0.0
2014-12-22,-55.18,-36.35,b17a,0.0
2014-12-23,-55.18,-36.35,b17a,0.0
2014-12-24,-55.18,-36.35,b17a,0.0
2014-12-25,-55.18,-36.35,b17a,0.0
2014-12-26,-55.18,-36.35,b17a,0.0
2014-12-27,-55.182,-36.349,b17a,0.0
2014-12-28,-55.187,-36.347,b17a,0.0
2014-12-29,-55.194,-36.343,b17a,0.0
2014-12-30,-55.202,-36.339,b17a,0.0
2014-12-31,-55.21,-36.335,b17a,0.0
2015-01-01,-55.218,-36.331,b17a,0.0
2015-01-02,-55.144,-36.441,b17a,0.0
2015-01-03,-55.127,-36.448,b17a,0.0
2015-01-04,-55.133,-36.44,b17a,0.0
2015-01-05,-55.148,-36.418,b17a,0.0
2015-01-06,-55.168,-36.39,b17a,0.0
2015-01-07,-55.19,-36.362,b17a,0.0
2015-01-08,-55.21,-36.34,b17a,0.0
2015-01-09,-55.223,-36.332,b17a,0.0
2015-01-10,-55.23,-36.336,b17a,0.0
2015-01-11,-55.236,-36.342,b17a,0.0
2015-01-12,-55.246,-36.348,b17a,0.0
2015-01-13,-55.185,-36.287,b17a,0.0
2015-01-14,-55.207,-36.356,b17a,0.0
2015-01-15,-55.21,-36.46,b17a,0.0
2015-01-16,-55.129,-36.283,b17a,0.0
2015-01-17,-55.048,-36.107,b17a,0.0
2015-01-18,-55.048,-36.107,b17a,0.0
2015-01-19,-55.048,-36.107,b17a,0.0
2015-01-20,-55.132,-36.033,b17a,0.0
2015-01-21,-55.132,-36.033,b17a,0.0
2015-01-22,-55.132,-36.033,b17a,0.0
2015-01-23,-55.134,-36.04,b17a,0.0
2015-01-24,-55.138,-36.06,b17a,0.0
2015-01-25,-55.141,-36.089,b17a,0.0
2015-01-26,-55.145,-36.126,b17a,0.0
2015-01-27,-55.149,-36.169,b17a,0.0
2015-01-28,-55.153,-36.214,b17a,0.0
2015-01-29,-55.157,-36.259,b17a,0.0
2015-01-30,-55.161,-36.303,b17a,0.0
2015-01-31,-55.162,-36.342,b17a,0.0
2015-02-01,-55.16,-36.379,b17a,0.0
2015-02-02,-55.161,-36.375,b17a,0.0
2015-02-03,-55.165,-36.367,b17a,0.0
2015-02-04,-55.168,-36.36,b17a,0.0
2015-02-05,-55.17,-36.356,b17a,0.0
2015-02-06,-55.17,-36.356,b17a,0.0
2015-02-07,-55.17,-36.356,b17a,0.0
2015-02-08,-55.156,-36.374,b17a,0.0
2015-02-09,-55.184,-36.349,b17a,0.0
2015-02-10,-55.184,-36.35,b17a,0.0
2015-02-11,-55.171,-36.367,b17a,0.0
2015-02-12,-55.178,-36.392,b17a,0.0
2015-02-13,-55.175,-36.41,b17a,0.0
2015-02-14,-55.169,-36.424,b17a,0.0
2015-02-15,-55.162,-36.43,b17a,0.0
2015-02-16,-55.149,-36.42,b17a,0.0
2015-02-17,-55.168,-36.401,b17a,0.0
2015-02-18,-55.162,-36.43,b17a,0.0
2015-02-19,-55.168,-36.395,b17a,0.0
2015-02-20,-55.174,-36.36,b17a,0.0
2015-02-21,-55.174,-36.36,b17a,0.0
2015-02-22,-55.187,-36.371,b17a,0.0
2015-02-23,-55.187,-36.371,b17a,0.0
2015-02-24,-55.158,-36.343,b17a,0.0
2015-02-25,-55.158,-36.343,b17a,0.0
2015-02-26,-55.158,-36.343,b17a,0.0
2015-02-27,-55.17,-36.341,b17a,0.0
2015-02-28,-55.188,-36.339,b17a,0.0
2015-03-01,-55.183,-36.351,b17a,0.0
2015-03-02,-55.187,-36.329,b17a,0.0
2015-03-03,-55.19,-36.307,b17a,0.0
2015-03-04,-55.166,-36.323,b17a,0.0
2015-03-05,-55.166,-36.323,b17a,0.0
2015-03-06,-55.166,-36.323,b17a,0.0
2015-03-07,-55.169,-36.357,b17a,0.0
2015-03-08,-55.185,-36.36,b17a,0.0
2015-03-09,-55.185,-36.36,b17a,0.0
2015-03-10,-55.185,-36.36,b17a,0.0
2015-03-11,-55.185,-36.36,b17a,0.0
2015-03-12,-55.166,-36.352,b17a,0.0
2015-03-13,-55.187,-36.371,b17a,0.0
2015-03-14,-55.174,-36.346,b17a,0.0
2015-03-15,-55.174,-36.346,b17a,0.0
2015-03-16,-55.174,-36.346,b17a,0.0
2015-03-17,-55.174,-36.346,b17a,0.0
2015-03-18,-55.174,-36.346,b17a,0.0
2015-03-19,-55.174,-36.346,b17a,0.0
2015-03-20,-55.139,-36.361,b17a,0.0
2015-03-21,-55.174,-36.345,b17a,0.0
2015-03-22,-55.139,-36.372,b17a,0.0
2015-03-23,-55.056,-36.439,b17a,0.0
2015-03-24,-54.956,-36.518,b17a,0.0
2015-03-25,-54.873,-36.584,b17a,0.0
2015-03-26,-54.838,-36.612,b17a,0.0
2015-03-27,-54.838,-36.612,b17a,0.0
2015-03-28,-54.848,-36.566,b17a,0.0
2015-03-29,-54.873,-36.447,b17a,0.0
2015-03-30,-54.906,-36.252,b17a,0.0
2015-03-31,-54.943,-36.075,b17a,0.0
2015-04-01,-54.977,-35.913,b17a,0.0
2015-04-02,-55.002,-35.795,b17a,0.0
2015-04-03,-55.012,-35.749,b17a,0.0
2015-04-04,-55.012,-35.749,b17a,0.0
2015-04-05,-55.011,-35.752,b17a,0.0
2015-04-06,-55.008,-35.759,b17a,0.0
2015-04-07,-54.981,-35.835,b17a,0.0
2015-04-08,-54.972,-35.858,b17a,0.0
2015-04-09,-54.959,-35.893,b17a,0.0
2015-04-10,-54.94,-35.941,b17a,0.0
2015-04-11,-55.279,-34.857,b17a,0.0
2015-04-12,-55.279,-34.857,b17a,0.0
2015-04-13,-55.279,-34.857,b17a,0.0
2015-04-14,-54.871,-34.808,b17a,0.0
2015-04-15,-54.871,-34.808,b17a,0.0
2015-04-16,-54.871,-34.808,b17a,0.0
2015-04-17,-54.363,-35.024,b17a,0.0
2015-04-18,-54.14,-35.32,b17a,0.0
2015-04-19,-54.14,-35.32,b17a,0.0
2015-04-20,-53.738,-35.476,b17a,0.0
2015-04-21,-53.235,-36.022,b17a,0.0
2015-04-22,-53.235,-36.022,b17a,0.0
2015-04-23,-53.197,-36.319,b17a,0.0
2015-04-24,-53.564,-35.494,b17a,0.0
2015-04-25,-53.564,-35.494,b17a,0.0
2015-04-26,-53.473,-35.849,b17a,0.0
2015-04-27,-53.473,-35.849,b17a,0.0
2015-04-28,-52.879,-35.972,b17a,0.0
2015-04-29,-52.879,-35.972,b17a,0.0
2015-04-30,-52.879,-35.972,b17a,0.0
2015-05-01,-52.883,-36.242,b17a,0.0
2015-05-02,-52.883,-36.242,b17a,0.0
2015-05-03,-52.908,-36.348,b17a,0.0
2015-05-04,-52.908,-36.348,b17a,0.0
2015-05-05,-52.709,-36.448,b17a,0.0
2015-05-06,-52.709,-36.448,b17a,0.0
2015-05-07,-52.513,-36.758,b17a,0.0
2015-05-08,-52.513,-36.758,b17a,0.0
2015-05-09,-52.212,-37.011,b17a,0.0
2015-05-10,-52.325,-37.301,b17a,0.0
2015-05-11,-52.325,-37.301,b17a,0.0
2015-05-12,-52.325,-37.301,b17a,0.0
2015-05-13,-52.116,-37.194,b17a,0.0
2015-05-14,-52.116,-37.194,b17a,0.0
2015-05-15,-52.116,-37.194,b17a,0.0
2015-05-16,-52.048,-37.429,b17a,0.0
2015-05-17,-54.423,-36.836,b17a,0.0
2015-05-18,-54.423,-36.836,b17a,0.0
2015-05-19,-54.423,-36.836,b17a,0.0
2015-05-20,-54.423,-36.836,b17a,0.0
2015-05-21,-54.423,-36.836,b17a,0.0
2015-05-22,-54.423,-36.836,b17a,0.0
2015-05-23,-54.423,-36.836,b17a,0.0
2015-05-24,-54.423,-36.836,b17a,0.0
2015-05-25,-54.423,-36.836,b17a,0.0
2015-05-26,-54.423,-36.836,b17a,0.0
2015-05-27,-54.423,-36.836,b17a,0.0
2015-05-28,-54.423,-36.836,b17a,0.0
2015-05-29,-54.423,-36.836,b17a,0.0
2015-05-30,-54.423,-36.836,b17a,0.0
2015-05-31,-54.423,-36.836,b17a,0.0
2015-06-01,-54.423,-36.836,b17a,0.0
2015-06-02,-54.423,-36.836,b17a,0.0
2015-06-03,-54.423,-36.836,b17a,0.0
2015-06-04,-54.423,-36.836,b17a,0.0
2015-06-05,-54.423,-36.836,b17a,0.0
2015-06-06,-54.389,-36.832,b17a,0.0
2015-06-07,-54.344,-36.755,b17a,0.0
2015-06-08,-54.383,-36.725,b17a,0.0
2015-06-09,-54.383,-36.725,b17a,0.0
2015-06-10,-54.383,-36.725,b17a,0.0
2015-06-11,-54.359,-36.734,b17a,0.0
2015-06-12,-54.362,-36.678,b17a,0.0
2015-06-13,-54.362,-36.678,b17a,0.0
2015-06-14,-54.351,-36.764,b17a,0.0
2015-06-15,-54.351,-36.764,b17a,0.0
2015-06-16,-54.501,-36.454,b17a,0.0
2015-06-17,-54.383,-36.726,b17a,0.0
2015-06-18,-54.383,-36.726,b17a,0.0
2015-06-19,-54.341,-36.632,b17a,0.0
2015-06-20,-54.341,-36.632,b17a,0.0
2015-06-21,-54.341,-36.632,b17a,0.0
2015-06-22,-54.341,-36.632,b17a,0.0
2015-06-23,-54.341,-36.632,b17a,0.0
2015-06-24,-54.341,-36.632,b17a,0.0
2015-06-25,-54.341,-36.632,b17a,0.0
2015-06-26,-54.351,-36.645,b17a,0.0
2015-06-27,-54.351,-36.645,b17a,0.0
2015-06-28,-54.351,-36.645,b17a,0.0
2015-06-29,-54.351,-36.645,b17a,0.0
